customer_id,item_id,event_type,event_value,event_date
C00007,ITEM_036,play,3,2026-04-29
C00679,ITEM_016,play,3,2026-03-31
C00895,ITEM_071,view,1,2026-01-08
C00661,ITEM_040,view,1,2026-01-22
C00460,ITEM_025,play,3,2026-04-10
C00994,ITEM_035,view,1,2026-04-29
C00445,ITEM_062,view,1,2026-02-15
C00852,ITEM_028,view,1,2026-01-06
C00556,ITEM_066,view,1,2026-01-13
C00031,ITEM_018,view,1,2026-02-26
C00636,ITEM_025,view,1,2026-06-05
C00059,ITEM_011,view,1,2026-03-17
C01117,ITEM_069,view,1,2026-06-25
C00721,ITEM_069,view,1,2026-06-10
C00446,ITEM_016,play,3,2026-06-04
C00583,ITEM_042,view,1,2026-06-24
C00743,ITEM_063,play,3,2026-02-13
C00312,ITEM_048,view,1,2026-06-25
C00346,ITEM_051,view,1,2026-06-16
C00502,ITEM_020,play,3,2026-05-24
C00310,ITEM_002,play,3,2026-02-04
C00909,ITEM_074,play,3,2026-02-22
C00124,ITEM_073,play,3,2026-04-28
C00991,ITEM_074,play,3,2026-01-09
C00418,ITEM_003,play,3,2026-05-28
C00673,ITEM_053,play,3,2026-03-18
C00189,ITEM_020,play,3,2026-01-04
C00462,ITEM_025,view,1,2026-02-23
C00905,ITEM_033,view,1,2026-03-13
C00324,ITEM_018,view,1,2026-04-28
C00158,ITEM_047,view,1,2026-04-19
C00626,ITEM_047,play,3,2026-03-08
C00194,ITEM_074,view,1,2026-04-22
C00377,ITEM_066,view,1,2026-06-10
C00540,ITEM_056,play,3,2026-03-05
C00676,ITEM_077,view,1,2026-03-09
C00767,ITEM_034,play,3,2026-01-19
C00811,ITEM_005,view,1,2026-03-10
C01013,ITEM_070,view,1,2026-02-21
C00079,ITEM_026,view,1,2026-05-17
C00434,ITEM_035,view,1,2026-01-21
C00001,ITEM_031,view,1,2026-04-17
C00011,ITEM_072,view,1,2026-05-19
C00254,ITEM_029,view,1,2026-02-15
C00717,ITEM_054,view,1,2026-01-13
C01073,ITEM_053,play,3,2026-05-02
C00928,ITEM_044,view,1,2026-04-16
C00775,ITEM_043,view,1,2026-04-12
C00933,ITEM_005,view,1,2026-06-08
C00206,ITEM_071,purchase,5,2026-01-19
C01007,ITEM_026,play,3,2026-02-05
C01068,ITEM_017,purchase,5,2026-03-26
C00114,ITEM_017,purchase,5,2026-04-12
C00563,ITEM_031,view,1,2026-06-15
C00996,ITEM_049,play,3,2026-04-22
C00571,ITEM_043,view,1,2026-02-08
C01008,ITEM_066,play,3,2026-06-03
C01122,ITEM_065,view,1,2026-03-16
C00569,ITEM_026,view,1,2026-06-06
C00071,ITEM_065,purchase,5,2026-02-19
C00408,ITEM_054,play,3,2026-05-23
C00258,ITEM_068,purchase,5,2026-04-07
C00568,ITEM_000,view,1,2026-04-11
C00702,ITEM_041,view,1,2026-06-25
C00556,ITEM_050,view,1,2026-01-28
C00234,ITEM_019,view,1,2026-02-25
C00361,ITEM_052,view,1,2026-02-02
C00815,ITEM_058,view,1,2026-05-30
C00032,ITEM_011,play,3,2026-06-03
C00256,ITEM_076,view,1,2026-05-31
C01070,ITEM_075,play,3,2026-02-12
C00118,ITEM_022,play,3,2026-02-16
C00497,ITEM_015,view,1,2026-03-14
C00248,ITEM_015,view,1,2026-05-20
C00125,ITEM_002,view,1,2026-05-16
C00507,ITEM_001,view,1,2026-06-27
C00625,ITEM_024,play,3,2026-05-22
C00211,ITEM_053,view,1,2026-06-21
C00093,ITEM_054,view,1,2026-02-17
C00161,ITEM_043,purchase,5,2026-04-20
C00781,ITEM_052,play,3,2026-04-06
C01032,ITEM_010,play,3,2026-01-28
C00216,ITEM_079,view,1,2026-06-20
C00384,ITEM_015,purchase,5,2026-01-22
C00412,ITEM_029,view,1,2026-06-03
C00432,ITEM_052,view,1,2026-02-18
C00293,ITEM_010,play,3,2026-02-09
C00066,ITEM_034,play,3,2026-04-19
C00630,ITEM_074,view,1,2026-03-26
C00428,ITEM_018,view,1,2026-03-11
C00410,ITEM_049,view,1,2026-06-12
C00317,ITEM_048,play,3,2026-05-06
C01115,ITEM_006,play,3,2026-04-20
C00732,ITEM_004,view,1,2026-05-22
C00502,ITEM_011,view,1,2026-05-25
C00246,ITEM_001,play,3,2026-02-02
C00961,ITEM_042,play,3,2026-03-21
C01066,ITEM_020,view,1,2026-06-12
C00038,ITEM_047,view,1,2026-05-27
C01115,ITEM_023,purchase,5,2026-01-11
C00839,ITEM_028,view,1,2026-02-14
C00119,ITEM_008,view,1,2026-02-17
C00903,ITEM_063,view,1,2026-04-03
C00128,ITEM_009,view,1,2026-05-27
C00061,ITEM_073,play,3,2026-03-28
C00138,ITEM_013,view,1,2026-02-03
C00551,ITEM_079,view,1,2026-04-11
C00743,ITEM_057,view,1,2026-02-09
C00488,ITEM_065,play,3,2026-05-03
C00146,ITEM_064,view,1,2026-06-25
C00239,ITEM_035,view,1,2026-04-24
C01022,ITEM_014,view,1,2026-06-14
C01155,ITEM_054,view,1,2026-04-08
C00905,ITEM_052,purchase,5,2026-05-27
C00124,ITEM_064,play,3,2026-06-19
C00983,ITEM_018,play,3,2026-02-01
C00830,ITEM_065,view,1,2026-04-30
C00631,ITEM_070,view,1,2026-02-15
C00171,ITEM_058,purchase,5,2026-01-16
C01196,ITEM_021,view,1,2026-02-12
C00531,ITEM_019,play,3,2026-01-26
C00053,ITEM_010,view,1,2026-02-04
C00251,ITEM_066,view,1,2026-01-02
C00481,ITEM_035,view,1,2026-06-24
C00074,ITEM_024,view,1,2026-03-21
C00388,ITEM_012,view,1,2026-01-30
C00562,ITEM_039,view,1,2026-03-03
C01138,ITEM_015,view,1,2026-05-15
C00103,ITEM_066,view,1,2026-04-24
C00692,ITEM_027,play,3,2026-01-10
C01098,ITEM_035,view,1,2026-01-27
C00967,ITEM_052,play,3,2026-04-08
C01109,ITEM_055,view,1,2026-06-24
C00204,ITEM_009,view,1,2026-01-13
C00961,ITEM_006,view,1,2026-06-05
C01174,ITEM_022,purchase,5,2026-01-12
C00391,ITEM_059,view,1,2026-03-31
C00598,ITEM_068,purchase,5,2026-02-11
C00637,ITEM_077,view,1,2026-03-18
C00592,ITEM_021,play,3,2026-06-16
C00347,ITEM_061,play,3,2026-02-08
C01165,ITEM_013,purchase,5,2026-04-25
C01147,ITEM_015,view,1,2026-03-01
C00456,ITEM_042,purchase,5,2026-04-28
C00966,ITEM_007,view,1,2026-01-10
C00477,ITEM_002,play,3,2026-02-23
C00953,ITEM_079,view,1,2026-06-22
C00701,ITEM_064,view,1,2026-05-11
C00564,ITEM_054,view,1,2026-06-18
C00153,ITEM_017,play,3,2026-05-03
C00785,ITEM_006,view,1,2026-02-03
C00385,ITEM_010,view,1,2026-03-25
C00260,ITEM_033,view,1,2026-06-08
C00231,ITEM_064,play,3,2026-05-03
C01178,ITEM_047,view,1,2026-04-04
C00123,ITEM_067,play,3,2026-06-06
C00958,ITEM_072,view,1,2026-01-21
C01039,ITEM_058,play,3,2026-06-22
C00037,ITEM_007,play,3,2026-01-23
C00707,ITEM_018,play,3,2026-06-29
C00692,ITEM_026,play,3,2026-05-25
C00430,ITEM_042,view,1,2026-03-29
C00800,ITEM_063,view,1,2026-03-27
C00490,ITEM_077,play,3,2026-01-06
C00527,ITEM_078,view,1,2026-02-27
C00517,ITEM_038,view,1,2026-02-11
C00960,ITEM_079,play,3,2026-05-08
C00759,ITEM_075,view,1,2026-02-05
C00454,ITEM_013,view,1,2026-05-26
C01112,ITEM_054,purchase,5,2026-02-24
C00962,ITEM_035,view,1,2026-06-03
C01119,ITEM_067,view,1,2026-03-06
C00876,ITEM_069,view,1,2026-05-16
C00469,ITEM_015,view,1,2026-05-01
C00927,ITEM_048,play,3,2026-06-28
C00395,ITEM_074,play,3,2026-04-05
C00325,ITEM_053,view,1,2026-03-05
C00541,ITEM_068,view,1,2026-04-27
C01163,ITEM_057,view,1,2026-01-06
C00681,ITEM_062,view,1,2026-06-24
C00460,ITEM_067,play,3,2026-05-03
C00554,ITEM_075,view,1,2026-01-09
C00349,ITEM_015,view,1,2026-02-01
C00790,ITEM_063,play,3,2026-01-03
C00420,ITEM_030,play,3,2026-05-01
C00665,ITEM_046,view,1,2026-04-30
C00443,ITEM_052,play,3,2026-01-30
C00384,ITEM_051,view,1,2026-04-09
C01164,ITEM_015,view,1,2026-03-30
C00414,ITEM_065,view,1,2026-03-28
C00084,ITEM_057,play,3,2026-04-22
C00454,ITEM_059,purchase,5,2026-06-03
C00638,ITEM_049,view,1,2026-06-14
C00113,ITEM_047,view,1,2026-01-29
C00366,ITEM_022,play,3,2026-06-19
C00199,ITEM_047,view,1,2026-04-14
C00600,ITEM_022,view,1,2026-02-02
C00867,ITEM_070,view,1,2026-06-17
C01162,ITEM_004,purchase,5,2026-03-08
C00466,ITEM_000,play,3,2026-03-22
C01035,ITEM_058,purchase,5,2026-06-24
C00257,ITEM_057,view,1,2026-04-15
C00936,ITEM_044,view,1,2026-01-26
C00675,ITEM_045,view,1,2026-01-13
C00909,ITEM_002,view,1,2026-05-28
C00906,ITEM_067,view,1,2026-03-04
C00638,ITEM_067,play,3,2026-01-18
C00308,ITEM_016,play,3,2026-01-08
C00631,ITEM_001,play,3,2026-06-20
C00992,ITEM_042,view,1,2026-04-14
C01164,ITEM_020,view,1,2026-04-05
C01113,ITEM_010,view,1,2026-04-17
C00217,ITEM_009,view,1,2026-03-17
C00716,ITEM_052,view,1,2026-06-21
C00125,ITEM_028,view,1,2026-04-19
C00802,ITEM_061,purchase,5,2026-04-25
C01190,ITEM_025,view,1,2026-06-10
C00063,ITEM_049,view,1,2026-01-01
C00787,ITEM_021,view,1,2026-02-27
C01134,ITEM_044,play,3,2026-05-30
C01016,ITEM_055,view,1,2026-01-18
C00470,ITEM_027,view,1,2026-03-01
C00124,ITEM_071,view,1,2026-01-30
C01108,ITEM_051,view,1,2026-05-09
C01105,ITEM_016,view,1,2026-06-01
C00694,ITEM_071,view,1,2026-02-17
C01174,ITEM_039,view,1,2026-05-04
C00005,ITEM_057,play,3,2026-05-17
C00739,ITEM_027,view,1,2026-06-12
C00046,ITEM_001,view,1,2026-06-16
C01122,ITEM_045,view,1,2026-03-24
C00816,ITEM_040,play,3,2026-01-15
C01096,ITEM_057,view,1,2026-05-14
C00675,ITEM_058,view,1,2026-04-08
C00099,ITEM_055,view,1,2026-03-24
C00031,ITEM_040,purchase,5,2026-04-08
C00402,ITEM_000,view,1,2026-04-26
C00892,ITEM_047,purchase,5,2026-02-21
C00181,ITEM_075,purchase,5,2026-03-01
C01022,ITEM_072,view,1,2026-03-03
C00287,ITEM_006,view,1,2026-03-30
C00595,ITEM_069,view,1,2026-05-02
C00243,ITEM_011,purchase,5,2026-01-08
C00558,ITEM_006,view,1,2026-02-22
C00542,ITEM_002,view,1,2026-05-12
C00006,ITEM_040,view,1,2026-01-06
C00681,ITEM_014,play,3,2026-05-24
C00943,ITEM_049,view,1,2026-05-19
C01123,ITEM_037,view,1,2026-02-27
C00396,ITEM_068,view,1,2026-04-23
C01056,ITEM_016,view,1,2026-03-30
C01054,ITEM_021,play,3,2026-02-15
C01186,ITEM_041,play,3,2026-01-27
C00447,ITEM_011,view,1,2026-06-23
C01021,ITEM_036,view,1,2026-06-04
C00678,ITEM_047,play,3,2026-06-11
C00069,ITEM_049,view,1,2026-01-26
C00324,ITEM_037,view,1,2026-06-23
C00806,ITEM_008,view,1,2026-04-23
C00192,ITEM_020,play,3,2026-04-03
C00521,ITEM_005,purchase,5,2026-03-03
C00929,ITEM_075,play,3,2026-02-12
C00179,ITEM_046,view,1,2026-02-28
C00595,ITEM_025,play,3,2026-02-01
C00257,ITEM_024,view,1,2026-05-23
C00643,ITEM_004,play,3,2026-06-20
C00288,ITEM_037,view,1,2026-06-24
C01158,ITEM_004,view,1,2026-06-10
C00092,ITEM_056,view,1,2026-01-24
C01156,ITEM_016,view,1,2026-05-14
C00950,ITEM_008,view,1,2026-06-04
C01026,ITEM_009,view,1,2026-04-02
C01021,ITEM_002,play,3,2026-04-11
C00225,ITEM_031,play,3,2026-03-11
C01117,ITEM_004,view,1,2026-05-29
C00713,ITEM_006,view,1,2026-05-07
C01154,ITEM_017,view,1,2026-04-24
C01053,ITEM_044,view,1,2026-01-02
C00695,ITEM_017,view,1,2026-06-22
C00449,ITEM_032,play,3,2026-04-05
C00140,ITEM_034,purchase,5,2026-06-22
C00121,ITEM_047,view,1,2026-05-03
C00467,ITEM_003,play,3,2026-04-04
C00973,ITEM_079,play,3,2026-05-16
C00606,ITEM_007,view,1,2026-02-14
C00578,ITEM_079,play,3,2026-03-23
C00293,ITEM_022,view,1,2026-01-05
C00677,ITEM_033,view,1,2026-05-15
C00765,ITEM_005,purchase,5,2026-02-28
C01178,ITEM_029,play,3,2026-01-18
C00875,ITEM_071,view,1,2026-05-24
C00728,ITEM_054,view,1,2026-02-11
C01092,ITEM_049,purchase,5,2026-02-10
C00509,ITEM_029,view,1,2026-01-27
C01121,ITEM_074,purchase,5,2026-04-19
C00443,ITEM_062,play,3,2026-03-03
C00153,ITEM_020,view,1,2026-04-13
C00501,ITEM_048,play,3,2026-03-03
C00154,ITEM_031,play,3,2026-05-16
C00142,ITEM_015,play,3,2026-03-09
C01057,ITEM_052,view,1,2026-05-23
C00953,ITEM_033,view,1,2026-03-25
C00265,ITEM_007,view,1,2026-01-03
C01005,ITEM_069,view,1,2026-03-20
C00082,ITEM_048,play,3,2026-02-14
C00341,ITEM_044,play,3,2026-03-30
C00847,ITEM_079,view,1,2026-01-23
C00364,ITEM_056,view,1,2026-05-16
C00876,ITEM_078,view,1,2026-04-23
C01049,ITEM_056,play,3,2026-01-26
C00079,ITEM_013,view,1,2026-06-26
C00028,ITEM_038,play,3,2026-03-05
C01128,ITEM_040,view,1,2026-02-07
C00624,ITEM_023,view,1,2026-01-01
C00607,ITEM_024,purchase,5,2026-02-14
C00556,ITEM_047,view,1,2026-01-06
C00520,ITEM_032,view,1,2026-03-28
C00828,ITEM_009,play,3,2026-04-20
C00695,ITEM_046,view,1,2026-03-08
C00196,ITEM_047,purchase,5,2026-06-07
C00751,ITEM_065,purchase,5,2026-06-23
C00801,ITEM_008,play,3,2026-02-25
C00136,ITEM_036,view,1,2026-04-25
C00452,ITEM_072,view,1,2026-03-14
C00948,ITEM_021,play,3,2026-02-19
C00742,ITEM_059,view,1,2026-02-07
C00163,ITEM_027,purchase,5,2026-04-04
C00048,ITEM_014,play,3,2026-01-26
C00697,ITEM_056,view,1,2026-05-02
C00554,ITEM_062,view,1,2026-06-09
C01153,ITEM_073,play,3,2026-03-08
C00626,ITEM_058,view,1,2026-04-13
C01117,ITEM_024,view,1,2026-06-25
C00257,ITEM_058,play,3,2026-05-07
C00536,ITEM_002,view,1,2026-03-14
C00167,ITEM_026,view,1,2026-06-08
C00689,ITEM_017,play,3,2026-01-08
C00226,ITEM_041,play,3,2026-04-16
C00590,ITEM_055,view,1,2026-02-15
C00412,ITEM_046,purchase,5,2026-02-02
C00222,ITEM_014,purchase,5,2026-04-04
C00116,ITEM_030,view,1,2026-05-09
C00614,ITEM_007,view,1,2026-05-13
C01136,ITEM_044,play,3,2026-05-15
C00238,ITEM_059,view,1,2026-02-21
C00485,ITEM_019,play,3,2026-03-16
C00269,ITEM_042,view,1,2026-01-21
C00970,ITEM_069,view,1,2026-04-22
C00497,ITEM_009,view,1,2026-05-25
C01169,ITEM_076,view,1,2026-03-29
C00294,ITEM_026,purchase,5,2026-02-26
C00096,ITEM_026,view,1,2026-03-01
C00699,ITEM_057,purchase,5,2026-04-28
C00782,ITEM_027,view,1,2026-05-02
C01188,ITEM_032,play,3,2026-03-27
C01045,ITEM_017,purchase,5,2026-02-14
C01061,ITEM_010,view,1,2026-03-15
C00761,ITEM_069,view,1,2026-02-28
C00431,ITEM_007,play,3,2026-01-18
C00514,ITEM_013,play,3,2026-03-15
C00160,ITEM_065,view,1,2026-06-02
C00517,ITEM_063,view,1,2026-04-21
C00437,ITEM_017,play,3,2026-01-25
C00043,ITEM_066,view,1,2026-06-03
C00245,ITEM_058,play,3,2026-02-08
C00641,ITEM_025,view,1,2026-04-21
C00443,ITEM_006,view,1,2026-04-13
C01192,ITEM_062,play,3,2026-05-11
C00574,ITEM_054,view,1,2026-05-18
C01150,ITEM_036,purchase,5,2026-02-22
C00792,ITEM_021,view,1,2026-05-20
C00048,ITEM_027,view,1,2026-04-16
C00244,ITEM_021,view,1,2026-03-04
C00846,ITEM_071,view,1,2026-01-19
C00654,ITEM_016,play,3,2026-04-13
C00362,ITEM_036,play,3,2026-03-25
C00626,ITEM_051,play,3,2026-03-26
C01083,ITEM_004,view,1,2026-05-05
C00466,ITEM_040,view,1,2026-05-08
C00054,ITEM_050,view,1,2026-02-02
C00373,ITEM_042,play,3,2026-02-23
C01123,ITEM_052,view,1,2026-06-12
C00914,ITEM_039,view,1,2026-04-17
C01004,ITEM_050,view,1,2026-03-17
C01093,ITEM_078,view,1,2026-06-25
C00141,ITEM_028,play,3,2026-05-01
C00339,ITEM_028,view,1,2026-06-02
C00071,ITEM_054,purchase,5,2026-03-26
C00005,ITEM_007,view,1,2026-01-30
C01001,ITEM_023,view,1,2026-05-12
C01124,ITEM_013,view,1,2026-05-27
C00186,ITEM_037,play,3,2026-04-16
C00866,ITEM_009,view,1,2026-03-19
C00641,ITEM_017,view,1,2026-01-23
C00083,ITEM_034,play,3,2026-02-14
C01098,ITEM_049,view,1,2026-06-16
C01045,ITEM_034,view,1,2026-01-31
C00680,ITEM_064,view,1,2026-04-29
C00849,ITEM_063,view,1,2026-04-30
C00476,ITEM_007,play,3,2026-03-26
C00951,ITEM_055,play,3,2026-06-29
C00534,ITEM_002,play,3,2026-05-02
C01187,ITEM_013,play,3,2026-06-24
C00075,ITEM_060,play,3,2026-02-16
C00206,ITEM_046,view,1,2026-05-14
C01162,ITEM_025,view,1,2026-05-19
C00346,ITEM_012,view,1,2026-06-15
C00372,ITEM_025,purchase,5,2026-03-16
C00949,ITEM_062,purchase,5,2026-03-01
C00227,ITEM_045,play,3,2026-05-25
C00616,ITEM_010,view,1,2026-05-10
C00343,ITEM_038,view,1,2026-02-19
C00237,ITEM_016,play,3,2026-02-24
C01157,ITEM_009,view,1,2026-05-23
C00239,ITEM_006,view,1,2026-04-13
C00113,ITEM_060,view,1,2026-06-13
C00808,ITEM_012,view,1,2026-04-24
C01040,ITEM_014,play,3,2026-06-26
C00152,ITEM_069,purchase,5,2026-02-28
C00849,ITEM_066,play,3,2026-05-20
C00648,ITEM_040,view,1,2026-02-04
C00996,ITEM_061,view,1,2026-05-07
C00152,ITEM_001,purchase,5,2026-03-17
C01171,ITEM_013,view,1,2026-04-04
C00742,ITEM_028,view,1,2026-05-26
C01010,ITEM_060,play,3,2026-01-20
C00434,ITEM_007,view,1,2026-02-10
C01132,ITEM_052,view,1,2026-04-11
C00751,ITEM_005,play,3,2026-03-16
C00152,ITEM_078,view,1,2026-04-12
C01107,ITEM_016,view,1,2026-03-19
C00954,ITEM_056,view,1,2026-01-12
C00360,ITEM_049,purchase,5,2026-06-18
C00654,ITEM_031,play,3,2026-05-05
C00465,ITEM_061,play,3,2026-04-20
C00652,ITEM_049,view,1,2026-01-27
C01158,ITEM_036,purchase,5,2026-02-05
C01078,ITEM_052,play,3,2026-04-18
C00258,ITEM_022,view,1,2026-01-10
C01166,ITEM_059,view,1,2026-03-27
C00525,ITEM_056,play,3,2026-06-10
C00845,ITEM_037,play,3,2026-06-07
C00917,ITEM_052,play,3,2026-04-03
C00579,ITEM_066,purchase,5,2026-02-11
C00547,ITEM_051,play,3,2026-01-14
C00547,ITEM_022,view,1,2026-01-31
C01035,ITEM_022,view,1,2026-02-20
C00463,ITEM_077,play,3,2026-04-10
C00335,ITEM_064,view,1,2026-05-11
C00433,ITEM_024,view,1,2026-03-24
C00233,ITEM_057,play,3,2026-05-29
C00469,ITEM_003,view,1,2026-01-30
C00136,ITEM_055,play,3,2026-03-18
C00107,ITEM_016,view,1,2026-04-21
C00868,ITEM_024,view,1,2026-01-10
C00092,ITEM_074,view,1,2026-06-13
C00681,ITEM_011,play,3,2026-06-29
C00935,ITEM_063,play,3,2026-05-14
C00869,ITEM_032,view,1,2026-05-07
C00535,ITEM_035,view,1,2026-02-07
C00232,ITEM_036,view,1,2026-02-02
C01116,ITEM_072,play,3,2026-02-12
C01002,ITEM_040,purchase,5,2026-01-25
C00734,ITEM_019,play,3,2026-04-11
C00104,ITEM_000,view,1,2026-06-22
C00042,ITEM_018,play,3,2026-05-02
C00378,ITEM_012,view,1,2026-06-08
C00189,ITEM_010,view,1,2026-06-26
C01032,ITEM_079,view,1,2026-04-30
C00246,ITEM_035,view,1,2026-01-19
C00339,ITEM_079,view,1,2026-06-17
C01170,ITEM_041,play,3,2026-04-09
C00981,ITEM_017,view,1,2026-04-09
C00262,ITEM_011,play,3,2026-06-27
C00460,ITEM_060,purchase,5,2026-05-04
C00618,ITEM_009,view,1,2026-01-20
C00797,ITEM_004,view,1,2026-05-18
C01123,ITEM_031,play,3,2026-06-25
C01045,ITEM_025,view,1,2026-02-12
C01172,ITEM_018,view,1,2026-03-25
C00048,ITEM_041,view,1,2026-01-19
C00283,ITEM_045,play,3,2026-05-10
C00675,ITEM_034,play,3,2026-01-26
C00058,ITEM_041,play,3,2026-03-18
C00426,ITEM_053,play,3,2026-04-28
C00184,ITEM_012,view,1,2026-06-01
C01119,ITEM_029,play,3,2026-02-27
C00075,ITEM_001,play,3,2026-06-13
C00178,ITEM_077,view,1,2026-01-05
C00234,ITEM_051,purchase,5,2026-01-30
C00178,ITEM_064,play,3,2026-01-22
C00682,ITEM_061,view,1,2026-05-15
C00437,ITEM_000,view,1,2026-03-07
C01094,ITEM_039,view,1,2026-01-04
C00312,ITEM_069,play,3,2026-05-22
C00644,ITEM_046,view,1,2026-02-19
C00792,ITEM_047,view,1,2026-05-03
C00751,ITEM_076,view,1,2026-04-10
C00955,ITEM_059,play,3,2026-01-21
C00242,ITEM_061,play,3,2026-04-19
C00608,ITEM_063,play,3,2026-06-04
C00960,ITEM_026,view,1,2026-03-07
C01035,ITEM_077,view,1,2026-05-31
C00741,ITEM_068,play,3,2026-02-18
C00782,ITEM_002,view,1,2026-02-20
C01036,ITEM_043,view,1,2026-01-31
C00749,ITEM_019,purchase,5,2026-02-08
C01138,ITEM_041,view,1,2026-02-13
C00153,ITEM_064,play,3,2026-04-27
C00417,ITEM_055,play,3,2026-01-24
C00134,ITEM_063,play,3,2026-04-09
C00108,ITEM_034,view,1,2026-02-17
C00566,ITEM_006,view,1,2026-01-27
C00271,ITEM_070,view,1,2026-05-28
C00488,ITEM_006,view,1,2026-04-08
C00525,ITEM_013,view,1,2026-02-21
C00745,ITEM_057,view,1,2026-04-25
C01134,ITEM_033,play,3,2026-06-13
C01019,ITEM_038,view,1,2026-02-20
C00453,ITEM_005,view,1,2026-02-14
C00390,ITEM_013,view,1,2026-05-03
C00924,ITEM_056,view,1,2026-03-30
C00148,ITEM_045,view,1,2026-05-02
C00648,ITEM_021,view,1,2026-01-31
C00507,ITEM_032,purchase,5,2026-06-17
C00219,ITEM_034,purchase,5,2026-01-04
C00739,ITEM_073,play,3,2026-02-19
C00384,ITEM_070,view,1,2026-04-23
C00222,ITEM_038,play,3,2026-04-04
C00783,ITEM_014,play,3,2026-03-02
C00209,ITEM_045,view,1,2026-06-25
C00807,ITEM_000,view,1,2026-03-04
C00194,ITEM_051,play,3,2026-05-03
C00521,ITEM_046,purchase,5,2026-03-15
C00969,ITEM_071,view,1,2026-03-21
C00274,ITEM_035,view,1,2026-05-20
C00921,ITEM_044,view,1,2026-03-05
C00866,ITEM_004,view,1,2026-03-13
C01083,ITEM_065,play,3,2026-05-21
C00202,ITEM_023,view,1,2026-01-16
C00858,ITEM_060,purchase,5,2026-03-19
C01124,ITEM_019,play,3,2026-02-20
C00915,ITEM_027,view,1,2026-03-28
C00225,ITEM_020,play,3,2026-04-14
C00986,ITEM_071,play,3,2026-03-19
C00128,ITEM_063,view,1,2026-06-28
C00706,ITEM_056,view,1,2026-06-14
C00597,ITEM_024,play,3,2026-01-26
C00637,ITEM_058,view,1,2026-04-26
C00623,ITEM_039,view,1,2026-02-28
C00037,ITEM_057,view,1,2026-05-09
C00609,ITEM_021,view,1,2026-03-29
C01124,ITEM_043,play,3,2026-06-21
C00524,ITEM_076,view,1,2026-06-20
C00332,ITEM_006,play,3,2026-01-11
C01193,ITEM_061,view,1,2026-01-20
C00118,ITEM_055,play,3,2026-01-05
C00583,ITEM_033,view,1,2026-05-23
C00615,ITEM_072,purchase,5,2026-02-11
C00573,ITEM_058,purchase,5,2026-05-11
C01106,ITEM_042,view,1,2026-03-01
C00506,ITEM_025,play,3,2026-02-25
C01167,ITEM_054,view,1,2026-04-19
C00080,ITEM_006,play,3,2026-05-20
C00880,ITEM_020,play,3,2026-04-12
C00711,ITEM_034,view,1,2026-04-14
C00288,ITEM_017,view,1,2026-05-13
C00273,ITEM_045,view,1,2026-01-31
C00863,ITEM_069,play,3,2026-04-17
C00765,ITEM_027,play,3,2026-02-21
C00733,ITEM_032,view,1,2026-01-28
C00061,ITEM_032,view,1,2026-03-01
C00717,ITEM_057,view,1,2026-02-04
C01177,ITEM_057,view,1,2026-02-28
C00020,ITEM_018,view,1,2026-01-05
C00562,ITEM_071,view,1,2026-05-15
C00593,ITEM_051,play,3,2026-03-04
C01076,ITEM_071,view,1,2026-04-29
C00339,ITEM_070,play,3,2026-05-15
C00570,ITEM_046,view,1,2026-05-28
C00860,ITEM_056,view,1,2026-01-15
C00072,ITEM_050,play,3,2026-04-02
C00961,ITEM_048,view,1,2026-03-17
C00986,ITEM_042,view,1,2026-03-05
C00863,ITEM_018,purchase,5,2026-05-26
C00777,ITEM_029,play,3,2026-01-13
C00897,ITEM_056,play,3,2026-02-25
C00938,ITEM_059,view,1,2026-05-23
C01084,ITEM_037,view,1,2026-03-13
C00513,ITEM_008,view,1,2026-01-14
C00547,ITEM_010,purchase,5,2026-02-01
C00765,ITEM_071,play,3,2026-02-24
C00231,ITEM_010,view,1,2026-02-14
C01027,ITEM_022,purchase,5,2026-05-01
C00924,ITEM_005,view,1,2026-01-31
C00757,ITEM_017,view,1,2026-05-18
C00361,ITEM_067,view,1,2026-02-26
C00417,ITEM_021,view,1,2026-01-13
C00521,ITEM_066,purchase,5,2026-01-03
C00795,ITEM_064,play,3,2026-04-20
C00933,ITEM_056,view,1,2026-05-13
C00806,ITEM_021,view,1,2026-01-25
C01115,ITEM_079,view,1,2026-02-25
C01152,ITEM_048,view,1,2026-05-17
C00845,ITEM_061,view,1,2026-06-06
C00445,ITEM_027,view,1,2026-05-12
C00718,ITEM_053,view,1,2026-04-22
C00510,ITEM_052,view,1,2026-05-15
C00754,ITEM_047,view,1,2026-02-23
C00974,ITEM_047,purchase,5,2026-01-12
C00443,ITEM_056,view,1,2026-04-12
C00606,ITEM_079,view,1,2026-04-11
C00054,ITEM_069,view,1,2026-05-25
C00883,ITEM_024,play,3,2026-02-13
C00587,ITEM_071,view,1,2026-06-10
C00551,ITEM_027,view,1,2026-03-31
C00638,ITEM_019,play,3,2026-03-21
C00258,ITEM_015,play,3,2026-06-28
C00717,ITEM_056,view,1,2026-04-08
C00894,ITEM_037,view,1,2026-01-17
C00419,ITEM_066,purchase,5,2026-02-15
C00157,ITEM_066,view,1,2026-04-17
C00464,ITEM_043,view,1,2026-02-11
C00238,ITEM_016,view,1,2026-01-30
C00448,ITEM_008,view,1,2026-02-23
C00752,ITEM_076,play,3,2026-04-02
C00136,ITEM_024,play,3,2026-01-17
C00896,ITEM_001,view,1,2026-04-04
C00269,ITEM_031,view,1,2026-05-11
C01073,ITEM_064,view,1,2026-03-24
C00878,ITEM_007,play,3,2026-05-05
C00327,ITEM_055,view,1,2026-04-26
C00675,ITEM_033,view,1,2026-03-31
C00132,ITEM_072,play,3,2026-06-25
C00119,ITEM_035,view,1,2026-04-21
C01147,ITEM_041,view,1,2026-05-25
C00962,ITEM_036,view,1,2026-04-26
C00185,ITEM_054,play,3,2026-06-22
C00339,ITEM_005,view,1,2026-03-19
C00237,ITEM_003,play,3,2026-02-04
C00474,ITEM_046,play,3,2026-02-02
C00349,ITEM_031,play,3,2026-06-28
C00393,ITEM_013,view,1,2026-05-24
C00635,ITEM_061,play,3,2026-02-24
C00226,ITEM_059,view,1,2026-03-22
C01059,ITEM_008,purchase,5,2026-01-07
C00873,ITEM_014,play,3,2026-06-21
C00912,ITEM_062,view,1,2026-03-20
C00203,ITEM_038,play,3,2026-03-11
C00849,ITEM_024,view,1,2026-02-14
C01003,ITEM_042,view,1,2026-01-15
C00210,ITEM_028,view,1,2026-05-18
C00901,ITEM_007,view,1,2026-02-10
C00429,ITEM_051,play,3,2026-01-16
C00945,ITEM_055,play,3,2026-06-26
C00574,ITEM_006,view,1,2026-04-09
C00962,ITEM_019,play,3,2026-01-14
C00176,ITEM_049,play,3,2026-02-22
C00466,ITEM_060,play,3,2026-04-10
C00328,ITEM_073,view,1,2026-02-07
C00298,ITEM_048,view,1,2026-06-28
C00369,ITEM_007,play,3,2026-06-07
C00458,ITEM_028,view,1,2026-06-09
C00152,ITEM_020,view,1,2026-04-03
C00848,ITEM_079,view,1,2026-06-27
C00660,ITEM_001,view,1,2026-02-28
C00995,ITEM_030,view,1,2026-04-10
C00846,ITEM_041,view,1,2026-05-15
C00178,ITEM_023,play,3,2026-04-01
C00083,ITEM_058,purchase,5,2026-06-03
C00507,ITEM_010,view,1,2026-01-19
C00577,ITEM_074,view,1,2026-03-21
C00288,ITEM_032,play,3,2026-05-30
C00938,ITEM_029,view,1,2026-02-02
C00697,ITEM_073,purchase,5,2026-03-11
C00897,ITEM_011,view,1,2026-06-28
C00130,ITEM_037,view,1,2026-04-21
C00978,ITEM_002,view,1,2026-03-06
C00247,ITEM_040,view,1,2026-03-07
C00537,ITEM_026,play,3,2026-02-06
C00527,ITEM_059,view,1,2026-05-13
C00984,ITEM_040,play,3,2026-01-19
C00332,ITEM_050,play,3,2026-02-07
C00288,ITEM_072,play,3,2026-01-23
C00407,ITEM_076,play,3,2026-05-16
C00432,ITEM_017,view,1,2026-06-19
C00218,ITEM_040,view,1,2026-01-16
C00211,ITEM_062,play,3,2026-06-20
C00277,ITEM_010,view,1,2026-06-14
C00560,ITEM_038,view,1,2026-04-02
C00412,ITEM_044,view,1,2026-01-07
C00470,ITEM_069,view,1,2026-05-05
C00862,ITEM_007,play,3,2026-04-05
C00289,ITEM_069,view,1,2026-05-30
C01091,ITEM_019,play,3,2026-02-23
C00902,ITEM_068,purchase,5,2026-04-11
C00209,ITEM_052,view,1,2026-06-10
C00376,ITEM_032,play,3,2026-05-01
C00220,ITEM_010,view,1,2026-04-27
C00327,ITEM_027,view,1,2026-06-24
C00438,ITEM_059,view,1,2026-03-30
C00157,ITEM_016,view,1,2026-02-01
C00017,ITEM_053,view,1,2026-06-25
C00526,ITEM_018,view,1,2026-01-25
C00841,ITEM_006,view,1,2026-04-10
C00363,ITEM_049,view,1,2026-05-16
C01032,ITEM_064,play,3,2026-05-22
C00443,ITEM_076,view,1,2026-05-07
C01080,ITEM_040,play,3,2026-03-18
C00283,ITEM_048,purchase,5,2026-02-03
C00647,ITEM_054,play,3,2026-01-07
C00915,ITEM_032,view,1,2026-02-24
C00070,ITEM_002,play,3,2026-06-24
C01116,ITEM_019,play,3,2026-05-04
C00437,ITEM_030,purchase,5,2026-03-15
C00597,ITEM_052,purchase,5,2026-03-30
C00754,ITEM_024,view,1,2026-03-02
C00771,ITEM_016,view,1,2026-06-10
C00028,ITEM_072,play,3,2026-03-23
C01040,ITEM_007,view,1,2026-05-31
C00748,ITEM_063,view,1,2026-01-10
C01198,ITEM_007,play,3,2026-03-29
C00565,ITEM_025,play,3,2026-04-19
C00736,ITEM_068,view,1,2026-05-01
C00529,ITEM_067,view,1,2026-01-05
C01067,ITEM_030,view,1,2026-04-26
C00998,ITEM_001,view,1,2026-06-01
C01090,ITEM_075,purchase,5,2026-01-17
C00605,ITEM_071,play,3,2026-03-01
C00949,ITEM_039,view,1,2026-03-18
C00430,ITEM_002,view,1,2026-02-15
C00553,ITEM_055,play,3,2026-03-21
C00912,ITEM_062,play,3,2026-06-10
C00097,ITEM_066,view,1,2026-06-11
C00852,ITEM_058,view,1,2026-04-19
C00018,ITEM_069,view,1,2026-06-09
C00696,ITEM_040,play,3,2026-05-27
C00572,ITEM_013,view,1,2026-01-11
C00562,ITEM_055,view,1,2026-03-11
C00593,ITEM_017,purchase,5,2026-06-02
C00590,ITEM_050,play,3,2026-03-21
C00488,ITEM_012,purchase,5,2026-04-21
C00541,ITEM_003,view,1,2026-03-16
C00681,ITEM_035,view,1,2026-01-03
C00916,ITEM_047,purchase,5,2026-04-12
C00662,ITEM_012,purchase,5,2026-03-10
C00771,ITEM_062,purchase,5,2026-05-20
C01003,ITEM_052,play,3,2026-06-09
C01187,ITEM_064,view,1,2026-01-19
C00130,ITEM_029,view,1,2026-03-06
C00855,ITEM_052,view,1,2026-03-12
C00270,ITEM_077,purchase,5,2026-05-02
C00236,ITEM_014,view,1,2026-03-13
C00951,ITEM_065,play,3,2026-04-12
C00082,ITEM_050,purchase,5,2026-06-13
C01017,ITEM_057,purchase,5,2026-04-17
C00924,ITEM_050,purchase,5,2026-01-18
C01193,ITEM_055,view,1,2026-03-28
C00801,ITEM_062,view,1,2026-06-09
C01047,ITEM_003,purchase,5,2026-03-28
C00142,ITEM_002,view,1,2026-06-26
C01067,ITEM_006,view,1,2026-06-12
C00192,ITEM_074,purchase,5,2026-02-17
C00377,ITEM_034,play,3,2026-03-16
C00153,ITEM_079,view,1,2026-02-03
C00481,ITEM_073,view,1,2026-02-04
C00898,ITEM_027,view,1,2026-03-08
C00321,ITEM_007,purchase,5,2026-03-17
C00986,ITEM_067,view,1,2026-03-05
C00727,ITEM_033,view,1,2026-05-12
C00754,ITEM_023,view,1,2026-01-28
C01126,ITEM_063,play,3,2026-03-27
C00518,ITEM_038,purchase,5,2026-06-09
C00413,ITEM_025,view,1,2026-05-12
C01193,ITEM_031,view,1,2026-02-06
C00668,ITEM_074,view,1,2026-02-13
C00737,ITEM_024,view,1,2026-06-16
C00355,ITEM_074,view,1,2026-04-15
C00258,ITEM_047,view,1,2026-06-08
C00203,ITEM_004,view,1,2026-06-05
C00268,ITEM_009,view,1,2026-03-21
C00234,ITEM_049,view,1,2026-04-06
C00896,ITEM_010,view,1,2026-03-08
C00069,ITEM_011,view,1,2026-04-25
C00755,ITEM_037,play,3,2026-04-27
C01139,ITEM_035,view,1,2026-05-03
C00918,ITEM_075,view,1,2026-06-04
C00483,ITEM_071,purchase,5,2026-05-14
C00071,ITEM_074,view,1,2026-01-19
C01000,ITEM_005,play,3,2026-03-05
C00003,ITEM_064,view,1,2026-04-13
C00817,ITEM_074,play,3,2026-04-23
C00805,ITEM_048,view,1,2026-06-05
C00230,ITEM_079,view,1,2026-03-16
C00887,ITEM_064,play,3,2026-05-28
C00210,ITEM_053,play,3,2026-03-12
C00270,ITEM_032,view,1,2026-01-27
C00974,ITEM_028,play,3,2026-03-27
C01174,ITEM_031,view,1,2026-01-27
C00317,ITEM_020,purchase,5,2026-03-15
C01105,ITEM_046,play,3,2026-02-13
C01095,ITEM_034,view,1,2026-01-05
C00923,ITEM_023,play,3,2026-04-30
C00168,ITEM_014,purchase,5,2026-05-14
C00359,ITEM_041,play,3,2026-01-24
C00813,ITEM_001,view,1,2026-04-16
C01199,ITEM_029,play,3,2026-04-01
C00977,ITEM_005,play,3,2026-01-25
C00504,ITEM_026,view,1,2026-04-20
C00282,ITEM_053,play,3,2026-02-17
C01152,ITEM_051,view,1,2026-05-28
C00331,ITEM_001,play,3,2026-04-20
C00410,ITEM_056,play,3,2026-01-21
C01157,ITEM_024,view,1,2026-04-04
C00673,ITEM_038,purchase,5,2026-01-22
C00317,ITEM_054,view,1,2026-05-11
C00006,ITEM_002,view,1,2026-02-23
C00515,ITEM_013,view,1,2026-03-30
C01183,ITEM_013,view,1,2026-05-06
C00519,ITEM_026,play,3,2026-06-02
C00839,ITEM_001,view,1,2026-04-03
C00303,ITEM_002,purchase,5,2026-01-14
C00930,ITEM_040,purchase,5,2026-02-16
C00930,ITEM_008,play,3,2026-04-21
C00729,ITEM_034,view,1,2026-01-08
C00926,ITEM_018,play,3,2026-03-08
C00694,ITEM_079,view,1,2026-02-28
C00453,ITEM_010,play,3,2026-02-25
C00885,ITEM_038,view,1,2026-06-21
C01002,ITEM_037,purchase,5,2026-06-19
C01009,ITEM_059,view,1,2026-06-11
C00255,ITEM_010,view,1,2026-06-05
C00811,ITEM_077,purchase,5,2026-06-10
C00005,ITEM_024,view,1,2026-02-03
C00686,ITEM_002,play,3,2026-03-12
C00685,ITEM_057,purchase,5,2026-01-11
C00436,ITEM_043,view,1,2026-05-24
C01192,ITEM_052,view,1,2026-06-06
C01059,ITEM_072,view,1,2026-01-06
C00046,ITEM_030,play,3,2026-01-31
C00250,ITEM_072,purchase,5,2026-01-31
C00249,ITEM_074,view,1,2026-06-17
C01077,ITEM_043,play,3,2026-05-23
C00622,ITEM_062,view,1,2026-02-19
C00874,ITEM_002,view,1,2026-01-09
C00971,ITEM_048,play,3,2026-03-16
C00921,ITEM_006,play,3,2026-04-16
C00106,ITEM_034,view,1,2026-01-09
C00168,ITEM_059,view,1,2026-03-26
C00474,ITEM_004,view,1,2026-04-07
C00406,ITEM_032,view,1,2026-06-26
C00896,ITEM_033,view,1,2026-02-03
C00187,ITEM_019,play,3,2026-02-03
C00445,ITEM_043,view,1,2026-03-19
C00283,ITEM_064,view,1,2026-02-27
C00226,ITEM_079,play,3,2026-06-15
C00207,ITEM_072,view,1,2026-05-22
C00234,ITEM_076,view,1,2026-02-15
C00677,ITEM_016,purchase,5,2026-03-02
C00492,ITEM_008,view,1,2026-04-25
C00522,ITEM_014,view,1,2026-06-06
C00575,ITEM_078,view,1,2026-02-06
C00889,ITEM_017,view,1,2026-02-23
C01034,ITEM_060,view,1,2026-04-20
C00631,ITEM_032,view,1,2026-06-04
C00770,ITEM_054,view,1,2026-02-22
C00886,ITEM_060,play,3,2026-03-26
C00828,ITEM_072,view,1,2026-05-03
C00161,ITEM_006,view,1,2026-03-18
C01179,ITEM_026,view,1,2026-05-19
C00197,ITEM_009,purchase,5,2026-04-03
C00494,ITEM_031,view,1,2026-06-08
C00783,ITEM_029,play,3,2026-04-20
C00484,ITEM_069,view,1,2026-06-15
C00291,ITEM_056,purchase,5,2026-06-04
C01108,ITEM_008,view,1,2026-02-13
C00085,ITEM_035,view,1,2026-06-11
C00295,ITEM_056,view,1,2026-01-24
C01191,ITEM_059,view,1,2026-02-20
C00875,ITEM_064,play,3,2026-01-09
C00104,ITEM_017,play,3,2026-01-19
C00905,ITEM_070,play,3,2026-05-10
C01163,ITEM_072,view,1,2026-01-20
C00117,ITEM_017,play,3,2026-02-03
C00496,ITEM_052,view,1,2026-03-15
C00561,ITEM_054,purchase,5,2026-05-25
C00157,ITEM_070,play,3,2026-05-26
C00240,ITEM_006,view,1,2026-06-23
C00208,ITEM_018,play,3,2026-01-10
C00222,ITEM_068,view,1,2026-01-27
C00484,ITEM_002,view,1,2026-03-13
C00556,ITEM_038,view,1,2026-02-20
C00285,ITEM_023,play,3,2026-01-18
C00347,ITEM_049,view,1,2026-04-05
C00230,ITEM_037,view,1,2026-03-26
C00955,ITEM_068,play,3,2026-03-19
C00254,ITEM_006,view,1,2026-01-05
C01089,ITEM_040,play,3,2026-03-18
C00646,ITEM_041,view,1,2026-03-24
C00963,ITEM_040,view,1,2026-02-09
C00763,ITEM_006,play,3,2026-05-24
C00319,ITEM_037,view,1,2026-06-10
C00721,ITEM_070,play,3,2026-06-17
C00328,ITEM_048,view,1,2026-05-03
C00142,ITEM_008,play,3,2026-05-02
C00305,ITEM_057,view,1,2026-01-28
C00330,ITEM_074,play,3,2026-03-12
C00162,ITEM_064,view,1,2026-01-01
C00028,ITEM_007,view,1,2026-04-11
C01132,ITEM_002,view,1,2026-05-18
C00616,ITEM_014,view,1,2026-05-01
C00482,ITEM_027,view,1,2026-01-03
C01115,ITEM_074,view,1,2026-04-11
C00269,ITEM_034,view,1,2026-06-08
C00483,ITEM_077,play,3,2026-01-19
C01016,ITEM_007,view,1,2026-04-06
C00758,ITEM_060,view,1,2026-02-15
C00479,ITEM_060,view,1,2026-06-17
C00306,ITEM_076,view,1,2026-04-10
C00042,ITEM_041,play,3,2026-05-19
C00102,ITEM_048,purchase,5,2026-04-05
C00194,ITEM_000,view,1,2026-06-10
C00943,ITEM_070,play,3,2026-02-21
C00767,ITEM_050,view,1,2026-05-14
C00520,ITEM_056,purchase,5,2026-03-19
C00939,ITEM_027,view,1,2026-04-14
C00192,ITEM_006,view,1,2026-05-04
C00253,ITEM_058,view,1,2026-02-01
C00471,ITEM_058,view,1,2026-06-06
C01100,ITEM_014,play,3,2026-05-11
C00737,ITEM_065,view,1,2026-03-15
C01021,ITEM_000,view,1,2026-04-17
C00297,ITEM_052,view,1,2026-04-30
C01018,ITEM_006,purchase,5,2026-03-23
C00086,ITEM_060,play,3,2026-04-25
C00273,ITEM_035,purchase,5,2026-04-11
C00627,ITEM_026,play,3,2026-05-21
C00060,ITEM_059,purchase,5,2026-02-11
C01029,ITEM_064,view,1,2026-01-01
C01040,ITEM_048,view,1,2026-03-14
C00649,ITEM_058,view,1,2026-05-29
C00366,ITEM_001,view,1,2026-01-23
C00118,ITEM_065,play,3,2026-06-05
C00742,ITEM_047,view,1,2026-03-15
C00645,ITEM_012,view,1,2026-02-07
C00911,ITEM_038,play,3,2026-03-26
C00723,ITEM_050,view,1,2026-05-27
C00153,ITEM_063,view,1,2026-06-04
C00146,ITEM_041,view,1,2026-04-21
C00937,ITEM_020,play,3,2026-04-05
C00190,ITEM_020,view,1,2026-05-26
C01126,ITEM_057,view,1,2026-06-13
C00127,ITEM_068,view,1,2026-05-24
C00874,ITEM_050,play,3,2026-06-24
C01170,ITEM_063,view,1,2026-05-30
C00529,ITEM_049,view,1,2026-01-09
C00068,ITEM_039,purchase,5,2026-01-04
C01052,ITEM_032,play,3,2026-04-18
C00224,ITEM_039,view,1,2026-06-22
C00632,ITEM_001,view,1,2026-02-23
C01181,ITEM_046,view,1,2026-06-23
C00893,ITEM_015,play,3,2026-06-03
C00055,ITEM_072,view,1,2026-01-26
C00984,ITEM_067,purchase,5,2026-03-30
C00193,ITEM_039,play,3,2026-02-09
C00899,ITEM_049,view,1,2026-01-15
C00745,ITEM_003,view,1,2026-05-05
C00345,ITEM_046,play,3,2026-02-08
C00508,ITEM_068,play,3,2026-04-11
C00141,ITEM_042,play,3,2026-05-02
C01184,ITEM_068,view,1,2026-03-19
C00286,ITEM_006,play,3,2026-01-15
C00370,ITEM_077,play,3,2026-01-13
C00603,ITEM_027,purchase,5,2026-03-10
C00806,ITEM_002,view,1,2026-01-08
C00606,ITEM_049,view,1,2026-06-06
C00606,ITEM_049,view,1,2026-01-30
C00699,ITEM_010,play,3,2026-01-06
C01029,ITEM_027,purchase,5,2026-01-26
C00474,ITEM_073,view,1,2026-05-06
C00998,ITEM_015,view,1,2026-04-16
C00944,ITEM_005,view,1,2026-05-02
C01153,ITEM_065,view,1,2026-03-04
C01095,ITEM_054,play,3,2026-02-27
C00957,ITEM_039,view,1,2026-05-01
C00296,ITEM_024,view,1,2026-01-21
C00929,ITEM_069,purchase,5,2026-03-12
C00883,ITEM_069,view,1,2026-01-19
C00347,ITEM_000,view,1,2026-03-18
C00813,ITEM_066,view,1,2026-06-24
C00303,ITEM_037,view,1,2026-06-03
C00627,ITEM_026,view,1,2026-05-02
C00956,ITEM_027,play,3,2026-04-29
C00226,ITEM_036,view,1,2026-03-09
C00404,ITEM_045,play,3,2026-05-07
C00954,ITEM_076,view,1,2026-05-31
C00544,ITEM_002,view,1,2026-04-11
C01152,ITEM_048,view,1,2026-01-19
C00009,ITEM_005,view,1,2026-05-05
C00866,ITEM_000,view,1,2026-01-23
C00977,ITEM_024,play,3,2026-02-28
C01101,ITEM_062,view,1,2026-02-05
C00188,ITEM_027,play,3,2026-01-10
C01181,ITEM_028,view,1,2026-05-18
C00470,ITEM_072,view,1,2026-04-27
C00422,ITEM_022,view,1,2026-03-15
C00426,ITEM_061,view,1,2026-03-10
C00765,ITEM_066,play,3,2026-04-26
C00791,ITEM_051,play,3,2026-04-06
C00568,ITEM_077,view,1,2026-02-11
C00085,ITEM_078,view,1,2026-03-28
C01183,ITEM_004,play,3,2026-05-20
C00266,ITEM_013,view,1,2026-04-10
C00112,ITEM_031,view,1,2026-05-25
C00716,ITEM_053,view,1,2026-04-02
C00494,ITEM_022,view,1,2026-03-16
C00738,ITEM_050,play,3,2026-05-14
C01050,ITEM_071,view,1,2026-02-07
C00116,ITEM_000,view,1,2026-04-23
C00340,ITEM_069,play,3,2026-04-24
C00619,ITEM_038,view,1,2026-02-19
C00945,ITEM_072,play,3,2026-02-16
C00720,ITEM_054,view,1,2026-01-16
C00459,ITEM_003,view,1,2026-01-27
C00732,ITEM_072,view,1,2026-01-18
C01175,ITEM_004,view,1,2026-04-21
C00576,ITEM_020,view,1,2026-01-22
C01060,ITEM_044,play,3,2026-04-03
C00935,ITEM_072,play,3,2026-01-21
C00361,ITEM_013,play,3,2026-05-22
C00299,ITEM_043,view,1,2026-05-02
C00924,ITEM_009,purchase,5,2026-02-22
C00248,ITEM_027,view,1,2026-05-13
C00404,ITEM_020,play,3,2026-02-10
C00282,ITEM_034,play,3,2026-04-25
C00727,ITEM_056,view,1,2026-04-26
C00352,ITEM_057,view,1,2026-03-20
C00790,ITEM_053,play,3,2026-05-07
C01121,ITEM_002,play,3,2026-06-20
C00995,ITEM_062,view,1,2026-03-16
C01137,ITEM_051,play,3,2026-02-21
C00029,ITEM_005,view,1,2026-03-21
C00546,ITEM_075,view,1,2026-04-13
C00264,ITEM_061,play,3,2026-01-23
C01101,ITEM_055,play,3,2026-06-22
C00854,ITEM_039,view,1,2026-03-26
C00384,ITEM_063,view,1,2026-06-23
C00676,ITEM_025,view,1,2026-06-23
C00726,ITEM_057,view,1,2026-01-12
C00594,ITEM_048,view,1,2026-01-21
C00569,ITEM_048,view,1,2026-02-02
C00066,ITEM_063,play,3,2026-04-13
C00542,ITEM_013,view,1,2026-03-05
C00417,ITEM_008,view,1,2026-01-04
C00981,ITEM_044,view,1,2026-04-12
C01038,ITEM_064,view,1,2026-02-28
C00900,ITEM_020,view,1,2026-06-01
C00037,ITEM_045,view,1,2026-05-18
C01009,ITEM_076,view,1,2026-06-02
C00475,ITEM_049,view,1,2026-04-13
C00499,ITEM_006,view,1,2026-05-06
C01134,ITEM_070,play,3,2026-01-15
C01040,ITEM_078,view,1,2026-05-17
C00061,ITEM_056,view,1,2026-03-23
C00431,ITEM_048,view,1,2026-01-01
C00899,ITEM_046,view,1,2026-01-15
C00646,ITEM_049,view,1,2026-02-25
C00309,ITEM_026,play,3,2026-03-09
C00629,ITEM_051,view,1,2026-02-07
C01039,ITEM_040,view,1,2026-05-19
C00267,ITEM_063,view,1,2026-03-22
C00895,ITEM_066,view,1,2026-02-16
C00881,ITEM_056,purchase,5,2026-05-02
C01062,ITEM_079,view,1,2026-03-23
C00357,ITEM_035,view,1,2026-05-21
C00259,ITEM_060,view,1,2026-04-01
C00657,ITEM_027,view,1,2026-05-15
C00637,ITEM_063,view,1,2026-06-03
C00491,ITEM_021,view,1,2026-01-15
C00935,ITEM_055,view,1,2026-01-22
C00958,ITEM_001,view,1,2026-05-12
C00294,ITEM_061,view,1,2026-04-10
C00954,ITEM_023,view,1,2026-02-13
C00276,ITEM_019,view,1,2026-01-06
C00489,ITEM_026,play,3,2026-06-21
C00032,ITEM_033,view,1,2026-01-17
C00408,ITEM_010,purchase,5,2026-03-25
C01150,ITEM_044,purchase,5,2026-02-09
C00531,ITEM_009,view,1,2026-03-13
C00852,ITEM_043,view,1,2026-05-10
C00129,ITEM_029,play,3,2026-04-02
C00762,ITEM_047,view,1,2026-01-08
C00445,ITEM_012,view,1,2026-01-16
C00892,ITEM_077,view,1,2026-06-20
C01113,ITEM_001,view,1,2026-02-15
C00637,ITEM_068,play,3,2026-03-18
C00123,ITEM_028,play,3,2026-05-22
C00571,ITEM_066,play,3,2026-05-31
C00147,ITEM_047,play,3,2026-02-21
C00539,ITEM_066,play,3,2026-02-09
C00073,ITEM_044,view,1,2026-03-20
C00768,ITEM_063,purchase,5,2026-03-02
C00372,ITEM_052,purchase,5,2026-05-07
C00241,ITEM_054,play,3,2026-05-11
C00020,ITEM_045,play,3,2026-02-16
C01065,ITEM_020,view,1,2026-03-10
C01004,ITEM_067,view,1,2026-05-12
C00974,ITEM_068,play,3,2026-04-02
C00069,ITEM_057,view,1,2026-04-10
C00419,ITEM_022,view,1,2026-05-26
C01165,ITEM_032,view,1,2026-04-28
C00694,ITEM_057,view,1,2026-04-28
C00154,ITEM_014,view,1,2026-03-28
C00169,ITEM_008,view,1,2026-05-31
C00315,ITEM_032,view,1,2026-01-05
C01166,ITEM_043,view,1,2026-01-16
C00203,ITEM_071,view,1,2026-05-02
C01083,ITEM_025,view,1,2026-04-20
C00813,ITEM_017,play,3,2026-02-20
C01106,ITEM_056,view,1,2026-04-19
C00991,ITEM_070,view,1,2026-01-20
C00398,ITEM_068,view,1,2026-04-20
C00993,ITEM_050,view,1,2026-03-07
C00202,ITEM_001,play,3,2026-04-16
C00349,ITEM_052,view,1,2026-03-03
C00254,ITEM_009,view,1,2026-05-11
C00159,ITEM_062,play,3,2026-01-21
C00108,ITEM_074,view,1,2026-06-01
C00224,ITEM_048,play,3,2026-03-31
C00144,ITEM_019,purchase,5,2026-02-11
C00456,ITEM_023,view,1,2026-06-23
C00085,ITEM_058,purchase,5,2026-01-19
C00073,ITEM_060,view,1,2026-04-07
C01187,ITEM_065,view,1,2026-01-14
C00105,ITEM_008,view,1,2026-06-11
C00088,ITEM_059,view,1,2026-01-29
C00036,ITEM_076,view,1,2026-02-15
C00159,ITEM_002,view,1,2026-04-29
C00633,ITEM_034,view,1,2026-06-09
C00992,ITEM_058,view,1,2026-03-16
C00881,ITEM_042,view,1,2026-02-16
C00696,ITEM_076,view,1,2026-03-04
C00102,ITEM_054,view,1,2026-06-15
C00929,ITEM_029,view,1,2026-06-13
C00044,ITEM_049,play,3,2026-01-23
C00757,ITEM_056,view,1,2026-06-12
C00491,ITEM_062,play,3,2026-06-01
C01058,ITEM_022,view,1,2026-04-08
C00369,ITEM_073,view,1,2026-02-15
C00766,ITEM_079,purchase,5,2026-03-24
C00527,ITEM_017,view,1,2026-05-20
C00626,ITEM_016,view,1,2026-02-18
C01126,ITEM_030,view,1,2026-03-03
C00855,ITEM_024,view,1,2026-03-24
C00497,ITEM_014,view,1,2026-01-13
C00536,ITEM_013,view,1,2026-03-15
C00845,ITEM_056,view,1,2026-01-25
C00415,ITEM_076,purchase,5,2026-01-02
C00201,ITEM_007,view,1,2026-03-11
C00561,ITEM_045,view,1,2026-05-17
C00081,ITEM_022,play,3,2026-06-26
C00203,ITEM_019,view,1,2026-03-20
C00504,ITEM_045,play,3,2026-05-16
C00955,ITEM_010,view,1,2026-02-10
C00937,ITEM_006,play,3,2026-04-25
C00312,ITEM_069,purchase,5,2026-04-30
C00506,ITEM_035,view,1,2026-03-01
C00184,ITEM_005,play,3,2026-03-22
C00906,ITEM_070,play,3,2026-05-01
C00295,ITEM_051,play,3,2026-02-26
C00959,ITEM_059,view,1,2026-04-19
C01010,ITEM_048,view,1,2026-02-11
C00826,ITEM_037,view,1,2026-04-07
C00396,ITEM_061,purchase,5,2026-01-11
C01143,ITEM_027,view,1,2026-03-22
C00823,ITEM_054,view,1,2026-04-01
C00775,ITEM_070,play,3,2026-05-29
C01027,ITEM_066,view,1,2026-03-09
C01057,ITEM_044,view,1,2026-01-02
C00093,ITEM_003,view,1,2026-01-08
C01057,ITEM_001,play,3,2026-04-08
C00918,ITEM_034,view,1,2026-05-27
C00247,ITEM_053,view,1,2026-06-10
C00369,ITEM_006,view,1,2026-05-26
C00903,ITEM_032,view,1,2026-03-03
C00259,ITEM_032,view,1,2026-03-30
C00542,ITEM_036,view,1,2026-06-09
C00826,ITEM_044,play,3,2026-06-01
C00780,ITEM_022,view,1,2026-03-23
C01091,ITEM_047,view,1,2026-03-28
C00133,ITEM_036,view,1,2026-01-13
C00354,ITEM_073,view,1,2026-01-31
C01181,ITEM_025,play,3,2026-04-06
C00682,ITEM_073,view,1,2026-04-04
C00298,ITEM_076,play,3,2026-04-14
C00347,ITEM_024,play,3,2026-02-26
C00407,ITEM_032,play,3,2026-02-10
C00665,ITEM_055,play,3,2026-03-23
C00341,ITEM_036,view,1,2026-06-08
C00746,ITEM_057,purchase,5,2026-06-24
C00534,ITEM_020,play,3,2026-01-10
C00732,ITEM_076,view,1,2026-03-05
C00186,ITEM_055,view,1,2026-04-04
C00748,ITEM_006,view,1,2026-02-08
C01109,ITEM_019,view,1,2026-03-05
C00162,ITEM_049,view,1,2026-01-24
C00392,ITEM_023,play,3,2026-03-25
C00832,ITEM_032,view,1,2026-06-09
C00740,ITEM_051,view,1,2026-06-17
C00809,ITEM_027,view,1,2026-01-03
C00671,ITEM_072,view,1,2026-04-25
C00819,ITEM_049,view,1,2026-06-13
C00731,ITEM_033,play,3,2026-05-19
C00088,ITEM_022,view,1,2026-01-12
C00901,ITEM_023,purchase,5,2026-03-12
C00536,ITEM_002,play,3,2026-05-16
C00061,ITEM_006,play,3,2026-06-26
C00490,ITEM_062,view,1,2026-02-22
C00522,ITEM_061,play,3,2026-02-20
C00104,ITEM_006,purchase,5,2026-02-14
C01195,ITEM_044,play,3,2026-06-11
C00266,ITEM_026,view,1,2026-02-02
C00396,ITEM_055,play,3,2026-03-07
C00529,ITEM_047,view,1,2026-01-25
C00999,ITEM_063,view,1,2026-06-19
C00891,ITEM_049,play,3,2026-01-12
C00925,ITEM_015,play,3,2026-04-02
C00284,ITEM_053,view,1,2026-01-28
C01014,ITEM_066,view,1,2026-03-15
C00995,ITEM_079,play,3,2026-04-16
C00556,ITEM_056,view,1,2026-05-06
C00654,ITEM_032,view,1,2026-04-13
C00044,ITEM_040,play,3,2026-03-18
C00912,ITEM_010,play,3,2026-02-20
C01153,ITEM_050,view,1,2026-05-25
C00567,ITEM_011,view,1,2026-05-03
C00648,ITEM_020,view,1,2026-05-01
C00599,ITEM_040,view,1,2026-05-19
C00099,ITEM_038,play,3,2026-02-09
C00743,ITEM_030,play,3,2026-06-26
C00865,ITEM_051,view,1,2026-06-15
C01113,ITEM_073,view,1,2026-03-21
C01115,ITEM_073,view,1,2026-02-06
C00590,ITEM_040,view,1,2026-03-09
C01150,ITEM_044,view,1,2026-03-11
C00634,ITEM_036,view,1,2026-06-25
C00770,ITEM_071,play,3,2026-02-21
C00722,ITEM_068,view,1,2026-06-19
C01198,ITEM_004,play,3,2026-02-11
C00885,ITEM_063,view,1,2026-06-16
C00144,ITEM_002,play,3,2026-06-17
C00086,ITEM_057,purchase,5,2026-04-20
C00491,ITEM_027,view,1,2026-01-20
C00618,ITEM_042,view,1,2026-04-22
C00802,ITEM_062,play,3,2026-06-14
C00577,ITEM_018,view,1,2026-06-17
C00617,ITEM_010,view,1,2026-03-24
C01106,ITEM_045,view,1,2026-03-28
C00401,ITEM_067,play,3,2026-03-11
C00592,ITEM_009,view,1,2026-02-08
C00668,ITEM_031,view,1,2026-04-28
C00561,ITEM_042,view,1,2026-06-27
C01161,ITEM_018,play,3,2026-02-18
C01154,ITEM_068,view,1,2026-06-01
C00615,ITEM_047,play,3,2026-01-18
C00540,ITEM_041,play,3,2026-01-11
C00706,ITEM_011,view,1,2026-06-12
C00217,ITEM_005,view,1,2026-01-21
C00511,ITEM_013,play,3,2026-03-16
C00260,ITEM_002,play,3,2026-06-08
C00172,ITEM_042,view,1,2026-03-04
C00114,ITEM_068,view,1,2026-02-24
C00704,ITEM_060,view,1,2026-01-08
C00000,ITEM_017,view,1,2026-05-06
C00775,ITEM_015,view,1,2026-02-27
C00518,ITEM_042,view,1,2026-01-22
C00439,ITEM_062,view,1,2026-03-27
C00923,ITEM_062,play,3,2026-01-31
C00646,ITEM_041,play,3,2026-06-02
C00880,ITEM_020,play,3,2026-05-15
C00851,ITEM_038,play,3,2026-06-26
C00038,ITEM_058,play,3,2026-06-26
C00258,ITEM_070,view,1,2026-05-31
C00683,ITEM_006,play,3,2026-04-01
C01170,ITEM_061,view,1,2026-01-31
C00185,ITEM_059,view,1,2026-01-08
C00126,ITEM_017,purchase,5,2026-01-17
C01129,ITEM_005,play,3,2026-02-12
C01160,ITEM_024,view,1,2026-06-08
C00200,ITEM_022,play,3,2026-02-08
C00482,ITEM_009,view,1,2026-01-17
C00751,ITEM_020,view,1,2026-06-18
C00234,ITEM_015,view,1,2026-03-20
C00391,ITEM_071,view,1,2026-03-17
C00474,ITEM_006,play,3,2026-02-24
C00769,ITEM_042,view,1,2026-06-20
C00369,ITEM_026,view,1,2026-03-04
C00494,ITEM_067,purchase,5,2026-06-04
C00347,ITEM_037,view,1,2026-06-28
C00911,ITEM_046,view,1,2026-03-23
C00183,ITEM_031,view,1,2026-05-07
C00276,ITEM_064,view,1,2026-01-05
C00299,ITEM_053,view,1,2026-05-21
C01086,ITEM_044,view,1,2026-06-25
C01133,ITEM_031,play,3,2026-02-05
C00600,ITEM_035,view,1,2026-01-02
C00187,ITEM_020,view,1,2026-01-08
C00907,ITEM_052,view,1,2026-06-04
C00590,ITEM_023,play,3,2026-02-13
C01019,ITEM_022,view,1,2026-03-16
C00431,ITEM_037,view,1,2026-03-02
C01198,ITEM_073,purchase,5,2026-02-24
C00968,ITEM_035,view,1,2026-01-30
C00268,ITEM_072,view,1,2026-03-15
C00870,ITEM_042,view,1,2026-06-16
C00344,ITEM_005,view,1,2026-03-06
C00419,ITEM_046,purchase,5,2026-05-25
C00300,ITEM_073,view,1,2026-05-05
C00818,ITEM_070,view,1,2026-05-24
C00315,ITEM_014,view,1,2026-04-14
C00766,ITEM_021,view,1,2026-03-08
C00698,ITEM_054,view,1,2026-02-16
C00900,ITEM_034,play,3,2026-02-20
C01192,ITEM_065,view,1,2026-04-05
C00010,ITEM_041,play,3,2026-03-14
C01188,ITEM_019,play,3,2026-03-14
C00131,ITEM_026,view,1,2026-03-08
C00632,ITEM_009,play,3,2026-06-15
C00409,ITEM_022,play,3,2026-04-26
C00766,ITEM_060,view,1,2026-06-10
C00866,ITEM_017,view,1,2026-06-17
C01031,ITEM_035,view,1,2026-04-22
C00482,ITEM_014,view,1,2026-01-17
C01119,ITEM_038,play,3,2026-06-23
C00386,ITEM_077,view,1,2026-03-28
C00244,ITEM_060,view,1,2026-03-09
C00454,ITEM_061,view,1,2026-03-16
C00634,ITEM_020,view,1,2026-01-16
C00801,ITEM_024,play,3,2026-04-30
C00999,ITEM_007,play,3,2026-01-09
C00269,ITEM_073,play,3,2026-05-10
C00363,ITEM_076,view,1,2026-05-31
C01126,ITEM_027,view,1,2026-03-17
C00527,ITEM_055,play,3,2026-03-11
C00289,ITEM_016,view,1,2026-05-02
C01182,ITEM_052,play,3,2026-06-04
C00538,ITEM_007,view,1,2026-01-18
C01182,ITEM_026,view,1,2026-03-24
C01103,ITEM_031,view,1,2026-02-28
C01087,ITEM_079,play,3,2026-01-03
C00698,ITEM_037,view,1,2026-01-02
C00958,ITEM_017,play,3,2026-04-06
C01152,ITEM_003,view,1,2026-05-18
C00322,ITEM_014,view,1,2026-04-18
C00045,ITEM_019,play,3,2026-02-14
C00385,ITEM_025,view,1,2026-03-23
C00764,ITEM_010,view,1,2026-06-23
C00656,ITEM_059,purchase,5,2026-05-31
C00096,ITEM_030,play,3,2026-01-22
C00672,ITEM_018,view,1,2026-04-26
C00209,ITEM_042,play,3,2026-04-23
C00606,ITEM_025,view,1,2026-03-07
C00690,ITEM_054,view,1,2026-03-07
C00764,ITEM_042,view,1,2026-05-10
C00495,ITEM_074,view,1,2026-06-18
C00489,ITEM_051,view,1,2026-02-27
C00814,ITEM_029,view,1,2026-06-16
C00899,ITEM_011,play,3,2026-05-31
C00969,ITEM_008,view,1,2026-01-10
C00400,ITEM_052,view,1,2026-02-20
C00508,ITEM_002,play,3,2026-03-21
C00396,ITEM_030,purchase,5,2026-04-30
C00633,ITEM_001,view,1,2026-02-10
C00152,ITEM_027,purchase,5,2026-03-16
C00516,ITEM_070,play,3,2026-01-17
C00226,ITEM_006,view,1,2026-01-19
C00638,ITEM_077,view,1,2026-03-20
C01020,ITEM_077,view,1,2026-04-24
C01182,ITEM_069,play,3,2026-03-23
C00535,ITEM_055,view,1,2026-03-10
C00067,ITEM_014,view,1,2026-03-31
C00273,ITEM_007,play,3,2026-04-25
C00125,ITEM_073,view,1,2026-05-09
C00911,ITEM_029,view,1,2026-04-08
C01181,ITEM_035,play,3,2026-01-17
C00664,ITEM_006,purchase,5,2026-01-08
C00212,ITEM_004,play,3,2026-03-03
C00025,ITEM_043,view,1,2026-02-06
C01171,ITEM_032,view,1,2026-04-07
C00379,ITEM_056,view,1,2026-05-07
C00134,ITEM_066,view,1,2026-02-15
C00212,ITEM_004,view,1,2026-03-26
C00306,ITEM_077,purchase,5,2026-02-09
C00787,ITEM_073,play,3,2026-03-25
C01070,ITEM_045,view,1,2026-03-10
C00330,ITEM_029,view,1,2026-01-01
C00824,ITEM_013,view,1,2026-04-30
C00077,ITEM_018,view,1,2026-02-24
C00012,ITEM_056,play,3,2026-05-15
C00065,ITEM_010,view,1,2026-05-01
C01107,ITEM_077,play,3,2026-02-05
C00698,ITEM_011,view,1,2026-06-09
C00966,ITEM_060,view,1,2026-01-05
C00026,ITEM_067,purchase,5,2026-04-14
C00026,ITEM_023,view,1,2026-05-25
C01018,ITEM_038,view,1,2026-04-08
C00123,ITEM_046,play,3,2026-04-11
C00186,ITEM_063,view,1,2026-03-26
C00622,ITEM_004,view,1,2026-01-11
C00727,ITEM_018,view,1,2026-05-03
C00274,ITEM_011,view,1,2026-06-21
C00533,ITEM_025,view,1,2026-05-24
C00809,ITEM_053,view,1,2026-01-11
C00531,ITEM_033,play,3,2026-02-09
C00459,ITEM_039,play,3,2026-05-30
C00086,ITEM_036,view,1,2026-05-09
C00542,ITEM_000,view,1,2026-03-07
C00963,ITEM_007,view,1,2026-02-13
C00752,ITEM_018,view,1,2026-03-25
C01071,ITEM_003,view,1,2026-01-06
C00151,ITEM_065,play,3,2026-01-17
C00013,ITEM_079,view,1,2026-01-14
C00657,ITEM_038,view,1,2026-05-29
C00214,ITEM_053,play,3,2026-01-09
C00712,ITEM_004,play,3,2026-04-10
C01084,ITEM_004,view,1,2026-02-20
C00404,ITEM_048,view,1,2026-05-17
C00659,ITEM_061,purchase,5,2026-01-23
C00818,ITEM_074,view,1,2026-06-13
C00180,ITEM_028,play,3,2026-01-16
C01076,ITEM_033,play,3,2026-06-02
C00243,ITEM_063,view,1,2026-01-27
C00969,ITEM_011,view,1,2026-01-06
C00791,ITEM_075,view,1,2026-01-07
C00169,ITEM_023,view,1,2026-05-21
C00869,ITEM_002,view,1,2026-03-03
C00235,ITEM_063,play,3,2026-03-17
C00719,ITEM_077,play,3,2026-05-29
C01151,ITEM_038,purchase,5,2026-02-17
C01143,ITEM_013,purchase,5,2026-04-10
C01045,ITEM_012,play,3,2026-02-23
C00592,ITEM_023,view,1,2026-01-12
C00671,ITEM_042,view,1,2026-06-28
C00360,ITEM_050,view,1,2026-03-09
C01105,ITEM_055,view,1,2026-06-02
C00572,ITEM_057,view,1,2026-03-19
C00925,ITEM_019,view,1,2026-06-06
C00431,ITEM_013,view,1,2026-02-01
C00888,ITEM_076,view,1,2026-04-08
C00269,ITEM_010,play,3,2026-03-09
C00880,ITEM_040,view,1,2026-06-28
C00055,ITEM_022,view,1,2026-03-02
C00125,ITEM_058,view,1,2026-05-19
C00422,ITEM_026,view,1,2026-03-30
C00578,ITEM_008,view,1,2026-03-14
C00853,ITEM_025,view,1,2026-05-06
C00430,ITEM_008,view,1,2026-04-27
C00022,ITEM_013,play,3,2026-03-28
C00390,ITEM_037,view,1,2026-01-10
C00527,ITEM_077,purchase,5,2026-01-14
C00652,ITEM_016,play,3,2026-04-18
C00772,ITEM_063,view,1,2026-01-10
C00297,ITEM_041,view,1,2026-04-20
C00732,ITEM_078,view,1,2026-06-09
C00757,ITEM_041,play,3,2026-05-23
C00931,ITEM_008,play,3,2026-05-06
C00626,ITEM_032,play,3,2026-02-19
C00972,ITEM_006,play,3,2026-04-29
C00265,ITEM_017,view,1,2026-02-03
C00854,ITEM_042,play,3,2026-06-14
C00055,ITEM_072,view,1,2026-01-17
C00123,ITEM_049,play,3,2026-04-08
C01037,ITEM_029,view,1,2026-03-29
C00570,ITEM_050,play,3,2026-01-14
C00745,ITEM_019,view,1,2026-02-03
C00724,ITEM_007,view,1,2026-05-09
C00833,ITEM_058,view,1,2026-04-18
C00294,ITEM_067,purchase,5,2026-01-30
C00213,ITEM_048,view,1,2026-01-26
C00051,ITEM_039,view,1,2026-04-30
C01037,ITEM_036,view,1,2026-04-29
C00268,ITEM_029,view,1,2026-03-14
C00690,ITEM_077,play,3,2026-01-04
C00545,ITEM_040,purchase,5,2026-01-06
C00194,ITEM_069,play,3,2026-01-28
C00496,ITEM_003,play,3,2026-01-10
C00099,ITEM_028,view,1,2026-04-11
C00212,ITEM_017,view,1,2026-03-12
C00167,ITEM_009,view,1,2026-02-09
C00989,ITEM_079,play,3,2026-04-18
C00680,ITEM_004,view,1,2026-05-07
C01110,ITEM_044,play,3,2026-01-31
C00523,ITEM_017,view,1,2026-04-23
C00241,ITEM_006,view,1,2026-01-20
C00730,ITEM_078,view,1,2026-04-18
C01115,ITEM_023,play,3,2026-03-09
C00639,ITEM_028,play,3,2026-01-20
C00021,ITEM_014,view,1,2026-05-25
C00364,ITEM_054,play,3,2026-02-02
C01109,ITEM_073,play,3,2026-05-22
C00622,ITEM_027,view,1,2026-03-07
C01142,ITEM_064,play,3,2026-05-04
C00611,ITEM_032,view,1,2026-05-08
C00014,ITEM_043,view,1,2026-03-18
C01047,ITEM_064,view,1,2026-05-01
C00915,ITEM_076,view,1,2026-03-21
C00858,ITEM_048,view,1,2026-04-20
C01164,ITEM_029,view,1,2026-02-10
C00235,ITEM_037,view,1,2026-03-18
C01087,ITEM_069,play,3,2026-01-25
C00279,ITEM_028,view,1,2026-03-16
C01164,ITEM_037,view,1,2026-01-03
C00229,ITEM_062,view,1,2026-03-15
C00660,ITEM_067,view,1,2026-06-04
C00947,ITEM_035,play,3,2026-03-07
C00093,ITEM_072,play,3,2026-03-31
C00080,ITEM_068,view,1,2026-06-04
C01019,ITEM_037,play,3,2026-01-01
C00072,ITEM_022,view,1,2026-05-01
C00736,ITEM_014,purchase,5,2026-04-06
C01125,ITEM_009,view,1,2026-03-03
C00737,ITEM_015,view,1,2026-02-16
C00577,ITEM_005,view,1,2026-04-17
C00500,ITEM_023,view,1,2026-03-18
C00765,ITEM_079,view,1,2026-03-13
C00686,ITEM_017,view,1,2026-05-02
C00602,ITEM_030,view,1,2026-03-13
C00184,ITEM_031,play,3,2026-05-26
C00795,ITEM_041,play,3,2026-02-21
C00887,ITEM_040,view,1,2026-05-07
C00850,ITEM_046,play,3,2026-04-12
C00090,ITEM_006,view,1,2026-06-11
C00843,ITEM_025,purchase,5,2026-03-14
C00875,ITEM_072,view,1,2026-02-12
C00220,ITEM_078,play,3,2026-03-13
C01018,ITEM_000,purchase,5,2026-04-30
C00628,ITEM_050,play,3,2026-03-19
C00566,ITEM_011,play,3,2026-06-10
C00867,ITEM_042,view,1,2026-01-29
C00611,ITEM_000,play,3,2026-02-25
C00653,ITEM_060,view,1,2026-06-26
C00374,ITEM_078,view,1,2026-05-24
C01113,ITEM_009,purchase,5,2026-01-14
C01163,ITEM_032,view,1,2026-06-19
C00156,ITEM_015,view,1,2026-03-18
C00879,ITEM_015,purchase,5,2026-04-26
C00028,ITEM_063,view,1,2026-01-04
C00442,ITEM_009,view,1,2026-01-30
C01163,ITEM_009,view,1,2026-05-06
C00209,ITEM_029,play,3,2026-02-16
C00452,ITEM_024,play,3,2026-01-22
C00263,ITEM_078,view,1,2026-05-03
C00873,ITEM_031,play,3,2026-02-09
C00556,ITEM_043,view,1,2026-06-05
C00711,ITEM_008,play,3,2026-02-02
C01131,ITEM_028,play,3,2026-01-05
C00625,ITEM_016,purchase,5,2026-03-12
C00880,ITEM_029,view,1,2026-02-28
C00117,ITEM_024,view,1,2026-04-25
C00258,ITEM_009,view,1,2026-02-12
C01136,ITEM_044,view,1,2026-06-26
C01031,ITEM_041,view,1,2026-03-17
C00788,ITEM_041,view,1,2026-05-08
C00453,ITEM_033,view,1,2026-05-19
C00239,ITEM_041,purchase,5,2026-06-09
C01022,ITEM_058,view,1,2026-04-01
C00942,ITEM_020,view,1,2026-02-10
C00290,ITEM_015,play,3,2026-04-04
C00707,ITEM_054,view,1,2026-03-18
C00742,ITEM_010,view,1,2026-04-20
C00572,ITEM_028,view,1,2026-02-12
C01112,ITEM_046,view,1,2026-04-03
C00148,ITEM_046,view,1,2026-06-22
C00309,ITEM_059,play,3,2026-05-04
C00114,ITEM_037,view,1,2026-06-22
C00831,ITEM_039,view,1,2026-01-20
C00772,ITEM_003,view,1,2026-04-28
C01184,ITEM_063,view,1,2026-01-05
C00650,ITEM_018,view,1,2026-02-06
C00180,ITEM_067,purchase,5,2026-05-29
C00541,ITEM_051,view,1,2026-01-19
C00106,ITEM_073,view,1,2026-03-28
C00805,ITEM_070,view,1,2026-01-13
C00809,ITEM_030,play,3,2026-02-23
C01029,ITEM_031,play,3,2026-01-23
C00407,ITEM_072,view,1,2026-03-23
C00372,ITEM_070,play,3,2026-04-26
C00085,ITEM_056,view,1,2026-04-28
C00498,ITEM_073,play,3,2026-06-17
C00570,ITEM_049,view,1,2026-01-22
C00905,ITEM_001,play,3,2026-03-14
C00904,ITEM_044,play,3,2026-04-05
C00168,ITEM_029,play,3,2026-01-16
C00342,ITEM_001,view,1,2026-01-20
C00613,ITEM_044,play,3,2026-02-25
C00402,ITEM_044,play,3,2026-06-04
C00030,ITEM_058,view,1,2026-04-16
C01014,ITEM_062,view,1,2026-04-12
C00877,ITEM_025,view,1,2026-04-10
C00624,ITEM_079,view,1,2026-05-26
C00380,ITEM_035,play,3,2026-04-09
C01011,ITEM_034,view,1,2026-05-10
C00042,ITEM_014,play,3,2026-02-25
C00535,ITEM_079,play,3,2026-05-27
C00961,ITEM_031,play,3,2026-01-06
C01143,ITEM_013,play,3,2026-03-03
C00301,ITEM_067,view,1,2026-02-15
C00780,ITEM_076,view,1,2026-01-26
C00227,ITEM_017,view,1,2026-04-07
C00139,ITEM_047,play,3,2026-06-10
C00423,ITEM_072,purchase,5,2026-01-30
C01062,ITEM_053,view,1,2026-06-09
C00827,ITEM_034,purchase,5,2026-06-04
C00587,ITEM_045,purchase,5,2026-06-08
C00339,ITEM_008,view,1,2026-01-02
C00169,ITEM_078,play,3,2026-06-28
C00324,ITEM_041,play,3,2026-03-18
C00183,ITEM_003,view,1,2026-04-18
C00224,ITEM_027,view,1,2026-02-24
C00825,ITEM_032,view,1,2026-04-03
C00159,ITEM_079,play,3,2026-04-10
C00056,ITEM_070,view,1,2026-05-24
C00650,ITEM_024,play,3,2026-03-03
C00343,ITEM_013,play,3,2026-01-20
C00545,ITEM_003,play,3,2026-04-16
C00167,ITEM_045,view,1,2026-05-21
C00251,ITEM_035,view,1,2026-01-03
C00529,ITEM_041,view,1,2026-05-27
C00828,ITEM_021,view,1,2026-05-25
C00497,ITEM_064,view,1,2026-04-14
C00650,ITEM_041,view,1,2026-06-20
C00626,ITEM_073,view,1,2026-03-11
C00322,ITEM_019,view,1,2026-01-25
C00335,ITEM_020,view,1,2026-04-29
C00510,ITEM_046,view,1,2026-04-20
C00038,ITEM_055,play,3,2026-06-14
C00822,ITEM_023,view,1,2026-02-10
C00737,ITEM_043,purchase,5,2026-01-29
C00367,ITEM_040,play,3,2026-05-03
C00448,ITEM_053,view,1,2026-02-25
C00394,ITEM_050,purchase,5,2026-02-03
C00781,ITEM_016,play,3,2026-05-01
C00911,ITEM_009,play,3,2026-02-03
C00130,ITEM_021,view,1,2026-05-30
C00495,ITEM_010,view,1,2026-02-26
C00016,ITEM_043,view,1,2026-04-28
C00542,ITEM_040,play,3,2026-04-14
C00297,ITEM_000,view,1,2026-04-17
C00402,ITEM_065,view,1,2026-02-24
C00547,ITEM_057,view,1,2026-01-16
C00388,ITEM_037,view,1,2026-04-26
C00472,ITEM_012,view,1,2026-03-20
C00917,ITEM_012,view,1,2026-06-25
C00972,ITEM_074,play,3,2026-06-10
C00007,ITEM_018,view,1,2026-01-14
C00453,ITEM_068,view,1,2026-03-07
C01016,ITEM_053,view,1,2026-03-16
C00636,ITEM_049,view,1,2026-03-10
C00246,ITEM_066,view,1,2026-05-11
C00712,ITEM_071,view,1,2026-03-06
C00173,ITEM_021,purchase,5,2026-01-28
C00026,ITEM_078,purchase,5,2026-03-07
C00758,ITEM_010,play,3,2026-05-22
C00618,ITEM_061,play,3,2026-03-14
C00907,ITEM_030,view,1,2026-02-21
C00413,ITEM_050,view,1,2026-05-20
C01025,ITEM_066,view,1,2026-01-12
C00505,ITEM_035,play,3,2026-03-23
C00885,ITEM_006,view,1,2026-01-19
C00120,ITEM_065,view,1,2026-04-20
C00116,ITEM_010,view,1,2026-06-11
C00939,ITEM_056,view,1,2026-03-21
C01000,ITEM_035,play,3,2026-06-26
C01130,ITEM_037,view,1,2026-06-07
C00389,ITEM_020,view,1,2026-05-11
C00026,ITEM_040,view,1,2026-02-02
C01175,ITEM_014,play,3,2026-01-06
C00721,ITEM_018,view,1,2026-01-23
C00296,ITEM_037,view,1,2026-03-04
C00916,ITEM_063,play,3,2026-03-15
C01084,ITEM_041,view,1,2026-02-07
C00341,ITEM_070,play,3,2026-06-25
C00923,ITEM_021,view,1,2026-05-14
C00945,ITEM_001,purchase,5,2026-05-06
C00602,ITEM_024,view,1,2026-04-28
C00758,ITEM_008,view,1,2026-04-21
C00323,ITEM_041,purchase,5,2026-06-08
C01114,ITEM_079,view,1,2026-03-12
C01179,ITEM_039,play,3,2026-01-26
C01177,ITEM_014,view,1,2026-02-23
C00884,ITEM_046,view,1,2026-02-11
C00050,ITEM_058,view,1,2026-06-22
C00439,ITEM_069,view,1,2026-04-13
C00533,ITEM_038,play,3,2026-03-18
C01151,ITEM_033,view,1,2026-01-05
C00656,ITEM_041,view,1,2026-05-08
C00643,ITEM_017,view,1,2026-04-27
C00176,ITEM_008,view,1,2026-05-26
C00952,ITEM_061,view,1,2026-01-24
C00403,ITEM_011,purchase,5,2026-04-29
C00110,ITEM_055,view,1,2026-03-07
C01185,ITEM_046,view,1,2026-02-11
C00228,ITEM_037,view,1,2026-02-10
C00019,ITEM_030,view,1,2026-02-21
C00093,ITEM_078,view,1,2026-05-12
C00543,ITEM_063,play,3,2026-01-05
C00123,ITEM_013,view,1,2026-06-20
C01011,ITEM_077,play,3,2026-06-24
C00614,ITEM_010,view,1,2026-06-24
C00388,ITEM_064,view,1,2026-05-31
C00003,ITEM_034,play,3,2026-02-28
C00575,ITEM_032,play,3,2026-03-14
C00181,ITEM_040,purchase,5,2026-01-23
C01173,ITEM_038,view,1,2026-06-10
C00349,ITEM_010,purchase,5,2026-05-19
C00569,ITEM_012,play,3,2026-01-28
C00022,ITEM_058,play,3,2026-06-28
C00157,ITEM_055,play,3,2026-01-08
C00248,ITEM_031,purchase,5,2026-05-19
C00062,ITEM_035,view,1,2026-01-25
C00871,ITEM_030,play,3,2026-05-15
C01134,ITEM_068,play,3,2026-06-09
C01182,ITEM_005,play,3,2026-06-21
C00318,ITEM_052,play,3,2026-01-29
C00946,ITEM_024,view,1,2026-01-30
C00604,ITEM_013,view,1,2026-01-13
C00055,ITEM_012,view,1,2026-05-28
C00108,ITEM_032,play,3,2026-02-03
C00657,ITEM_011,play,3,2026-03-12
C00508,ITEM_054,play,3,2026-03-16
C00010,ITEM_026,play,3,2026-03-05
C01116,ITEM_068,view,1,2026-03-31
C00876,ITEM_011,view,1,2026-03-04
C00602,ITEM_028,play,3,2026-02-12
C01184,ITEM_030,play,3,2026-03-11
C01165,ITEM_053,play,3,2026-05-26
C01168,ITEM_023,play,3,2026-01-22
C00310,ITEM_013,purchase,5,2026-06-22
C01057,ITEM_032,view,1,2026-03-15
C00605,ITEM_072,play,3,2026-02-22
C00871,ITEM_065,view,1,2026-03-22
C01031,ITEM_046,view,1,2026-06-17
C00195,ITEM_079,view,1,2026-05-26
C00537,ITEM_061,view,1,2026-05-28
C00154,ITEM_061,view,1,2026-02-09
C00335,ITEM_031,play,3,2026-06-09
C00496,ITEM_039,view,1,2026-05-08
C01026,ITEM_075,view,1,2026-01-11
C01035,ITEM_074,view,1,2026-03-18
C00467,ITEM_057,view,1,2026-05-31
C00395,ITEM_007,play,3,2026-04-06
C00636,ITEM_012,view,1,2026-04-16
C01094,ITEM_036,view,1,2026-03-09
C01171,ITEM_044,purchase,5,2026-01-07
C00272,ITEM_049,play,3,2026-06-09
C00223,ITEM_021,play,3,2026-05-16
C00848,ITEM_062,play,3,2026-02-18
C00361,ITEM_066,view,1,2026-02-13
C00239,ITEM_016,play,3,2026-04-04
C00037,ITEM_062,view,1,2026-05-24
C00483,ITEM_012,view,1,2026-01-16
C00470,ITEM_039,view,1,2026-04-23
C00675,ITEM_070,play,3,2026-06-02
C00240,ITEM_024,view,1,2026-03-30
C00857,ITEM_054,view,1,2026-01-10
C00816,ITEM_068,view,1,2026-01-05
C00554,ITEM_039,play,3,2026-01-30
C00217,ITEM_068,view,1,2026-06-10
C00608,ITEM_051,view,1,2026-03-24
C00809,ITEM_040,view,1,2026-01-27
C00447,ITEM_009,play,3,2026-06-12
C00316,ITEM_057,view,1,2026-05-30
C00607,ITEM_024,purchase,5,2026-01-27
C00426,ITEM_022,view,1,2026-05-04
C00480,ITEM_073,view,1,2026-03-01
C00418,ITEM_027,view,1,2026-01-13
C00364,ITEM_028,view,1,2026-01-12
C00860,ITEM_075,view,1,2026-04-08
C00552,ITEM_023,view,1,2026-06-01
C00559,ITEM_058,play,3,2026-06-23
C00783,ITEM_041,view,1,2026-05-07
C00433,ITEM_005,view,1,2026-06-16
C00121,ITEM_046,view,1,2026-02-12
C01023,ITEM_036,view,1,2026-01-27
C00066,ITEM_058,view,1,2026-01-20
C00686,ITEM_031,view,1,2026-02-01
C00318,ITEM_019,view,1,2026-05-16
C00256,ITEM_018,view,1,2026-01-28
C00050,ITEM_042,purchase,5,2026-03-19
C01080,ITEM_079,play,3,2026-05-17
C00515,ITEM_036,purchase,5,2026-06-16
C00411,ITEM_010,view,1,2026-01-29
C00889,ITEM_065,play,3,2026-02-03
C00046,ITEM_025,view,1,2026-01-12
C00677,ITEM_033,view,1,2026-01-21
C00593,ITEM_067,play,3,2026-03-12
C00664,ITEM_008,view,1,2026-02-26
C00148,ITEM_010,view,1,2026-06-24
C01143,ITEM_016,play,3,2026-03-21
C00286,ITEM_030,view,1,2026-02-25
C00814,ITEM_068,view,1,2026-03-26
C00896,ITEM_050,view,1,2026-05-11
C00412,ITEM_062,view,1,2026-03-02
C00156,ITEM_026,purchase,5,2026-01-26
C00356,ITEM_033,view,1,2026-03-17
C00968,ITEM_032,view,1,2026-04-22
C01087,ITEM_009,view,1,2026-02-26
C01124,ITEM_044,purchase,5,2026-04-15
C00271,ITEM_026,play,3,2026-02-28
C00727,ITEM_076,view,1,2026-06-12
C00181,ITEM_055,purchase,5,2026-06-09
C00852,ITEM_069,view,1,2026-05-09
C00499,ITEM_015,play,3,2026-05-31
C00856,ITEM_008,view,1,2026-01-22
C00822,ITEM_034,view,1,2026-04-28
C01191,ITEM_045,view,1,2026-03-14
C00586,ITEM_044,purchase,5,2026-05-20
C00409,ITEM_052,purchase,5,2026-01-01
C00632,ITEM_066,view,1,2026-02-03
C00195,ITEM_026,view,1,2026-02-13
C00134,ITEM_023,view,1,2026-04-11
C00623,ITEM_021,view,1,2026-06-24
C00990,ITEM_029,view,1,2026-06-11
C00639,ITEM_047,view,1,2026-03-24
C00938,ITEM_064,play,3,2026-01-01
C00213,ITEM_033,view,1,2026-06-06
C00539,ITEM_033,purchase,5,2026-04-14
C00735,ITEM_072,view,1,2026-01-05
C00417,ITEM_027,view,1,2026-04-27
C00016,ITEM_013,view,1,2026-06-08
C00088,ITEM_027,view,1,2026-06-06
C01113,ITEM_003,play,3,2026-06-10
C00726,ITEM_029,play,3,2026-06-25
C00317,ITEM_071,view,1,2026-04-28
C00310,ITEM_064,view,1,2026-04-21
C00047,ITEM_071,play,3,2026-01-21
C01133,ITEM_024,view,1,2026-04-24
C00129,ITEM_033,view,1,2026-06-07
C00911,ITEM_067,play,3,2026-05-27
C00288,ITEM_060,view,1,2026-06-11
C00402,ITEM_014,view,1,2026-01-31
C00328,ITEM_067,play,3,2026-02-06
C00989,ITEM_008,purchase,5,2026-06-04
C00039,ITEM_020,view,1,2026-06-19
C00422,ITEM_042,view,1,2026-04-05
C00335,ITEM_052,play,3,2026-06-08
C00327,ITEM_063,view,1,2026-05-03
C00231,ITEM_058,view,1,2026-02-06
C01094,ITEM_022,view,1,2026-04-02
C00454,ITEM_028,play,3,2026-03-12
C00501,ITEM_057,view,1,2026-05-23
C00462,ITEM_075,view,1,2026-03-02
C01176,ITEM_069,view,1,2026-02-01
C00406,ITEM_077,view,1,2026-03-31
C00410,ITEM_054,purchase,5,2026-03-31
C00393,ITEM_038,view,1,2026-06-10
C00392,ITEM_061,view,1,2026-01-02
C00107,ITEM_006,purchase,5,2026-06-07
C00725,ITEM_074,view,1,2026-02-08
C00030,ITEM_073,view,1,2026-02-01
C00271,ITEM_040,view,1,2026-03-17
C00242,ITEM_041,play,3,2026-04-10
C00349,ITEM_042,play,3,2026-06-17
C00907,ITEM_011,play,3,2026-04-07
C00719,ITEM_016,view,1,2026-01-27
C01188,ITEM_058,view,1,2026-03-23
C00421,ITEM_002,view,1,2026-06-15
C01114,ITEM_054,purchase,5,2026-05-09
C00053,ITEM_024,view,1,2026-02-09
C00605,ITEM_011,play,3,2026-04-27
C00958,ITEM_047,play,3,2026-05-13
C00638,ITEM_021,view,1,2026-02-19
C01119,ITEM_035,view,1,2026-04-06
C00377,ITEM_069,view,1,2026-03-04
C00039,ITEM_055,view,1,2026-02-02
C00928,ITEM_077,purchase,5,2026-06-09
C00081,ITEM_031,view,1,2026-02-27
C00917,ITEM_032,purchase,5,2026-02-28
C00880,ITEM_054,view,1,2026-01-19
C01013,ITEM_010,view,1,2026-03-21
C00574,ITEM_068,purchase,5,2026-04-26
C01074,ITEM_028,play,3,2026-06-25
C00203,ITEM_037,view,1,2026-05-20
C00521,ITEM_040,play,3,2026-06-04
C00146,ITEM_005,play,3,2026-06-27
C00920,ITEM_024,play,3,2026-05-06
C00857,ITEM_011,play,3,2026-06-04
C00967,ITEM_048,view,1,2026-02-24
C00917,ITEM_056,view,1,2026-05-09
C00370,ITEM_000,view,1,2026-04-24
C00081,ITEM_000,view,1,2026-03-23
C01115,ITEM_065,view,1,2026-04-26
C00591,ITEM_026,view,1,2026-05-10
C00113,ITEM_067,view,1,2026-03-16
C01112,ITEM_052,view,1,2026-06-01
C01193,ITEM_062,view,1,2026-01-07
C00534,ITEM_030,view,1,2026-02-28
C00924,ITEM_024,view,1,2026-03-07
C00043,ITEM_057,play,3,2026-05-30
C00111,ITEM_050,view,1,2026-04-02
C00331,ITEM_045,view,1,2026-06-17
C00787,ITEM_029,view,1,2026-06-21
C00160,ITEM_049,view,1,2026-03-24
C00041,ITEM_031,view,1,2026-05-11
C00802,ITEM_071,view,1,2026-02-14
C00924,ITEM_056,play,3,2026-01-20
C00887,ITEM_031,play,3,2026-03-30
C00959,ITEM_067,view,1,2026-02-24
C00963,ITEM_005,view,1,2026-05-12
C00722,ITEM_066,view,1,2026-04-04
C00623,ITEM_033,view,1,2026-01-25
C01028,ITEM_018,view,1,2026-03-23
C00417,ITEM_066,play,3,2026-03-14
C00117,ITEM_052,view,1,2026-01-01
C00902,ITEM_005,play,3,2026-04-09
C00331,ITEM_021,view,1,2026-06-18
C01174,ITEM_036,view,1,2026-06-11
C00497,ITEM_050,play,3,2026-06-12
C01022,ITEM_064,view,1,2026-06-10
C00050,ITEM_029,view,1,2026-06-16
C00791,ITEM_064,view,1,2026-01-18
C00537,ITEM_063,play,3,2026-03-19
C00555,ITEM_030,view,1,2026-04-09
C00318,ITEM_074,purchase,5,2026-05-31
C01165,ITEM_075,purchase,5,2026-03-09
C00471,ITEM_023,play,3,2026-05-08
C01020,ITEM_044,view,1,2026-05-21
C00510,ITEM_069,play,3,2026-04-03
C00057,ITEM_043,view,1,2026-02-13
C01055,ITEM_059,play,3,2026-01-14
C00222,ITEM_063,view,1,2026-03-22
C00324,ITEM_045,view,1,2026-01-31
C01033,ITEM_028,view,1,2026-04-26
C01072,ITEM_041,play,3,2026-02-12
C01100,ITEM_066,play,3,2026-06-07
C00511,ITEM_025,view,1,2026-06-11
C00908,ITEM_067,view,1,2026-05-31
C00393,ITEM_016,play,3,2026-04-30
C00888,ITEM_036,play,3,2026-01-21
C00603,ITEM_006,play,3,2026-06-26
C00062,ITEM_068,view,1,2026-01-12
C00501,ITEM_056,play,3,2026-04-12
C00561,ITEM_009,play,3,2026-05-25
C00308,ITEM_017,view,1,2026-01-16
C00449,ITEM_042,view,1,2026-03-31
C00603,ITEM_039,view,1,2026-03-27
C00059,ITEM_009,view,1,2026-02-05
C00182,ITEM_071,play,3,2026-01-21
C00920,ITEM_036,view,1,2026-06-13
C00422,ITEM_053,view,1,2026-06-12
C00730,ITEM_060,view,1,2026-01-17
C00678,ITEM_013,play,3,2026-02-20
C00661,ITEM_026,play,3,2026-03-12
C00496,ITEM_058,view,1,2026-02-05
C00579,ITEM_061,play,3,2026-01-12
C00988,ITEM_017,view,1,2026-04-03
C01158,ITEM_025,play,3,2026-03-21
C00308,ITEM_062,play,3,2026-05-26
C00803,ITEM_027,view,1,2026-02-23
C01163,ITEM_006,purchase,5,2026-04-02
C00009,ITEM_039,view,1,2026-02-26
C00941,ITEM_011,play,3,2026-01-07
C00596,ITEM_047,view,1,2026-05-11
C01161,ITEM_074,play,3,2026-05-14
C00693,ITEM_008,view,1,2026-04-30
C01005,ITEM_022,view,1,2026-01-07
C00199,ITEM_045,view,1,2026-05-06
C00170,ITEM_012,purchase,5,2026-04-19
C01111,ITEM_042,view,1,2026-03-21
C00631,ITEM_017,view,1,2026-04-22
C00670,ITEM_050,view,1,2026-01-20
C00203,ITEM_028,play,3,2026-02-07
C00272,ITEM_074,view,1,2026-01-24
C00981,ITEM_067,view,1,2026-03-22
C00363,ITEM_079,purchase,5,2026-06-11
C00700,ITEM_012,view,1,2026-01-02
C00379,ITEM_075,view,1,2026-03-22
C00316,ITEM_001,play,3,2026-02-21
C00199,ITEM_017,view,1,2026-06-18
C01115,ITEM_069,view,1,2026-04-22
C01128,ITEM_068,view,1,2026-02-09
C00138,ITEM_023,play,3,2026-02-21
C00423,ITEM_067,purchase,5,2026-04-15
C00676,ITEM_006,play,3,2026-01-09
C00459,ITEM_026,play,3,2026-01-13
C00865,ITEM_002,view,1,2026-05-02
C00312,ITEM_041,view,1,2026-05-25
C00070,ITEM_071,view,1,2026-05-14
C00404,ITEM_049,view,1,2026-01-31
C00717,ITEM_041,view,1,2026-06-05
C00216,ITEM_015,play,3,2026-02-10
C00979,ITEM_048,view,1,2026-06-07
C00014,ITEM_025,view,1,2026-02-23
C00081,ITEM_049,view,1,2026-03-31
C00610,ITEM_010,view,1,2026-06-22
C00614,ITEM_041,view,1,2026-03-15
C00353,ITEM_039,view,1,2026-05-01
C00310,ITEM_061,view,1,2026-04-16
C00083,ITEM_072,view,1,2026-01-14
C00795,ITEM_072,play,3,2026-05-23
C00454,ITEM_027,play,3,2026-03-06
C00142,ITEM_051,play,3,2026-03-27
C00479,ITEM_052,play,3,2026-02-24
C01124,ITEM_067,purchase,5,2026-06-29
C00313,ITEM_064,view,1,2026-04-10
C01073,ITEM_000,play,3,2026-04-25
C00310,ITEM_064,view,1,2026-04-05
C00223,ITEM_038,view,1,2026-02-25
C00312,ITEM_076,view,1,2026-04-16
C00387,ITEM_048,view,1,2026-05-23
C00144,ITEM_030,play,3,2026-01-18
C00705,ITEM_016,view,1,2026-01-28
C00400,ITEM_075,play,3,2026-01-30
C00861,ITEM_012,play,3,2026-06-18
C00589,ITEM_007,view,1,2026-04-14
C00531,ITEM_010,view,1,2026-03-03
C00565,ITEM_044,view,1,2026-02-05
C00187,ITEM_022,view,1,2026-05-04
C00855,ITEM_046,purchase,5,2026-04-05
C00124,ITEM_065,play,3,2026-04-23
C00865,ITEM_023,play,3,2026-05-09
C01199,ITEM_002,view,1,2026-01-18
C00916,ITEM_028,play,3,2026-05-03
C00546,ITEM_048,play,3,2026-05-10
C00377,ITEM_058,view,1,2026-02-19
C01047,ITEM_005,view,1,2026-02-26
C00308,ITEM_070,view,1,2026-04-17
C00578,ITEM_047,view,1,2026-03-10
C00925,ITEM_038,play,3,2026-06-17
C01106,ITEM_020,view,1,2026-01-18
C01105,ITEM_076,view,1,2026-01-31
C00105,ITEM_012,purchase,5,2026-05-26
C01077,ITEM_035,view,1,2026-05-03
C00136,ITEM_037,view,1,2026-06-04
C00701,ITEM_043,purchase,5,2026-01-05
C01115,ITEM_018,purchase,5,2026-01-25
C00785,ITEM_075,play,3,2026-05-31
C01136,ITEM_030,view,1,2026-05-27
C00413,ITEM_056,purchase,5,2026-05-29
C00377,ITEM_050,play,3,2026-06-11
C00391,ITEM_016,play,3,2026-02-11
C00426,ITEM_074,view,1,2026-01-18
C00819,ITEM_036,view,1,2026-02-23
C00542,ITEM_049,play,3,2026-06-29
C00884,ITEM_051,play,3,2026-04-04
C00499,ITEM_040,view,1,2026-01-01
C00369,ITEM_051,view,1,2026-05-14
C00228,ITEM_044,play,3,2026-06-01
C00661,ITEM_059,view,1,2026-01-23
C01078,ITEM_037,view,1,2026-04-11
C01030,ITEM_064,view,1,2026-05-15
C00303,ITEM_045,view,1,2026-06-22
C00573,ITEM_079,play,3,2026-04-20
C00846,ITEM_045,view,1,2026-03-02
C00734,ITEM_047,view,1,2026-06-13
C00080,ITEM_039,purchase,5,2026-03-06
C00709,ITEM_031,play,3,2026-04-24
C00046,ITEM_063,view,1,2026-06-01
C00139,ITEM_050,view,1,2026-04-06
C00784,ITEM_031,play,3,2026-05-08
C00123,ITEM_064,view,1,2026-06-01
C00406,ITEM_008,view,1,2026-04-19
C00706,ITEM_004,view,1,2026-03-17
C00786,ITEM_051,view,1,2026-04-26
C00534,ITEM_036,play,3,2026-03-14
C00112,ITEM_063,view,1,2026-05-03
C00958,ITEM_053,view,1,2026-01-15
C01139,ITEM_062,view,1,2026-01-09
C01066,ITEM_021,view,1,2026-03-27
C00898,ITEM_020,view,1,2026-01-22
C00482,ITEM_020,play,3,2026-05-12
C01051,ITEM_051,view,1,2026-02-02
C00585,ITEM_053,view,1,2026-03-31
C00163,ITEM_079,view,1,2026-02-01
C01020,ITEM_017,play,3,2026-06-15
C00384,ITEM_008,view,1,2026-06-01
C01126,ITEM_076,purchase,5,2026-01-01
C00442,ITEM_041,play,3,2026-03-13
C01043,ITEM_029,view,1,2026-06-19
C00644,ITEM_024,play,3,2026-03-30
C00560,ITEM_070,view,1,2026-06-01
C00356,ITEM_063,purchase,5,2026-01-17
C01002,ITEM_013,purchase,5,2026-03-19
C00072,ITEM_025,view,1,2026-06-06
C00562,ITEM_069,play,3,2026-02-05
C00442,ITEM_058,view,1,2026-01-02
C00652,ITEM_065,view,1,2026-05-13
C00305,ITEM_012,play,3,2026-01-15
C00797,ITEM_046,purchase,5,2026-02-24
C00463,ITEM_005,view,1,2026-05-27
C00225,ITEM_036,play,3,2026-06-10
C00236,ITEM_008,play,3,2026-01-24
C00835,ITEM_021,view,1,2026-03-31
C00314,ITEM_020,play,3,2026-05-23
C00368,ITEM_015,play,3,2026-03-12
C00752,ITEM_067,play,3,2026-03-05
C00395,ITEM_029,purchase,5,2026-04-08
C00465,ITEM_012,view,1,2026-05-20
C00293,ITEM_079,view,1,2026-01-08
C00414,ITEM_002,view,1,2026-01-10
C00831,ITEM_011,view,1,2026-01-20
C00640,ITEM_068,view,1,2026-03-03
C01197,ITEM_036,play,3,2026-02-20
C00926,ITEM_029,view,1,2026-03-28
C00020,ITEM_024,play,3,2026-02-24
C00454,ITEM_047,view,1,2026-04-23
C00347,ITEM_028,view,1,2026-02-27
C00705,ITEM_006,play,3,2026-05-31
C00318,ITEM_077,play,3,2026-02-25
C01159,ITEM_072,view,1,2026-02-14
C00359,ITEM_014,purchase,5,2026-06-04
C00626,ITEM_040,view,1,2026-04-29
C00147,ITEM_036,view,1,2026-01-09
C01091,ITEM_007,view,1,2026-01-28
C01094,ITEM_031,play,3,2026-01-09
C00952,ITEM_050,view,1,2026-05-24
C00421,ITEM_008,play,3,2026-04-23
C00070,ITEM_029,view,1,2026-06-17
C00853,ITEM_020,view,1,2026-03-01
C00514,ITEM_028,play,3,2026-01-09
C01188,ITEM_050,view,1,2026-03-24
C00837,ITEM_032,view,1,2026-01-15
C00646,ITEM_061,view,1,2026-01-27
C01184,ITEM_040,view,1,2026-05-22
C00960,ITEM_055,view,1,2026-03-10
C00550,ITEM_049,view,1,2026-06-08
C00022,ITEM_065,view,1,2026-04-03
C00111,ITEM_011,view,1,2026-04-27
C00532,ITEM_079,view,1,2026-05-31
C00674,ITEM_060,view,1,2026-03-25
C00036,ITEM_015,view,1,2026-02-27
C00151,ITEM_002,play,3,2026-05-19
C00845,ITEM_002,play,3,2026-05-30
C00901,ITEM_055,view,1,2026-02-23
C00035,ITEM_033,view,1,2026-05-29
C00609,ITEM_014,view,1,2026-06-28
C00097,ITEM_025,view,1,2026-02-04
C00868,ITEM_035,view,1,2026-06-02
C01000,ITEM_003,play,3,2026-01-16
C01043,ITEM_044,play,3,2026-06-09
C00717,ITEM_002,view,1,2026-06-10
C00754,ITEM_051,purchase,5,2026-06-03
C01111,ITEM_004,view,1,2026-03-04
C00734,ITEM_063,play,3,2026-06-17
C00535,ITEM_020,play,3,2026-04-10
C00905,ITEM_041,view,1,2026-01-12
C00709,ITEM_030,view,1,2026-06-02
C01010,ITEM_070,view,1,2026-06-13
C00629,ITEM_063,purchase,5,2026-02-24
C01042,ITEM_076,view,1,2026-02-14
C00053,ITEM_057,play,3,2026-04-13
C00043,ITEM_078,view,1,2026-03-06
C00118,ITEM_018,view,1,2026-04-26
C00667,ITEM_025,view,1,2026-03-08
C00850,ITEM_064,view,1,2026-02-09
C00259,ITEM_002,view,1,2026-02-11
C00186,ITEM_014,purchase,5,2026-04-29
C01032,ITEM_057,view,1,2026-03-20
C00900,ITEM_031,purchase,5,2026-01-03
C00778,ITEM_020,purchase,5,2026-04-01
C00586,ITEM_024,view,1,2026-05-22
C00504,ITEM_061,view,1,2026-01-27
C00024,ITEM_038,view,1,2026-02-13
C00225,ITEM_000,play,3,2026-03-06
C01076,ITEM_041,purchase,5,2026-06-16
C00406,ITEM_062,play,3,2026-03-04
C00845,ITEM_013,purchase,5,2026-05-31
C00844,ITEM_005,view,1,2026-05-02
C00371,ITEM_050,view,1,2026-06-28
C00245,ITEM_070,view,1,2026-04-15
C00830,ITEM_005,play,3,2026-02-27
C00112,ITEM_052,view,1,2026-05-09
C00593,ITEM_062,view,1,2026-01-17
C01065,ITEM_012,view,1,2026-05-22
C00853,ITEM_020,view,1,2026-02-12
C00917,ITEM_040,view,1,2026-05-01
C00099,ITEM_048,view,1,2026-04-15
C00239,ITEM_040,play,3,2026-02-13
C00330,ITEM_014,play,3,2026-03-28
C00350,ITEM_070,view,1,2026-04-01
C00232,ITEM_033,play,3,2026-05-19
C01166,ITEM_042,view,1,2026-03-25
C00197,ITEM_042,play,3,2026-01-11
C00849,ITEM_044,view,1,2026-01-14
C00704,ITEM_023,view,1,2026-04-30
C00732,ITEM_025,view,1,2026-06-11
C00257,ITEM_011,view,1,2026-03-20
C00369,ITEM_058,view,1,2026-01-17
C00727,ITEM_025,play,3,2026-01-31
C00358,ITEM_004,play,3,2026-06-25
C00832,ITEM_003,view,1,2026-05-07
C00047,ITEM_077,view,1,2026-01-06
C00087,ITEM_034,play,3,2026-02-16
C00874,ITEM_048,view,1,2026-05-12
C00740,ITEM_042,view,1,2026-04-24
C00051,ITEM_067,view,1,2026-02-21
C01078,ITEM_071,view,1,2026-05-06
C00005,ITEM_062,view,1,2026-06-12
C01146,ITEM_078,view,1,2026-06-12
C00875,ITEM_017,view,1,2026-05-29
C01185,ITEM_035,play,3,2026-03-05
C01138,ITEM_023,play,3,2026-01-05
C00375,ITEM_066,play,3,2026-03-12
C00907,ITEM_022,view,1,2026-01-04
C00253,ITEM_063,purchase,5,2026-04-13
C00565,ITEM_018,play,3,2026-04-19
C00288,ITEM_055,view,1,2026-03-03
C00583,ITEM_001,view,1,2026-01-27
C01046,ITEM_063,play,3,2026-04-05
C00523,ITEM_066,view,1,2026-01-03
C00110,ITEM_045,play,3,2026-02-19
C00389,ITEM_043,play,3,2026-06-24
C00943,ITEM_036,purchase,5,2026-06-14
C00626,ITEM_047,purchase,5,2026-04-24
C00672,ITEM_045,play,3,2026-03-09
C00517,ITEM_039,purchase,5,2026-01-02
C00351,ITEM_041,purchase,5,2026-04-28
C00717,ITEM_009,view,1,2026-03-30
C00759,ITEM_037,play,3,2026-05-09
C01077,ITEM_034,view,1,2026-01-29
C00741,ITEM_071,view,1,2026-05-30
C01194,ITEM_023,view,1,2026-05-25
C00991,ITEM_077,view,1,2026-03-19
C00094,ITEM_071,view,1,2026-01-06
C00470,ITEM_062,view,1,2026-03-25
C00461,ITEM_056,view,1,2026-03-08
C00003,ITEM_025,play,3,2026-05-17
C00216,ITEM_013,play,3,2026-02-12
C00914,ITEM_063,purchase,5,2026-01-04
C00422,ITEM_056,view,1,2026-06-26
C00177,ITEM_066,view,1,2026-02-13
C00344,ITEM_043,play,3,2026-01-15
C00329,ITEM_071,view,1,2026-06-04
C00209,ITEM_006,purchase,5,2026-05-10
C00121,ITEM_008,play,3,2026-02-18
C00916,ITEM_005,view,1,2026-03-28
C00989,ITEM_025,view,1,2026-05-04
C00595,ITEM_011,view,1,2026-05-27
C00738,ITEM_003,view,1,2026-03-09
C01103,ITEM_064,view,1,2026-02-08
C01011,ITEM_012,play,3,2026-01-03
C00039,ITEM_066,play,3,2026-06-03
C01143,ITEM_051,view,1,2026-05-27
C00080,ITEM_048,view,1,2026-06-21
C00031,ITEM_009,view,1,2026-05-15
C00483,ITEM_001,view,1,2026-02-08
C00895,ITEM_011,play,3,2026-02-13
C00096,ITEM_025,view,1,2026-02-13
C00351,ITEM_076,play,3,2026-03-24
C00315,ITEM_032,view,1,2026-06-23
C00476,ITEM_018,view,1,2026-05-05
C01183,ITEM_022,play,3,2026-03-20
C00397,ITEM_026,play,3,2026-05-13
C00250,ITEM_046,play,3,2026-05-31
C00146,ITEM_064,view,1,2026-03-14
C00237,ITEM_004,play,3,2026-06-01
C00159,ITEM_061,view,1,2026-01-04
C00688,ITEM_001,view,1,2026-02-25
C00504,ITEM_025,play,3,2026-01-31
C00597,ITEM_047,view,1,2026-02-02
C00998,ITEM_008,play,3,2026-02-06
C00696,ITEM_021,view,1,2026-03-07
C00186,ITEM_051,view,1,2026-05-11
C00452,ITEM_054,view,1,2026-04-17
C00375,ITEM_006,play,3,2026-03-21
C00992,ITEM_062,play,3,2026-03-31
C00368,ITEM_032,view,1,2026-02-02
C00166,ITEM_048,view,1,2026-05-13
C00883,ITEM_017,view,1,2026-05-16
C00514,ITEM_079,view,1,2026-04-09
C00115,ITEM_060,play,3,2026-05-27
C00827,ITEM_051,view,1,2026-05-25
C00252,ITEM_014,view,1,2026-05-25
C01041,ITEM_061,view,1,2026-01-19
C00998,ITEM_030,view,1,2026-01-16
C00443,ITEM_051,play,3,2026-03-21
C00666,ITEM_052,play,3,2026-01-11
C00681,ITEM_064,view,1,2026-01-03
C00784,ITEM_066,purchase,5,2026-01-24
C00082,ITEM_031,view,1,2026-01-22
C00389,ITEM_006,play,3,2026-02-28
C00204,ITEM_034,play,3,2026-03-01
C00836,ITEM_032,view,1,2026-05-28
C00082,ITEM_026,play,3,2026-06-12
C00620,ITEM_039,view,1,2026-01-31
C00873,ITEM_046,play,3,2026-03-10
C01138,ITEM_049,view,1,2026-04-02
C00345,ITEM_029,view,1,2026-02-19
C00009,ITEM_049,play,3,2026-03-01
C00868,ITEM_079,view,1,2026-05-01
C00001,ITEM_052,view,1,2026-03-18
C00079,ITEM_048,view,1,2026-05-07
C01188,ITEM_022,view,1,2026-01-14
C01035,ITEM_026,play,3,2026-03-28
C00849,ITEM_004,play,3,2026-02-25
C01002,ITEM_040,purchase,5,2026-02-21
C00090,ITEM_005,view,1,2026-03-26
C00106,ITEM_062,view,1,2026-02-24
C00360,ITEM_076,view,1,2026-05-17
C00028,ITEM_064,view,1,2026-02-03
C01065,ITEM_012,play,3,2026-06-10
C00067,ITEM_050,view,1,2026-03-07
C00652,ITEM_034,view,1,2026-04-05
C01024,ITEM_000,play,3,2026-01-31
C00881,ITEM_057,view,1,2026-06-15
C00281,ITEM_069,view,1,2026-04-26
C00564,ITEM_036,play,3,2026-05-19
C00657,ITEM_072,view,1,2026-06-11
C00921,ITEM_004,play,3,2026-06-29
C00511,ITEM_069,play,3,2026-02-15
C00342,ITEM_054,view,1,2026-03-01
C00954,ITEM_053,view,1,2026-02-13
C01063,ITEM_040,view,1,2026-04-01
C00586,ITEM_002,play,3,2026-06-11
C00033,ITEM_036,view,1,2026-05-13
C00600,ITEM_076,play,3,2026-04-13
C01067,ITEM_036,view,1,2026-03-27
C01186,ITEM_005,view,1,2026-05-12
C00481,ITEM_039,view,1,2026-03-26
C00180,ITEM_011,view,1,2026-06-10
C00686,ITEM_033,view,1,2026-04-11
C00996,ITEM_050,view,1,2026-04-30
C01134,ITEM_005,purchase,5,2026-05-03
C00062,ITEM_036,view,1,2026-05-14
C00348,ITEM_040,play,3,2026-03-28
C00573,ITEM_060,view,1,2026-03-11
C00117,ITEM_005,play,3,2026-03-16
C01063,ITEM_050,view,1,2026-06-18
C00134,ITEM_049,play,3,2026-01-20
C00798,ITEM_000,view,1,2026-05-07
C01102,ITEM_009,view,1,2026-06-22
C00822,ITEM_051,view,1,2026-01-13
C00915,ITEM_068,view,1,2026-04-22
C00315,ITEM_068,view,1,2026-04-18
C00992,ITEM_061,view,1,2026-03-02
C00502,ITEM_068,purchase,5,2026-01-18
C00073,ITEM_048,view,1,2026-05-02
C00439,ITEM_012,view,1,2026-04-04
C00419,ITEM_042,play,3,2026-05-16
C00625,ITEM_027,play,3,2026-01-16
C00317,ITEM_020,view,1,2026-06-18
C00554,ITEM_009,view,1,2026-04-23
C00513,ITEM_001,view,1,2026-03-21
C00392,ITEM_060,view,1,2026-03-24
C00835,ITEM_013,view,1,2026-06-21
C00366,ITEM_050,play,3,2026-04-10
C00918,ITEM_024,play,3,2026-04-15
C00301,ITEM_038,view,1,2026-04-27
C01037,ITEM_031,view,1,2026-02-26
C00438,ITEM_023,view,1,2026-02-15
C00048,ITEM_038,view,1,2026-05-16
C00179,ITEM_062,view,1,2026-02-27
C00967,ITEM_040,play,3,2026-01-07
C01046,ITEM_063,view,1,2026-03-28
C00254,ITEM_072,purchase,5,2026-01-02
C00722,ITEM_039,view,1,2026-04-12
C00689,ITEM_064,view,1,2026-04-26
C00160,ITEM_009,view,1,2026-06-16
C00542,ITEM_045,view,1,2026-04-20
C00832,ITEM_037,view,1,2026-03-05
C01160,ITEM_000,view,1,2026-04-26
C01017,ITEM_071,view,1,2026-04-17
C00117,ITEM_059,play,3,2026-05-14
C00285,ITEM_046,purchase,5,2026-06-16
C00524,ITEM_055,view,1,2026-01-18
C00180,ITEM_060,view,1,2026-05-10
C00684,ITEM_062,view,1,2026-05-25
C00010,ITEM_023,view,1,2026-03-01
C00136,ITEM_033,purchase,5,2026-03-14
C00056,ITEM_027,view,1,2026-03-16
C00354,ITEM_072,play,3,2026-03-09
C00914,ITEM_009,purchase,5,2026-06-08
C00212,ITEM_072,play,3,2026-02-28
C01184,ITEM_027,view,1,2026-03-20
C00323,ITEM_062,view,1,2026-04-16
C00053,ITEM_013,view,1,2026-02-15
C00402,ITEM_067,view,1,2026-05-06
C00897,ITEM_043,purchase,5,2026-04-05
C00127,ITEM_078,view,1,2026-01-31
C00086,ITEM_031,view,1,2026-02-03
C01019,ITEM_079,view,1,2026-01-05
C00710,ITEM_066,view,1,2026-04-15
C00411,ITEM_000,view,1,2026-05-25
C00907,ITEM_030,play,3,2026-06-28
C01013,ITEM_032,play,3,2026-04-29
C00431,ITEM_016,view,1,2026-06-24
C00673,ITEM_070,view,1,2026-06-27
C00013,ITEM_006,view,1,2026-04-21
C00367,ITEM_020,view,1,2026-03-09
C00714,ITEM_020,play,3,2026-06-09
C00236,ITEM_033,play,3,2026-04-24
C01189,ITEM_055,play,3,2026-05-27
C01165,ITEM_000,play,3,2026-02-10
C00309,ITEM_050,view,1,2026-06-21
C00475,ITEM_032,play,3,2026-03-19
C00227,ITEM_049,play,3,2026-06-07
C00604,ITEM_004,purchase,5,2026-03-09
C00148,ITEM_068,view,1,2026-06-11
C00469,ITEM_046,play,3,2026-05-02
C00666,ITEM_020,view,1,2026-02-11
C00734,ITEM_063,play,3,2026-01-27
C00715,ITEM_037,purchase,5,2026-01-29
C00265,ITEM_031,purchase,5,2026-03-09
C00950,ITEM_013,view,1,2026-01-08
C00830,ITEM_039,view,1,2026-04-09
C00903,ITEM_017,play,3,2026-04-29
C00561,ITEM_058,play,3,2026-05-15
C01071,ITEM_029,purchase,5,2026-06-18
C00467,ITEM_009,view,1,2026-05-25
C00966,ITEM_056,play,3,2026-06-28
C00244,ITEM_067,play,3,2026-04-19
C00296,ITEM_066,view,1,2026-06-03
C00632,ITEM_038,view,1,2026-05-20
C00667,ITEM_024,play,3,2026-05-30
C00895,ITEM_017,view,1,2026-03-15
C00356,ITEM_031,play,3,2026-04-04
C01047,ITEM_008,view,1,2026-06-14
C00395,ITEM_071,view,1,2026-03-23
C00641,ITEM_019,view,1,2026-04-20
C01118,ITEM_062,purchase,5,2026-04-26
C00647,ITEM_030,play,3,2026-02-03
C00818,ITEM_055,play,3,2026-01-05
C01090,ITEM_072,play,3,2026-05-06
C01169,ITEM_032,view,1,2026-05-23
C00599,ITEM_077,purchase,5,2026-04-15
C00500,ITEM_027,view,1,2026-04-29
C00236,ITEM_020,view,1,2026-01-13
C00644,ITEM_057,view,1,2026-01-31
C01102,ITEM_011,view,1,2026-05-13
C00584,ITEM_007,play,3,2026-04-25
C00418,ITEM_029,view,1,2026-02-05
C00128,ITEM_043,play,3,2026-04-18
C00467,ITEM_037,purchase,5,2026-01-07
C00284,ITEM_004,view,1,2026-05-22
C01172,ITEM_043,view,1,2026-01-05
C00633,ITEM_049,play,3,2026-05-31
C00164,ITEM_022,view,1,2026-02-10
C00080,ITEM_045,play,3,2026-02-15
C01020,ITEM_028,view,1,2026-06-16
C01117,ITEM_004,view,1,2026-05-27
C00915,ITEM_059,view,1,2026-03-02
C00148,ITEM_033,view,1,2026-02-02
C00117,ITEM_078,view,1,2026-01-20
C00237,ITEM_015,view,1,2026-03-12
C00901,ITEM_000,view,1,2026-04-15
C00918,ITEM_063,play,3,2026-03-30
C01005,ITEM_068,view,1,2026-06-11
C00116,ITEM_073,view,1,2026-05-25
C00183,ITEM_079,view,1,2026-02-16
C01080,ITEM_025,view,1,2026-06-12
C01114,ITEM_054,view,1,2026-03-25
C00870,ITEM_002,play,3,2026-01-04
C00127,ITEM_033,view,1,2026-06-03
C00082,ITEM_071,play,3,2026-05-13
C00066,ITEM_050,view,1,2026-03-05
C00830,ITEM_067,view,1,2026-06-07
C01015,ITEM_075,view,1,2026-06-13
C00757,ITEM_063,play,3,2026-06-21
C00314,ITEM_054,purchase,5,2026-06-14
C00908,ITEM_028,view,1,2026-02-18
C00070,ITEM_042,purchase,5,2026-04-11
C00993,ITEM_006,view,1,2026-02-01
C01070,ITEM_046,view,1,2026-05-03
C00862,ITEM_077,play,3,2026-03-31
C01055,ITEM_011,view,1,2026-06-08
C00703,ITEM_039,view,1,2026-06-12
C00562,ITEM_071,view,1,2026-02-27
C00386,ITEM_028,play,3,2026-02-26
C01106,ITEM_047,view,1,2026-01-06
C00836,ITEM_062,play,3,2026-04-01
C00228,ITEM_063,view,1,2026-03-11
C01148,ITEM_053,purchase,5,2026-06-29
C00071,ITEM_005,view,1,2026-05-28
C00705,ITEM_003,view,1,2026-03-24
C00228,ITEM_060,view,1,2026-04-13
C00797,ITEM_076,view,1,2026-04-24
C00495,ITEM_021,view,1,2026-06-12
C00524,ITEM_044,play,3,2026-06-29
C00805,ITEM_005,view,1,2026-03-17
C00907,ITEM_015,view,1,2026-03-08
C00456,ITEM_038,purchase,5,2026-05-09
C01197,ITEM_001,view,1,2026-02-19
C00598,ITEM_047,view,1,2026-01-26
C00192,ITEM_044,view,1,2026-02-20
C00007,ITEM_007,view,1,2026-02-26
C00242,ITEM_047,view,1,2026-04-22
C00829,ITEM_036,play,3,2026-05-13
C00647,ITEM_007,view,1,2026-01-30
C00405,ITEM_017,view,1,2026-01-09
C00577,ITEM_043,play,3,2026-01-30
C01005,ITEM_064,view,1,2026-06-14
C00685,ITEM_034,view,1,2026-02-16
C00069,ITEM_050,purchase,5,2026-04-06
C00058,ITEM_035,view,1,2026-04-08
C00578,ITEM_068,view,1,2026-02-20
C00485,ITEM_078,play,3,2026-06-01
C01020,ITEM_033,play,3,2026-01-12
C00699,ITEM_023,play,3,2026-04-06
C00908,ITEM_046,play,3,2026-03-16
C00702,ITEM_070,view,1,2026-05-21
C00414,ITEM_047,view,1,2026-02-05
C00788,ITEM_027,play,3,2026-06-22
C00745,ITEM_062,play,3,2026-05-23
C00864,ITEM_014,play,3,2026-05-14
C00227,ITEM_021,view,1,2026-03-31
C00769,ITEM_012,play,3,2026-04-26
C00342,ITEM_073,view,1,2026-02-07
C00948,ITEM_075,view,1,2026-01-02
C00958,ITEM_076,view,1,2026-05-15
C00749,ITEM_001,view,1,2026-03-22
C01136,ITEM_071,play,3,2026-03-05
C00645,ITEM_017,view,1,2026-02-18
C00030,ITEM_076,play,3,2026-04-22
C00727,ITEM_027,view,1,2026-04-03
C00933,ITEM_024,view,1,2026-05-02
C00121,ITEM_052,view,1,2026-06-21
C00125,ITEM_063,view,1,2026-05-31
C00327,ITEM_030,play,3,2026-02-27
C01013,ITEM_065,view,1,2026-02-13
C00632,ITEM_001,view,1,2026-01-29
C01171,ITEM_071,view,1,2026-04-13
C01047,ITEM_041,view,1,2026-05-29
C00665,ITEM_042,view,1,2026-02-15
C00814,ITEM_070,purchase,5,2026-06-28
C00397,ITEM_004,view,1,2026-03-19
C00108,ITEM_070,view,1,2026-05-21
C00478,ITEM_016,play,3,2026-02-23
C00710,ITEM_079,play,3,2026-01-25
C00218,ITEM_057,view,1,2026-04-03
C00266,ITEM_027,play,3,2026-04-10
C00017,ITEM_005,purchase,5,2026-03-28
C00880,ITEM_009,view,1,2026-03-14
C01079,ITEM_009,view,1,2026-04-27
C00992,ITEM_005,play,3,2026-04-25
C00455,ITEM_049,play,3,2026-01-28
C00712,ITEM_069,purchase,5,2026-05-01
C01152,ITEM_063,view,1,2026-03-01
C00709,ITEM_059,purchase,5,2026-05-26
C00355,ITEM_078,view,1,2026-03-31
C00406,ITEM_050,play,3,2026-02-13
C00872,ITEM_007,play,3,2026-02-02
C00535,ITEM_039,view,1,2026-06-23
C01004,ITEM_060,view,1,2026-05-10
C01036,ITEM_036,view,1,2026-02-08
C00043,ITEM_024,play,3,2026-04-01
C00867,ITEM_039,view,1,2026-01-23
C00443,ITEM_062,play,3,2026-05-31
C00623,ITEM_029,view,1,2026-05-30
C00317,ITEM_028,view,1,2026-05-25
C00441,ITEM_037,view,1,2026-03-25
C00396,ITEM_033,purchase,5,2026-01-30
C00060,ITEM_016,view,1,2026-03-30
C00939,ITEM_022,view,1,2026-04-02
C00171,ITEM_009,view,1,2026-02-27
C00450,ITEM_060,purchase,5,2026-03-10
C00231,ITEM_016,play,3,2026-01-09
C00192,ITEM_078,view,1,2026-04-05
C00448,ITEM_077,view,1,2026-02-04
C01102,ITEM_053,view,1,2026-06-01
C01132,ITEM_079,view,1,2026-05-18
C00458,ITEM_069,play,3,2026-04-19
C00606,ITEM_060,view,1,2026-02-10
C01182,ITEM_028,view,1,2026-05-01
C00281,ITEM_066,play,3,2026-06-28
C01133,ITEM_027,view,1,2026-04-24
C00126,ITEM_008,view,1,2026-05-22
C00271,ITEM_045,view,1,2026-06-12
C00405,ITEM_009,view,1,2026-06-02
C00044,ITEM_007,view,1,2026-01-30
C00978,ITEM_007,view,1,2026-06-07
C01026,ITEM_072,view,1,2026-05-18
C00460,ITEM_005,view,1,2026-05-10
C01003,ITEM_031,play,3,2026-02-11
C00927,ITEM_059,view,1,2026-03-25
C00961,ITEM_064,view,1,2026-06-12
C00963,ITEM_004,view,1,2026-06-15
C00688,ITEM_071,view,1,2026-01-21
C00132,ITEM_075,view,1,2026-03-18
C01108,ITEM_077,view,1,2026-04-20
C00730,ITEM_052,play,3,2026-01-18
C01081,ITEM_040,view,1,2026-02-14
C01150,ITEM_013,play,3,2026-04-18
C00224,ITEM_009,view,1,2026-04-29
C00482,ITEM_065,view,1,2026-01-20
C00230,ITEM_068,view,1,2026-03-18
C00061,ITEM_065,view,1,2026-04-28
C01159,ITEM_049,play,3,2026-06-28
C01107,ITEM_045,play,3,2026-06-29
C01118,ITEM_015,play,3,2026-02-25
C01060,ITEM_007,view,1,2026-05-02
C00778,ITEM_016,play,3,2026-04-10
C00626,ITEM_032,view,1,2026-02-07
C01189,ITEM_024,view,1,2026-04-02
C00662,ITEM_043,view,1,2026-01-25
C00770,ITEM_062,view,1,2026-01-22
C00254,ITEM_059,play,3,2026-03-06
C00896,ITEM_066,play,3,2026-02-17
C00983,ITEM_023,view,1,2026-01-27
C00814,ITEM_074,view,1,2026-01-10
C00598,ITEM_069,play,3,2026-04-13
C00237,ITEM_027,purchase,5,2026-01-02
C00040,ITEM_020,play,3,2026-05-21
C00752,ITEM_071,view,1,2026-01-14
C00819,ITEM_079,view,1,2026-04-29
C00927,ITEM_037,play,3,2026-01-27
C01140,ITEM_009,view,1,2026-04-22
C00596,ITEM_048,purchase,5,2026-01-26
C00994,ITEM_066,purchase,5,2026-03-20
C00859,ITEM_037,purchase,5,2026-04-29
C00332,ITEM_010,view,1,2026-02-01
C01014,ITEM_058,play,3,2026-01-24
C00063,ITEM_060,play,3,2026-04-25
C00718,ITEM_069,view,1,2026-04-26
C01128,ITEM_068,view,1,2026-03-17
C00790,ITEM_038,view,1,2026-01-23
C01124,ITEM_025,view,1,2026-02-24
C00067,ITEM_013,purchase,5,2026-02-09
C00638,ITEM_008,play,3,2026-04-29
C00936,ITEM_066,view,1,2026-02-24
C00770,ITEM_079,view,1,2026-03-10
C01056,ITEM_051,view,1,2026-02-17
C00555,ITEM_077,view,1,2026-01-31
C00819,ITEM_024,view,1,2026-05-27
C00503,ITEM_060,play,3,2026-03-29
C01046,ITEM_031,play,3,2026-04-13
C00143,ITEM_030,play,3,2026-02-22
C00304,ITEM_051,play,3,2026-01-16
C00116,ITEM_010,view,1,2026-05-13
C00842,ITEM_032,play,3,2026-05-10
C00279,ITEM_033,view,1,2026-01-09
C00380,ITEM_034,view,1,2026-06-09
C01003,ITEM_057,view,1,2026-06-03
C00432,ITEM_022,view,1,2026-06-02
C00174,ITEM_012,view,1,2026-03-25
C00025,ITEM_048,view,1,2026-05-05
C00272,ITEM_001,view,1,2026-01-03
C01097,ITEM_079,purchase,5,2026-04-18
C00658,ITEM_072,view,1,2026-01-25
C01193,ITEM_030,view,1,2026-06-13
C00258,ITEM_055,purchase,5,2026-06-20
C00421,ITEM_041,view,1,2026-01-28
C00195,ITEM_055,view,1,2026-04-07
C00478,ITEM_017,purchase,5,2026-04-17
C00675,ITEM_075,view,1,2026-05-19
C00969,ITEM_070,view,1,2026-03-29
C00441,ITEM_041,view,1,2026-06-08
C00925,ITEM_070,view,1,2026-03-04
C00751,ITEM_025,play,3,2026-02-27
C00350,ITEM_062,view,1,2026-05-12
C01094,ITEM_072,view,1,2026-04-09
C00521,ITEM_055,play,3,2026-01-15
C00181,ITEM_078,purchase,5,2026-04-28
C01155,ITEM_017,view,1,2026-02-20
C01096,ITEM_001,view,1,2026-06-01
C00059,ITEM_042,purchase,5,2026-05-31
C01082,ITEM_026,play,3,2026-03-17
C01136,ITEM_051,view,1,2026-06-03
C00994,ITEM_028,view,1,2026-06-21
C00305,ITEM_069,play,3,2026-05-12
C00757,ITEM_008,view,1,2026-04-20
C00645,ITEM_077,view,1,2026-06-17
C00744,ITEM_017,play,3,2026-06-07
C00739,ITEM_026,view,1,2026-03-28
C00767,ITEM_001,view,1,2026-01-16
C00616,ITEM_054,view,1,2026-04-19
C00828,ITEM_055,play,3,2026-03-25
C00631,ITEM_074,view,1,2026-03-07
C00019,ITEM_008,play,3,2026-02-02
C00042,ITEM_038,view,1,2026-05-09
C01149,ITEM_071,view,1,2026-06-14
C01091,ITEM_002,purchase,5,2026-04-18
C00702,ITEM_046,view,1,2026-02-12
C00209,ITEM_018,view,1,2026-01-01
C00937,ITEM_028,play,3,2026-05-09
C00171,ITEM_060,view,1,2026-01-29
C00452,ITEM_064,view,1,2026-01-12
C00395,ITEM_000,play,3,2026-02-05
C00014,ITEM_052,view,1,2026-02-06
C00968,ITEM_031,play,3,2026-03-03
C00611,ITEM_060,view,1,2026-02-27
C00379,ITEM_067,view,1,2026-02-05
C00608,ITEM_070,play,3,2026-05-21
C00000,ITEM_008,view,1,2026-05-29
C00524,ITEM_064,play,3,2026-02-15
C00623,ITEM_077,purchase,5,2026-03-08
C00407,ITEM_062,play,3,2026-05-28
C00996,ITEM_030,view,1,2026-06-21
C00299,ITEM_058,view,1,2026-05-22
C00165,ITEM_005,play,3,2026-04-10
C00633,ITEM_030,view,1,2026-06-28
C01064,ITEM_065,play,3,2026-05-11
C00450,ITEM_052,play,3,2026-05-02
C00055,ITEM_021,view,1,2026-01-06
C01163,ITEM_045,view,1,2026-04-25
C00533,ITEM_000,play,3,2026-02-21
C00207,ITEM_077,view,1,2026-04-19
C00738,ITEM_044,view,1,2026-04-14
C00383,ITEM_040,view,1,2026-01-20
C01125,ITEM_026,play,3,2026-03-25
C00352,ITEM_017,view,1,2026-04-03
C00660,ITEM_026,view,1,2026-01-09
C00651,ITEM_036,play,3,2026-06-03
C00290,ITEM_034,play,3,2026-06-18
C00599,ITEM_033,purchase,5,2026-01-04
C00130,ITEM_040,view,1,2026-01-22
C00772,ITEM_037,play,3,2026-01-23
C00909,ITEM_024,play,3,2026-03-21
C01140,ITEM_046,play,3,2026-04-19
C00390,ITEM_019,view,1,2026-02-13
C00342,ITEM_075,view,1,2026-06-02
C00658,ITEM_053,view,1,2026-02-25
C00831,ITEM_022,view,1,2026-02-25
C01190,ITEM_055,view,1,2026-04-16
C00030,ITEM_077,purchase,5,2026-06-06
C00285,ITEM_061,view,1,2026-02-14
C00314,ITEM_062,purchase,5,2026-03-02
C00306,ITEM_017,view,1,2026-03-02
C00556,ITEM_014,play,3,2026-03-25
C01047,ITEM_044,view,1,2026-03-19
C00037,ITEM_022,play,3,2026-06-21
C00979,ITEM_009,view,1,2026-01-27
C00741,ITEM_072,purchase,5,2026-03-17
C00738,ITEM_027,view,1,2026-02-15
C00813,ITEM_064,view,1,2026-04-18
C00138,ITEM_058,purchase,5,2026-05-21
C00896,ITEM_011,view,1,2026-06-18
C00297,ITEM_015,play,3,2026-03-20
C00619,ITEM_046,view,1,2026-02-17
C00812,ITEM_049,view,1,2026-06-23
C00724,ITEM_022,view,1,2026-01-17
C00387,ITEM_012,view,1,2026-01-24
C00475,ITEM_050,view,1,2026-06-22
C00571,ITEM_018,view,1,2026-06-09
C00049,ITEM_013,play,3,2026-04-11
C00871,ITEM_030,purchase,5,2026-03-01
C00119,ITEM_028,view,1,2026-06-23
C00550,ITEM_032,view,1,2026-06-22
C00785,ITEM_031,view,1,2026-06-06
C00096,ITEM_045,play,3,2026-05-19
C01194,ITEM_043,view,1,2026-04-18
C00452,ITEM_002,play,3,2026-03-08
C00018,ITEM_019,view,1,2026-03-26
C00790,ITEM_040,view,1,2026-04-08
C00669,ITEM_058,play,3,2026-03-28
C00768,ITEM_002,view,1,2026-06-05
C00901,ITEM_064,view,1,2026-01-30
C00570,ITEM_007,view,1,2026-01-15
C00992,ITEM_051,view,1,2026-03-23
C00444,ITEM_017,view,1,2026-02-07
C00654,ITEM_072,play,3,2026-05-28
C00190,ITEM_055,view,1,2026-06-02
C00743,ITEM_063,view,1,2026-06-27
C00313,ITEM_064,view,1,2026-03-11
C00836,ITEM_003,view,1,2026-06-22
C00961,ITEM_067,purchase,5,2026-01-19
C01030,ITEM_006,view,1,2026-06-23
C01114,ITEM_043,view,1,2026-02-14
C00146,ITEM_052,view,1,2026-01-04
C00165,ITEM_071,purchase,5,2026-05-29
C01111,ITEM_057,play,3,2026-04-03
C00456,ITEM_056,view,1,2026-03-16
C00031,ITEM_077,view,1,2026-02-06
C00344,ITEM_001,play,3,2026-03-16
C01003,ITEM_000,play,3,2026-04-21
C00425,ITEM_015,view,1,2026-01-26
C00092,ITEM_018,play,3,2026-06-20
C00866,ITEM_039,view,1,2026-05-11
C00233,ITEM_066,view,1,2026-06-07
C00423,ITEM_031,view,1,2026-01-09
C00004,ITEM_071,view,1,2026-06-05
C00722,ITEM_051,view,1,2026-06-05
C00534,ITEM_037,view,1,2026-03-07
C01040,ITEM_063,play,3,2026-04-13
C00401,ITEM_038,play,3,2026-04-01
C00245,ITEM_003,view,1,2026-05-29
C00199,ITEM_068,view,1,2026-02-20
C00240,ITEM_010,play,3,2026-06-15
C00541,ITEM_036,view,1,2026-04-10
C00104,ITEM_012,view,1,2026-01-01
C00482,ITEM_062,play,3,2026-02-24
C01025,ITEM_050,view,1,2026-01-26
C00921,ITEM_075,view,1,2026-05-26
C00764,ITEM_069,play,3,2026-03-15
C01071,ITEM_020,view,1,2026-03-25
C00936,ITEM_020,view,1,2026-03-05
C00783,ITEM_021,play,3,2026-05-07
C01035,ITEM_012,purchase,5,2026-06-28
C00149,ITEM_075,view,1,2026-06-07
C00981,ITEM_006,play,3,2026-06-28
C00354,ITEM_033,view,1,2026-02-23
C00879,ITEM_022,view,1,2026-04-30
C01095,ITEM_001,view,1,2026-04-22
C00595,ITEM_066,view,1,2026-02-24
C00106,ITEM_040,view,1,2026-06-02
C00444,ITEM_070,play,3,2026-06-15
C00488,ITEM_049,view,1,2026-06-21
C01124,ITEM_039,play,3,2026-06-27
C01131,ITEM_019,view,1,2026-01-30
C00682,ITEM_047,play,3,2026-01-27
C01140,ITEM_058,view,1,2026-05-03
C00523,ITEM_002,view,1,2026-05-11
C00493,ITEM_018,play,3,2026-03-20
C01003,ITEM_028,play,3,2026-01-30
C00800,ITEM_009,view,1,2026-02-21
C00626,ITEM_006,view,1,2026-01-24
C00548,ITEM_019,view,1,2026-01-29
C00846,ITEM_027,view,1,2026-02-03
C00904,ITEM_042,view,1,2026-04-16
C00588,ITEM_065,play,3,2026-04-03
C00037,ITEM_068,view,1,2026-03-02
C00122,ITEM_030,view,1,2026-04-08
C00172,ITEM_042,view,1,2026-05-01
C00554,ITEM_001,purchase,5,2026-01-18
C00737,ITEM_067,view,1,2026-02-20
C00964,ITEM_018,view,1,2026-02-06
C00279,ITEM_005,view,1,2026-01-01
C00943,ITEM_048,play,3,2026-01-21
C00799,ITEM_029,view,1,2026-05-19
C00061,ITEM_032,view,1,2026-06-07
C00421,ITEM_034,view,1,2026-01-30
C00363,ITEM_050,play,3,2026-05-19
C01063,ITEM_064,view,1,2026-02-15
C01105,ITEM_045,view,1,2026-01-26
C00983,ITEM_048,view,1,2026-02-12
C00633,ITEM_064,view,1,2026-06-15
C00591,ITEM_062,view,1,2026-03-03
C00373,ITEM_013,view,1,2026-05-14
C00927,ITEM_027,view,1,2026-03-29
C00103,ITEM_039,view,1,2026-03-20
C00325,ITEM_074,view,1,2026-05-27
C00162,ITEM_048,view,1,2026-06-28
C00593,ITEM_065,view,1,2026-04-28
C00359,ITEM_063,view,1,2026-06-02
C00236,ITEM_073,view,1,2026-01-27
C00451,ITEM_041,view,1,2026-06-12
C01033,ITEM_021,play,3,2026-02-03
C00669,ITEM_032,purchase,5,2026-02-04
C00987,ITEM_000,play,3,2026-06-02
C01096,ITEM_054,view,1,2026-03-28
C01082,ITEM_049,purchase,5,2026-02-14
C00421,ITEM_013,purchase,5,2026-01-05
C01052,ITEM_039,view,1,2026-02-09
C01091,ITEM_057,view,1,2026-05-29
C01151,ITEM_062,play,3,2026-01-01
C00421,ITEM_062,purchase,5,2026-06-15
C00274,ITEM_007,play,3,2026-05-20
C00701,ITEM_029,play,3,2026-02-06
C01118,ITEM_047,view,1,2026-05-13
C01080,ITEM_008,purchase,5,2026-04-04
C00685,ITEM_015,view,1,2026-03-04
C00179,ITEM_075,view,1,2026-04-01
C00506,ITEM_041,play,3,2026-01-02
C00856,ITEM_046,view,1,2026-06-08
C00672,ITEM_012,view,1,2026-05-22
C00414,ITEM_050,view,1,2026-02-02
C00411,ITEM_072,view,1,2026-01-18
C00071,ITEM_076,view,1,2026-03-18
C00346,ITEM_014,view,1,2026-03-24
C00803,ITEM_017,view,1,2026-05-20
C00289,ITEM_046,view,1,2026-06-01
C01192,ITEM_070,view,1,2026-01-12
C00098,ITEM_000,purchase,5,2026-02-13
C00706,ITEM_018,view,1,2026-04-16
C00595,ITEM_012,purchase,5,2026-03-10
C00999,ITEM_063,view,1,2026-06-28
C01065,ITEM_039,view,1,2026-04-29
C00652,ITEM_057,play,3,2026-02-28
C00756,ITEM_003,play,3,2026-05-02
C00838,ITEM_010,view,1,2026-03-19
C00625,ITEM_043,play,3,2026-03-25
C00221,ITEM_033,play,3,2026-05-09
C00514,ITEM_014,view,1,2026-03-20
C00289,ITEM_020,view,1,2026-05-06
C00557,ITEM_058,view,1,2026-03-17
C00738,ITEM_001,view,1,2026-04-17
C00251,ITEM_069,play,3,2026-03-29
C00299,ITEM_012,view,1,2026-04-14
C00987,ITEM_060,play,3,2026-03-04
C00453,ITEM_050,play,3,2026-01-22
C00238,ITEM_005,purchase,5,2026-02-16
C00855,ITEM_061,view,1,2026-03-06
C00859,ITEM_039,view,1,2026-02-26
C00991,ITEM_024,view,1,2026-03-17
C00911,ITEM_008,play,3,2026-03-27
C01190,ITEM_009,view,1,2026-02-15
C00689,ITEM_032,play,3,2026-03-10
C00344,ITEM_023,view,1,2026-02-20
C01035,ITEM_067,view,1,2026-04-16
C00317,ITEM_043,play,3,2026-03-27
C00349,ITEM_003,play,3,2026-04-24
C00994,ITEM_070,view,1,2026-03-19
C01057,ITEM_020,play,3,2026-06-29
C00407,ITEM_048,view,1,2026-03-29
C00875,ITEM_066,play,3,2026-04-21
C01106,ITEM_053,view,1,2026-03-21
C00958,ITEM_032,view,1,2026-05-13
C00005,ITEM_000,view,1,2026-04-11
C00797,ITEM_018,view,1,2026-01-18
C00203,ITEM_045,play,3,2026-05-12
C01015,ITEM_075,view,1,2026-05-17
C00080,ITEM_002,view,1,2026-03-14
C01191,ITEM_012,view,1,2026-04-02
C00212,ITEM_028,view,1,2026-01-02
C00504,ITEM_063,play,3,2026-06-05
C00280,ITEM_076,view,1,2026-05-21
C00976,ITEM_014,play,3,2026-06-24
C00472,ITEM_046,play,3,2026-04-18
C00893,ITEM_077,view,1,2026-02-11
C00080,ITEM_079,play,3,2026-02-22
C00543,ITEM_062,view,1,2026-06-17
C01093,ITEM_062,view,1,2026-01-08
C01112,ITEM_022,view,1,2026-05-01
C00250,ITEM_024,view,1,2026-01-13
C00473,ITEM_078,view,1,2026-05-14
C00490,ITEM_049,view,1,2026-04-15
C00678,ITEM_009,play,3,2026-03-27
C00644,ITEM_005,view,1,2026-05-07
C00127,ITEM_068,purchase,5,2026-03-05
C00915,ITEM_010,view,1,2026-04-14
C00270,ITEM_055,play,3,2026-05-25
C00377,ITEM_025,view,1,2026-03-24
C01008,ITEM_013,view,1,2026-01-04
C00827,ITEM_009,view,1,2026-06-28
C00475,ITEM_043,purchase,5,2026-04-08
C01094,ITEM_064,purchase,5,2026-03-19
C00472,ITEM_000,view,1,2026-01-14
C00678,ITEM_056,play,3,2026-01-17
C00295,ITEM_045,play,3,2026-02-15
C00219,ITEM_063,view,1,2026-06-16
C00589,ITEM_046,view,1,2026-05-11
C00675,ITEM_010,play,3,2026-03-16
C00966,ITEM_032,play,3,2026-05-16
C00469,ITEM_078,view,1,2026-03-12
C01074,ITEM_065,view,1,2026-06-10
C00728,ITEM_028,view,1,2026-02-28
C00084,ITEM_074,purchase,5,2026-05-09
C00886,ITEM_000,view,1,2026-03-20
C00689,ITEM_042,view,1,2026-05-02
C00467,ITEM_061,view,1,2026-02-03
C00560,ITEM_053,play,3,2026-06-20
C00362,ITEM_014,play,3,2026-02-21
C00737,ITEM_011,view,1,2026-04-07
C00680,ITEM_059,view,1,2026-05-04
C00536,ITEM_079,play,3,2026-04-28
C00342,ITEM_061,view,1,2026-04-10
C00478,ITEM_068,view,1,2026-06-06
C00597,ITEM_072,purchase,5,2026-06-24
C00566,ITEM_075,view,1,2026-05-18
C00371,ITEM_063,view,1,2026-02-03
C00698,ITEM_062,view,1,2026-05-19
C00271,ITEM_063,play,3,2026-04-01
C00601,ITEM_025,play,3,2026-04-07
C00145,ITEM_043,view,1,2026-06-19
C00566,ITEM_017,play,3,2026-04-06
C00940,ITEM_042,purchase,5,2026-06-03
C00981,ITEM_040,play,3,2026-04-27
C00833,ITEM_005,view,1,2026-01-16
C00894,ITEM_006,view,1,2026-05-07
C00079,ITEM_076,play,3,2026-03-31
C00409,ITEM_044,view,1,2026-04-09
C00785,ITEM_002,view,1,2026-02-24
C00960,ITEM_029,view,1,2026-02-03
C00699,ITEM_071,play,3,2026-05-14
C01024,ITEM_058,view,1,2026-02-14
C00327,ITEM_065,view,1,2026-01-17
C00184,ITEM_050,play,3,2026-03-30
C00103,ITEM_056,view,1,2026-05-09
C00699,ITEM_019,view,1,2026-02-06
C00798,ITEM_067,view,1,2026-03-07
C00342,ITEM_058,view,1,2026-03-18
C00940,ITEM_019,purchase,5,2026-06-16
C00887,ITEM_024,view,1,2026-01-27
C00432,ITEM_061,play,3,2026-06-15
C00286,ITEM_019,view,1,2026-01-27
C00890,ITEM_053,view,1,2026-04-15
C00805,ITEM_033,view,1,2026-06-01
C00204,ITEM_022,view,1,2026-06-12
C00306,ITEM_012,view,1,2026-04-08
C00583,ITEM_057,view,1,2026-03-30
C00613,ITEM_026,purchase,5,2026-05-21
C00199,ITEM_044,view,1,2026-06-13
C01138,ITEM_020,purchase,5,2026-01-03
C00466,ITEM_011,view,1,2026-02-17
C00457,ITEM_001,view,1,2026-02-21
C00072,ITEM_075,view,1,2026-05-31
C01050,ITEM_024,view,1,2026-01-04
C00282,ITEM_046,view,1,2026-01-23
C01184,ITEM_037,view,1,2026-01-01
C00595,ITEM_029,view,1,2026-06-21
C01049,ITEM_066,play,3,2026-01-06
C00214,ITEM_072,view,1,2026-02-17
C00199,ITEM_014,purchase,5,2026-04-04
C00961,ITEM_002,view,1,2026-03-04
C00983,ITEM_026,view,1,2026-01-17
C00651,ITEM_008,view,1,2026-03-16
C00038,ITEM_002,view,1,2026-05-24
C01132,ITEM_064,play,3,2026-02-21
C00471,ITEM_006,play,3,2026-04-03
C01123,ITEM_005,view,1,2026-03-26
C01044,ITEM_028,view,1,2026-02-14
C01021,ITEM_045,play,3,2026-01-01
C00826,ITEM_039,view,1,2026-05-31
C00807,ITEM_059,view,1,2026-06-28
C00639,ITEM_059,view,1,2026-04-02
C00029,ITEM_001,view,1,2026-05-30
C00465,ITEM_061,view,1,2026-03-05
C00876,ITEM_003,view,1,2026-06-19
C00974,ITEM_073,play,3,2026-04-13
C00671,ITEM_024,view,1,2026-05-25
C00851,ITEM_072,purchase,5,2026-05-02
C00026,ITEM_079,play,3,2026-06-16
C00562,ITEM_008,view,1,2026-04-11
C00609,ITEM_030,view,1,2026-06-02
C01070,ITEM_008,view,1,2026-06-17
C00373,ITEM_077,play,3,2026-05-17
C00275,ITEM_039,view,1,2026-03-05
C00422,ITEM_067,purchase,5,2026-01-17
C00204,ITEM_047,view,1,2026-03-15
C00670,ITEM_067,view,1,2026-05-05
C00771,ITEM_047,view,1,2026-06-04
C00961,ITEM_003,view,1,2026-05-19
C01166,ITEM_038,play,3,2026-04-25
C00088,ITEM_052,play,3,2026-04-07
C00296,ITEM_078,view,1,2026-06-23
C00360,ITEM_066,view,1,2026-02-13
C00299,ITEM_040,view,1,2026-05-23
C00992,ITEM_064,play,3,2026-04-10
C00167,ITEM_074,view,1,2026-04-03
C00035,ITEM_070,view,1,2026-03-13
C01032,ITEM_079,play,3,2026-04-25
C01153,ITEM_028,view,1,2026-06-29
C00271,ITEM_035,view,1,2026-03-15
C00399,ITEM_001,play,3,2026-01-21
C00603,ITEM_010,play,3,2026-01-23
C00631,ITEM_065,play,3,2026-02-01
C01189,ITEM_026,view,1,2026-03-15
C00484,ITEM_035,view,1,2026-01-01
C00014,ITEM_028,play,3,2026-02-20
C00507,ITEM_074,view,1,2026-05-06
C00667,ITEM_071,view,1,2026-05-03
C00620,ITEM_059,view,1,2026-05-01
C00614,ITEM_076,view,1,2026-05-01
C01107,ITEM_043,purchase,5,2026-01-14
C00968,ITEM_013,view,1,2026-06-18
C00302,ITEM_050,view,1,2026-02-23
C00426,ITEM_001,purchase,5,2026-01-15
C00801,ITEM_033,purchase,5,2026-05-27
C00492,ITEM_066,view,1,2026-03-26
C00514,ITEM_014,play,3,2026-03-04
C00201,ITEM_044,view,1,2026-03-13
C00305,ITEM_062,play,3,2026-04-15
C00888,ITEM_060,view,1,2026-04-05
C01011,ITEM_047,view,1,2026-01-03
C00941,ITEM_026,view,1,2026-01-22
C00369,ITEM_019,play,3,2026-06-20
C00163,ITEM_012,view,1,2026-03-30
C00191,ITEM_058,view,1,2026-06-27
C00472,ITEM_021,play,3,2026-04-29
C00621,ITEM_051,view,1,2026-05-13
C01071,ITEM_003,play,3,2026-02-26
C01078,ITEM_023,view,1,2026-05-31
C00003,ITEM_030,view,1,2026-04-28
C00849,ITEM_061,view,1,2026-05-16
C00358,ITEM_007,view,1,2026-02-17
C00237,ITEM_037,view,1,2026-04-16
C00666,ITEM_037,view,1,2026-03-08
C00040,ITEM_025,play,3,2026-06-13
C00400,ITEM_063,view,1,2026-06-13
C00662,ITEM_078,view,1,2026-03-05
C00326,ITEM_003,play,3,2026-01-05
C00712,ITEM_074,view,1,2026-02-14
C00552,ITEM_071,play,3,2026-02-19
C00959,ITEM_067,play,3,2026-01-04
C00217,ITEM_009,view,1,2026-06-18
C00068,ITEM_031,view,1,2026-03-25
C00635,ITEM_052,purchase,5,2026-01-27
C00308,ITEM_016,view,1,2026-04-20
C00848,ITEM_019,purchase,5,2026-03-13
C00111,ITEM_045,view,1,2026-02-01
C00690,ITEM_067,view,1,2026-03-23
C01187,ITEM_013,view,1,2026-04-18
C00111,ITEM_000,view,1,2026-04-28
C00362,ITEM_079,purchase,5,2026-02-10
C01013,ITEM_033,view,1,2026-04-21
C00640,ITEM_006,purchase,5,2026-05-23
C00209,ITEM_076,play,3,2026-04-23
C00255,ITEM_021,purchase,5,2026-06-21
C00917,ITEM_009,purchase,5,2026-06-19
C01033,ITEM_053,view,1,2026-03-31
C00432,ITEM_060,purchase,5,2026-03-12
C00568,ITEM_010,play,3,2026-03-24
C00939,ITEM_058,view,1,2026-03-30
C00212,ITEM_030,play,3,2026-02-01
C00247,ITEM_025,view,1,2026-06-23
C00929,ITEM_053,view,1,2026-04-13
C00223,ITEM_004,view,1,2026-01-24
C00924,ITEM_013,view,1,2026-06-12
C00596,ITEM_066,view,1,2026-06-20
C01188,ITEM_078,view,1,2026-04-12
C00039,ITEM_072,play,3,2026-06-20
C01135,ITEM_062,play,3,2026-06-24
C00270,ITEM_010,play,3,2026-06-21
C00042,ITEM_024,purchase,5,2026-06-23
C00868,ITEM_067,play,3,2026-01-13
C00639,ITEM_057,play,3,2026-01-06
C01004,ITEM_066,view,1,2026-04-14
C00130,ITEM_032,purchase,5,2026-05-15
C00096,ITEM_046,view,1,2026-05-31
C00680,ITEM_058,view,1,2026-04-26
C01058,ITEM_062,view,1,2026-02-26
C00486,ITEM_058,view,1,2026-06-17
C00957,ITEM_003,play,3,2026-04-17
C01087,ITEM_016,view,1,2026-05-03
C01043,ITEM_039,play,3,2026-02-16
C00610,ITEM_055,view,1,2026-05-17
C00838,ITEM_077,view,1,2026-01-24
C00630,ITEM_024,view,1,2026-06-06
C00808,ITEM_062,view,1,2026-06-03
C00680,ITEM_053,play,3,2026-05-03
C00630,ITEM_021,view,1,2026-06-26
C00524,ITEM_013,view,1,2026-06-13
C00783,ITEM_049,view,1,2026-01-13
C00901,ITEM_026,play,3,2026-02-09
C01102,ITEM_017,purchase,5,2026-01-22
C00735,ITEM_017,play,3,2026-02-27
C00120,ITEM_017,view,1,2026-04-16
C00704,ITEM_007,purchase,5,2026-01-26
C00378,ITEM_015,view,1,2026-01-16
C00032,ITEM_078,view,1,2026-04-26
C00086,ITEM_015,view,1,2026-04-24
C00709,ITEM_032,view,1,2026-03-07
C01133,ITEM_039,view,1,2026-05-10
C00606,ITEM_056,view,1,2026-04-17
C00534,ITEM_024,view,1,2026-03-16
C00106,ITEM_066,view,1,2026-01-13
C00810,ITEM_062,view,1,2026-05-17
C00066,ITEM_040,view,1,2026-04-23
C01009,ITEM_071,play,3,2026-01-21
C00979,ITEM_027,play,3,2026-02-03
C01189,ITEM_039,view,1,2026-02-24
C00341,ITEM_047,view,1,2026-02-02
C00194,ITEM_015,view,1,2026-05-26
C00359,ITEM_006,view,1,2026-06-18
C00959,ITEM_079,view,1,2026-01-16
C00262,ITEM_003,view,1,2026-02-13
C01064,ITEM_003,play,3,2026-02-21
C00185,ITEM_008,play,3,2026-06-28
C00058,ITEM_043,play,3,2026-04-22
C00263,ITEM_021,view,1,2026-06-21
C00904,ITEM_017,play,3,2026-02-14
C00722,ITEM_068,play,3,2026-01-13
C00425,ITEM_075,play,3,2026-03-28
C00787,ITEM_070,play,3,2026-05-28
C00778,ITEM_025,play,3,2026-05-31
C00665,ITEM_006,play,3,2026-03-27
C00616,ITEM_076,view,1,2026-02-18
C00121,ITEM_043,view,1,2026-01-09
C00311,ITEM_077,view,1,2026-03-20
C00633,ITEM_013,view,1,2026-04-07
C00162,ITEM_075,view,1,2026-01-04
C00571,ITEM_024,view,1,2026-06-18
C00140,ITEM_063,view,1,2026-05-08
C00944,ITEM_008,view,1,2026-02-28
C00123,ITEM_059,purchase,5,2026-03-05
C00111,ITEM_037,view,1,2026-03-06
C00765,ITEM_076,view,1,2026-06-04
C00264,ITEM_011,view,1,2026-05-11
C00421,ITEM_017,view,1,2026-01-16
C00377,ITEM_050,play,3,2026-02-25
C00259,ITEM_064,play,3,2026-05-21
C00914,ITEM_071,view,1,2026-03-06
C00830,ITEM_009,view,1,2026-05-27
C00286,ITEM_000,view,1,2026-04-02
C00824,ITEM_028,play,3,2026-05-20
C00856,ITEM_007,purchase,5,2026-04-05
C00647,ITEM_032,purchase,5,2026-05-13
C00694,ITEM_038,view,1,2026-03-19
C01121,ITEM_079,play,3,2026-02-12
C00544,ITEM_002,play,3,2026-06-08
C00462,ITEM_025,play,3,2026-03-17
C00646,ITEM_027,view,1,2026-01-02
C01003,ITEM_044,view,1,2026-03-11
C00851,ITEM_025,view,1,2026-03-15
C00090,ITEM_050,view,1,2026-02-13
C00551,ITEM_067,play,3,2026-06-07
C00887,ITEM_054,view,1,2026-03-30
C00268,ITEM_052,view,1,2026-03-08
C01186,ITEM_009,play,3,2026-05-06
C00969,ITEM_070,view,1,2026-04-26
C01015,ITEM_044,purchase,5,2026-03-28
C00098,ITEM_013,play,3,2026-06-25
C00695,ITEM_050,play,3,2026-06-25
C00633,ITEM_038,play,3,2026-03-27
C00752,ITEM_072,view,1,2026-05-08
C01020,ITEM_051,view,1,2026-01-10
C00423,ITEM_076,purchase,5,2026-03-21
C00640,ITEM_077,view,1,2026-03-21
C00815,ITEM_018,view,1,2026-03-14
C00903,ITEM_023,view,1,2026-06-01
C00924,ITEM_016,view,1,2026-04-16
C00404,ITEM_018,view,1,2026-03-26
C01197,ITEM_054,view,1,2026-03-19
C00011,ITEM_075,view,1,2026-04-22
C00590,ITEM_039,play,3,2026-02-09
C00730,ITEM_064,view,1,2026-02-14
C00073,ITEM_059,view,1,2026-04-04
C00541,ITEM_020,view,1,2026-02-27
C00715,ITEM_067,view,1,2026-05-02
C00729,ITEM_038,view,1,2026-06-12
C00142,ITEM_000,view,1,2026-03-06
C00333,ITEM_057,play,3,2026-04-14
C00293,ITEM_070,view,1,2026-02-20
C00767,ITEM_019,play,3,2026-05-23
C00394,ITEM_021,view,1,2026-02-09
C00685,ITEM_058,view,1,2026-04-04
C00877,ITEM_077,view,1,2026-03-07
C00956,ITEM_020,play,3,2026-05-18
C00220,ITEM_034,view,1,2026-02-13
C01084,ITEM_054,view,1,2026-02-06
C00198,ITEM_068,view,1,2026-05-18
C00026,ITEM_002,view,1,2026-04-11
C00053,ITEM_015,play,3,2026-04-25
C00241,ITEM_071,purchase,5,2026-05-23
C01047,ITEM_042,view,1,2026-02-21
C00249,ITEM_060,view,1,2026-02-13
C00832,ITEM_005,view,1,2026-06-28
C00502,ITEM_007,purchase,5,2026-01-21
C00047,ITEM_058,view,1,2026-04-27
C00532,ITEM_030,view,1,2026-03-11
C00033,ITEM_075,purchase,5,2026-01-26
C00571,ITEM_034,purchase,5,2026-06-21
C00670,ITEM_067,view,1,2026-05-30
C00625,ITEM_043,view,1,2026-02-09
C00339,ITEM_054,play,3,2026-05-16
C00919,ITEM_052,play,3,2026-05-19
C00716,ITEM_009,view,1,2026-04-01
C00305,ITEM_063,view,1,2026-06-22
C00521,ITEM_078,view,1,2026-02-12
C00130,ITEM_030,view,1,2026-01-14
C01107,ITEM_027,view,1,2026-05-26
C00903,ITEM_047,play,3,2026-03-06
C00345,ITEM_050,view,1,2026-01-23
C00809,ITEM_030,view,1,2026-06-24
C00814,ITEM_021,play,3,2026-03-17
C00731,ITEM_077,view,1,2026-06-05
C00064,ITEM_066,view,1,2026-05-28
C01054,ITEM_045,purchase,5,2026-02-24
C01147,ITEM_030,view,1,2026-05-25
C01168,ITEM_028,play,3,2026-03-26
C01176,ITEM_031,view,1,2026-04-24
C01114,ITEM_047,view,1,2026-02-21
C00886,ITEM_000,play,3,2026-01-02
C00068,ITEM_052,view,1,2026-02-04
C00558,ITEM_046,view,1,2026-03-01
C00294,ITEM_011,view,1,2026-04-09
C00263,ITEM_020,view,1,2026-06-03
C00996,ITEM_022,view,1,2026-02-01
C00975,ITEM_073,play,3,2026-05-10
C00626,ITEM_074,view,1,2026-05-15
C00883,ITEM_062,view,1,2026-05-26
C00155,ITEM_054,view,1,2026-05-27
C00266,ITEM_076,view,1,2026-01-12
C01032,ITEM_058,view,1,2026-02-09
C00541,ITEM_031,view,1,2026-06-19
C00655,ITEM_028,play,3,2026-04-24
C00555,ITEM_052,view,1,2026-02-11
C00242,ITEM_032,view,1,2026-06-29
C00991,ITEM_036,play,3,2026-03-01
C00909,ITEM_077,view,1,2026-02-21
C00820,ITEM_072,view,1,2026-06-01
C00423,ITEM_048,play,3,2026-06-22
C00771,ITEM_025,play,3,2026-03-15
C01143,ITEM_035,view,1,2026-04-27
C00779,ITEM_026,view,1,2026-04-26
C00593,ITEM_033,view,1,2026-02-10
C00324,ITEM_029,view,1,2026-04-10
C00627,ITEM_035,view,1,2026-01-11
C00446,ITEM_039,play,3,2026-06-05
C00733,ITEM_051,play,3,2026-05-30
C00054,ITEM_071,purchase,5,2026-01-29
C00228,ITEM_042,view,1,2026-04-20
C00944,ITEM_016,view,1,2026-01-18
C00456,ITEM_014,view,1,2026-01-16
C00519,ITEM_052,view,1,2026-04-24
C00652,ITEM_079,view,1,2026-05-24
C00525,ITEM_024,play,3,2026-06-02
C00910,ITEM_007,view,1,2026-03-01
C00294,ITEM_006,view,1,2026-06-16
C00910,ITEM_021,view,1,2026-04-08
C00251,ITEM_076,purchase,5,2026-03-13
C00444,ITEM_062,view,1,2026-03-04
C00705,ITEM_062,play,3,2026-05-13
C01063,ITEM_026,play,3,2026-03-08
C00279,ITEM_076,view,1,2026-03-12
C00704,ITEM_032,view,1,2026-03-11
C00077,ITEM_032,view,1,2026-02-27
C00090,ITEM_075,view,1,2026-03-13
C00921,ITEM_060,view,1,2026-01-05
C00862,ITEM_023,view,1,2026-06-07
C00451,ITEM_052,play,3,2026-02-15
C00747,ITEM_028,play,3,2026-03-22
C00456,ITEM_049,view,1,2026-01-31
C00332,ITEM_010,view,1,2026-04-07
C00517,ITEM_003,view,1,2026-02-18
C00374,ITEM_077,view,1,2026-01-31
C00978,ITEM_005,play,3,2026-02-21
C00494,ITEM_032,view,1,2026-06-12
C00385,ITEM_015,play,3,2026-06-04
C00643,ITEM_001,view,1,2026-05-23
C00909,ITEM_059,play,3,2026-02-06
C00328,ITEM_022,view,1,2026-04-27
C01127,ITEM_063,view,1,2026-05-28
C00556,ITEM_043,play,3,2026-04-27
C00793,ITEM_051,view,1,2026-06-04
C01148,ITEM_053,view,1,2026-02-06
C00518,ITEM_015,play,3,2026-03-25
C00239,ITEM_036,view,1,2026-03-01
C00897,ITEM_062,view,1,2026-05-11
C00007,ITEM_018,view,1,2026-01-24
C00549,ITEM_009,view,1,2026-02-27
C01175,ITEM_033,view,1,2026-05-07
C00497,ITEM_071,play,3,2026-01-04
C00820,ITEM_025,view,1,2026-02-16
C00630,ITEM_030,view,1,2026-05-08
C00257,ITEM_010,view,1,2026-02-13
C00381,ITEM_058,view,1,2026-04-20
C00628,ITEM_027,play,3,2026-03-14
C00125,ITEM_013,view,1,2026-03-25
C00497,ITEM_008,view,1,2026-03-06
C00497,ITEM_025,view,1,2026-06-11
C01001,ITEM_016,play,3,2026-05-10
C00148,ITEM_039,view,1,2026-05-11
C01011,ITEM_034,view,1,2026-05-23
C00492,ITEM_039,purchase,5,2026-03-18
C00781,ITEM_029,view,1,2026-01-19
C00668,ITEM_007,view,1,2026-01-10
C00359,ITEM_062,play,3,2026-03-28
C01116,ITEM_043,purchase,5,2026-06-07
C00269,ITEM_014,view,1,2026-03-28
C00043,ITEM_006,purchase,5,2026-06-27
C00900,ITEM_075,view,1,2026-04-05
C00745,ITEM_073,purchase,5,2026-04-25
C01068,ITEM_015,view,1,2026-01-14
C00549,ITEM_033,view,1,2026-05-19
C00020,ITEM_046,view,1,2026-06-10
C00024,ITEM_035,play,3,2026-04-02
C00519,ITEM_066,purchase,5,2026-06-12
C00299,ITEM_046,view,1,2026-02-12
C01106,ITEM_021,view,1,2026-03-30
C00142,ITEM_062,view,1,2026-06-14
C01056,ITEM_069,view,1,2026-04-19
C00260,ITEM_005,play,3,2026-05-04
C00143,ITEM_068,view,1,2026-03-14
C00329,ITEM_056,purchase,5,2026-04-09
C00172,ITEM_073,purchase,5,2026-03-08
C00481,ITEM_072,view,1,2026-05-03
C00396,ITEM_003,view,1,2026-01-11
C00634,ITEM_035,purchase,5,2026-04-03
C00644,ITEM_005,play,3,2026-06-17
C00001,ITEM_001,play,3,2026-01-11
C00149,ITEM_073,view,1,2026-03-23
C00194,ITEM_019,view,1,2026-04-29
C00233,ITEM_004,play,3,2026-01-16
C00112,ITEM_075,view,1,2026-01-01
C00377,ITEM_032,play,3,2026-01-30
C00659,ITEM_009,play,3,2026-02-09
C00370,ITEM_020,view,1,2026-06-08
C00394,ITEM_001,view,1,2026-01-29
C00563,ITEM_054,view,1,2026-04-26
C00658,ITEM_074,play,3,2026-03-03
C00397,ITEM_031,view,1,2026-04-07
C00266,ITEM_069,view,1,2026-06-13
C00491,ITEM_027,purchase,5,2026-06-04
C00029,ITEM_036,play,3,2026-01-15
C00591,ITEM_017,view,1,2026-01-17
C01129,ITEM_000,play,3,2026-03-06
C00477,ITEM_013,view,1,2026-05-26
C00129,ITEM_046,purchase,5,2026-05-17
C00848,ITEM_007,play,3,2026-04-22
C00152,ITEM_065,view,1,2026-06-05
C00232,ITEM_073,view,1,2026-02-02
C00175,ITEM_022,view,1,2026-05-13
C01060,ITEM_021,play,3,2026-06-24
C01177,ITEM_013,play,3,2026-06-23
C00683,ITEM_032,view,1,2026-05-09
C00741,ITEM_072,purchase,5,2026-05-06
C00774,ITEM_031,view,1,2026-02-10
C00732,ITEM_061,play,3,2026-05-15
C00652,ITEM_025,play,3,2026-02-14
C01184,ITEM_035,view,1,2026-03-17
C00879,ITEM_039,view,1,2026-01-22
C00106,ITEM_072,play,3,2026-02-24
C00470,ITEM_039,play,3,2026-01-14
C01169,ITEM_048,view,1,2026-03-25
C00484,ITEM_068,play,3,2026-01-14
C00244,ITEM_075,view,1,2026-05-19
C01042,ITEM_071,view,1,2026-04-29
C00747,ITEM_008,play,3,2026-04-28
C00675,ITEM_008,view,1,2026-05-07
C00504,ITEM_034,play,3,2026-05-19
C00149,ITEM_028,view,1,2026-05-02
C00460,ITEM_054,view,1,2026-04-23
C00524,ITEM_034,view,1,2026-02-02
C01117,ITEM_032,view,1,2026-05-12
C00368,ITEM_007,view,1,2026-03-29
C00179,ITEM_027,play,3,2026-01-29
C00513,ITEM_045,view,1,2026-03-28
C01196,ITEM_055,purchase,5,2026-02-28
C00578,ITEM_013,view,1,2026-02-05
C00454,ITEM_048,view,1,2026-04-12
C00800,ITEM_045,purchase,5,2026-06-11
C00778,ITEM_022,view,1,2026-01-03
C00359,ITEM_071,view,1,2026-01-25
C01161,ITEM_035,play,3,2026-06-14
C00711,ITEM_021,play,3,2026-05-05
C00069,ITEM_056,view,1,2026-02-13
C00489,ITEM_015,view,1,2026-03-08
C01107,ITEM_050,purchase,5,2026-01-16
C00472,ITEM_054,view,1,2026-06-01
C00681,ITEM_036,play,3,2026-04-30
C00735,ITEM_016,view,1,2026-02-11
C00845,ITEM_020,view,1,2026-02-04
C01046,ITEM_017,play,3,2026-05-05
C00179,ITEM_009,purchase,5,2026-04-12
C00620,ITEM_079,view,1,2026-05-15
C00640,ITEM_067,view,1,2026-02-14
C00182,ITEM_041,play,3,2026-06-28
C00808,ITEM_065,view,1,2026-01-30
C00141,ITEM_052,play,3,2026-02-02
C00547,ITEM_049,view,1,2026-05-13
C00396,ITEM_057,view,1,2026-04-12
C00185,ITEM_045,play,3,2026-03-11
C00986,ITEM_044,purchase,5,2026-05-13
C00292,ITEM_010,view,1,2026-04-14
C00306,ITEM_048,play,3,2026-03-14
C01025,ITEM_035,view,1,2026-02-08
C01052,ITEM_019,view,1,2026-05-10
C00041,ITEM_038,view,1,2026-04-10
C00333,ITEM_066,play,3,2026-06-10
C00850,ITEM_036,view,1,2026-03-17
C00933,ITEM_038,view,1,2026-02-17
C01199,ITEM_019,play,3,2026-01-10
C00665,ITEM_064,view,1,2026-02-18
C00008,ITEM_009,view,1,2026-05-11
C01048,ITEM_066,view,1,2026-02-21
C00193,ITEM_074,play,3,2026-04-10
C00144,ITEM_014,play,3,2026-02-08
C00808,ITEM_044,play,3,2026-06-16
C00724,ITEM_046,view,1,2026-06-12
C00071,ITEM_069,view,1,2026-05-26
C00203,ITEM_026,play,3,2026-05-12
C00707,ITEM_053,view,1,2026-04-13
C00306,ITEM_007,view,1,2026-01-02
C00820,ITEM_065,view,1,2026-01-08
C00494,ITEM_060,view,1,2026-03-21
C00705,ITEM_017,view,1,2026-05-16
C00569,ITEM_010,purchase,5,2026-01-24
C00438,ITEM_008,view,1,2026-04-09
C00410,ITEM_066,view,1,2026-06-21
C00836,ITEM_049,view,1,2026-05-31
C00617,ITEM_029,view,1,2026-04-10
C00713,ITEM_043,view,1,2026-04-14
C00692,ITEM_044,purchase,5,2026-01-12
C00249,ITEM_007,view,1,2026-01-01
C01095,ITEM_035,play,3,2026-02-26
C00675,ITEM_048,view,1,2026-05-27
C00861,ITEM_048,view,1,2026-01-02
C01058,ITEM_014,purchase,5,2026-05-24
C01109,ITEM_074,play,3,2026-02-16
C00800,ITEM_008,play,3,2026-01-18
C00944,ITEM_068,play,3,2026-01-18
C00566,ITEM_078,purchase,5,2026-05-04
C00885,ITEM_060,view,1,2026-01-09
C00385,ITEM_044,view,1,2026-04-05
C00854,ITEM_015,view,1,2026-06-18
C00103,ITEM_026,purchase,5,2026-04-17
C01097,ITEM_043,view,1,2026-03-02
C00293,ITEM_007,view,1,2026-06-10
C00787,ITEM_056,view,1,2026-01-14
C00013,ITEM_073,view,1,2026-02-14
C00186,ITEM_059,view,1,2026-01-31
C01183,ITEM_075,view,1,2026-01-03
C01000,ITEM_037,view,1,2026-06-21
C00266,ITEM_020,play,3,2026-02-07
C00157,ITEM_001,view,1,2026-01-14
C00977,ITEM_034,view,1,2026-06-14
C01188,ITEM_009,view,1,2026-06-23
C00202,ITEM_051,view,1,2026-02-08
C00796,ITEM_064,view,1,2026-03-14
C00340,ITEM_008,view,1,2026-05-02
C00893,ITEM_041,view,1,2026-03-18
C00501,ITEM_042,play,3,2026-05-23
C00150,ITEM_024,view,1,2026-02-14
C00389,ITEM_017,view,1,2026-05-27
C00646,ITEM_057,view,1,2026-04-11
C00958,ITEM_018,view,1,2026-01-02
C00025,ITEM_002,view,1,2026-04-22
C01149,ITEM_048,view,1,2026-01-02
C00779,ITEM_005,view,1,2026-06-02
C01050,ITEM_024,view,1,2026-06-28
C01116,ITEM_006,play,3,2026-01-28
C00184,ITEM_044,view,1,2026-04-05
C00112,ITEM_017,view,1,2026-03-02
C00932,ITEM_020,view,1,2026-01-12
C00225,ITEM_031,view,1,2026-05-02
C00177,ITEM_039,play,3,2026-01-05
C00562,ITEM_057,view,1,2026-01-05
C01096,ITEM_074,view,1,2026-05-26
C00954,ITEM_048,purchase,5,2026-02-20
C00621,ITEM_038,view,1,2026-06-12
C00235,ITEM_046,view,1,2026-04-17
C00403,ITEM_040,view,1,2026-04-05
C00826,ITEM_000,purchase,5,2026-03-15
C00188,ITEM_039,view,1,2026-03-08
C00629,ITEM_059,play,3,2026-02-10
C00014,ITEM_068,view,1,2026-05-07
C00390,ITEM_007,play,3,2026-04-20
C00297,ITEM_054,view,1,2026-01-05
C00817,ITEM_008,view,1,2026-02-28
C01096,ITEM_002,view,1,2026-06-11
C00175,ITEM_003,view,1,2026-03-30
C00956,ITEM_009,view,1,2026-02-16
C00787,ITEM_006,play,3,2026-02-11
C01163,ITEM_046,play,3,2026-02-04
C01093,ITEM_073,play,3,2026-06-04
C00120,ITEM_060,purchase,5,2026-02-25
C00891,ITEM_058,view,1,2026-02-23
C00710,ITEM_009,play,3,2026-01-12
C00135,ITEM_075,view,1,2026-06-10
C00308,ITEM_040,purchase,5,2026-03-12
C01112,ITEM_002,view,1,2026-05-07
C00651,ITEM_051,view,1,2026-05-09
C00406,ITEM_056,view,1,2026-03-05
C00384,ITEM_032,play,3,2026-03-31
C01005,ITEM_057,play,3,2026-01-19
C00340,ITEM_055,play,3,2026-05-01
C00190,ITEM_046,view,1,2026-05-02
C00688,ITEM_027,view,1,2026-02-08
C01191,ITEM_079,purchase,5,2026-02-05
C00219,ITEM_049,play,3,2026-03-13
C00306,ITEM_036,view,1,2026-05-05
C00562,ITEM_061,view,1,2026-04-04
C00239,ITEM_019,play,3,2026-01-12
C00780,ITEM_076,play,3,2026-04-14
C00304,ITEM_058,view,1,2026-05-08
C00153,ITEM_051,play,3,2026-02-03
C00313,ITEM_021,play,3,2026-03-22
C01116,ITEM_028,view,1,2026-05-26
C01121,ITEM_075,view,1,2026-02-28
C00606,ITEM_057,view,1,2026-01-17
C00480,ITEM_008,play,3,2026-06-16
C00983,ITEM_064,view,1,2026-01-18
C00233,ITEM_009,play,3,2026-01-12
C00784,ITEM_033,view,1,2026-02-14
C00816,ITEM_033,view,1,2026-05-16
C00852,ITEM_029,play,3,2026-04-28
C00261,ITEM_039,purchase,5,2026-02-12
C00859,ITEM_012,view,1,2026-01-14
C00734,ITEM_052,view,1,2026-06-21
C01050,ITEM_054,view,1,2026-01-02
C00209,ITEM_068,view,1,2026-06-16
C00736,ITEM_035,view,1,2026-03-26
C00995,ITEM_042,view,1,2026-02-04
C00333,ITEM_010,view,1,2026-03-04
C00892,ITEM_027,play,3,2026-02-25
C00119,ITEM_044,play,3,2026-01-29
C00861,ITEM_033,play,3,2026-03-19
C00727,ITEM_079,view,1,2026-04-29
C00231,ITEM_022,view,1,2026-03-27
C00079,ITEM_004,view,1,2026-04-26
C00894,ITEM_069,purchase,5,2026-06-24
C00289,ITEM_041,view,1,2026-01-22
C00596,ITEM_005,view,1,2026-05-13
C00072,ITEM_074,view,1,2026-02-11
C01156,ITEM_016,play,3,2026-01-04
C00658,ITEM_076,view,1,2026-03-07
C01117,ITEM_027,view,1,2026-03-12
C00192,ITEM_027,play,3,2026-06-28
C00246,ITEM_016,view,1,2026-03-03
C00732,ITEM_013,view,1,2026-05-19
C00725,ITEM_064,view,1,2026-06-18
C00949,ITEM_033,purchase,5,2026-03-02
C01113,ITEM_044,play,3,2026-02-02
C00986,ITEM_025,view,1,2026-06-23
C00168,ITEM_033,play,3,2026-03-24
C00371,ITEM_038,play,3,2026-03-23
C01096,ITEM_024,view,1,2026-05-12
C00658,ITEM_047,view,1,2026-03-10
C01040,ITEM_037,view,1,2026-04-08
C00675,ITEM_061,play,3,2026-06-19
C00059,ITEM_062,view,1,2026-01-09
C00567,ITEM_050,play,3,2026-05-13
C00989,ITEM_008,view,1,2026-03-13
C00786,ITEM_071,play,3,2026-04-09
C00159,ITEM_055,view,1,2026-06-13
C00252,ITEM_058,play,3,2026-04-19
C01025,ITEM_051,view,1,2026-03-17
C01175,ITEM_041,view,1,2026-06-25
C00903,ITEM_045,view,1,2026-04-19
C00117,ITEM_009,view,1,2026-01-28
C00743,ITEM_073,view,1,2026-01-17
C00995,ITEM_064,play,3,2026-03-04
C00768,ITEM_072,view,1,2026-05-10
C00712,ITEM_057,view,1,2026-03-17
C00560,ITEM_021,view,1,2026-01-31
C00293,ITEM_026,view,1,2026-06-27
C00336,ITEM_069,view,1,2026-02-05
C00894,ITEM_018,view,1,2026-01-16
C00083,ITEM_049,view,1,2026-03-10
C00101,ITEM_052,purchase,5,2026-01-21
C00475,ITEM_014,view,1,2026-04-17
C00929,ITEM_006,play,3,2026-03-20
C00788,ITEM_002,play,3,2026-06-16
C00707,ITEM_062,play,3,2026-01-31
C00640,ITEM_023,view,1,2026-02-18
C00132,ITEM_018,purchase,5,2026-05-04
C00398,ITEM_072,view,1,2026-05-06
C00095,ITEM_047,play,3,2026-03-06
C00909,ITEM_001,view,1,2026-06-15
C00901,ITEM_024,play,3,2026-06-02
C00309,ITEM_038,purchase,5,2026-04-21
C00351,ITEM_038,purchase,5,2026-05-15
C00380,ITEM_062,view,1,2026-04-07
C01067,ITEM_064,play,3,2026-03-26
C00586,ITEM_002,view,1,2026-04-09
C00914,ITEM_022,play,3,2026-06-02
C00538,ITEM_048,view,1,2026-01-03
C00837,ITEM_002,play,3,2026-01-19
C00633,ITEM_045,view,1,2026-03-27
C00334,ITEM_006,view,1,2026-04-15
C01051,ITEM_045,view,1,2026-02-02
C00850,ITEM_005,view,1,2026-04-19
C00923,ITEM_059,view,1,2026-01-05
C01137,ITEM_036,play,3,2026-02-14
C00298,ITEM_076,play,3,2026-03-24
C00109,ITEM_006,play,3,2026-01-09
C00698,ITEM_069,play,3,2026-04-25
C00391,ITEM_033,view,1,2026-04-07
C00522,ITEM_039,view,1,2026-04-12
C00281,ITEM_055,view,1,2026-04-03
C00478,ITEM_049,view,1,2026-05-05
C00471,ITEM_070,view,1,2026-04-28
C00420,ITEM_066,play,3,2026-04-29
C00890,ITEM_017,view,1,2026-02-08
C00711,ITEM_021,play,3,2026-05-04
C00569,ITEM_070,view,1,2026-02-02
C00135,ITEM_064,play,3,2026-01-04
C00684,ITEM_078,view,1,2026-06-26
C00210,ITEM_073,play,3,2026-02-02
C00376,ITEM_050,view,1,2026-01-21
C00497,ITEM_076,view,1,2026-02-24
C00169,ITEM_058,view,1,2026-06-29
C00467,ITEM_070,view,1,2026-06-05
C00320,ITEM_038,view,1,2026-05-10
C01019,ITEM_077,view,1,2026-02-03
C01031,ITEM_005,view,1,2026-04-24
C00005,ITEM_072,purchase,5,2026-05-30
C00722,ITEM_076,view,1,2026-03-03
C00768,ITEM_063,view,1,2026-02-16
C00453,ITEM_075,play,3,2026-06-06
C00562,ITEM_033,view,1,2026-01-24
C00947,ITEM_025,play,3,2026-06-13
C00453,ITEM_010,view,1,2026-03-28
C00077,ITEM_015,view,1,2026-05-10
C00447,ITEM_069,view,1,2026-03-08
C00304,ITEM_005,view,1,2026-05-08
C00459,ITEM_016,view,1,2026-06-16
C00276,ITEM_039,play,3,2026-03-30
C00179,ITEM_028,view,1,2026-02-08
C01182,ITEM_073,purchase,5,2026-01-15
C00154,ITEM_002,view,1,2026-06-16
C00847,ITEM_003,view,1,2026-06-29
C00861,ITEM_021,play,3,2026-04-28
C00741,ITEM_048,play,3,2026-01-03
C01093,ITEM_028,view,1,2026-06-09
C00005,ITEM_066,view,1,2026-03-31
C00361,ITEM_007,view,1,2026-02-12
C00221,ITEM_030,view,1,2026-03-08
C00692,ITEM_051,play,3,2026-06-19
C00762,ITEM_048,view,1,2026-05-20
C01077,ITEM_041,play,3,2026-04-18
C00455,ITEM_035,view,1,2026-05-13
C00283,ITEM_007,view,1,2026-06-02
C01109,ITEM_005,view,1,2026-04-24
C00807,ITEM_004,view,1,2026-02-26
C00917,ITEM_040,view,1,2026-01-14
C00533,ITEM_070,purchase,5,2026-01-23
C00536,ITEM_007,play,3,2026-02-12
C00466,ITEM_005,play,3,2026-05-19
C00899,ITEM_054,view,1,2026-01-17
C00252,ITEM_040,purchase,5,2026-01-23
C01170,ITEM_024,play,3,2026-06-26
C00211,ITEM_001,play,3,2026-03-14
C00553,ITEM_064,view,1,2026-01-24
C00377,ITEM_052,view,1,2026-06-07
C00771,ITEM_046,play,3,2026-06-24
C00816,ITEM_018,view,1,2026-04-01
C01102,ITEM_074,view,1,2026-01-21
C00947,ITEM_005,view,1,2026-04-23
C00298,ITEM_059,view,1,2026-06-05
C00247,ITEM_058,view,1,2026-06-23
C01063,ITEM_057,play,3,2026-04-14
C00585,ITEM_048,play,3,2026-06-19
C00117,ITEM_024,view,1,2026-05-30
C00989,ITEM_036,view,1,2026-01-30
C00778,ITEM_035,purchase,5,2026-04-25
C00030,ITEM_069,view,1,2026-04-30
C00939,ITEM_059,view,1,2026-05-19
C00728,ITEM_038,view,1,2026-04-06
C00737,ITEM_057,view,1,2026-05-12
C01037,ITEM_077,play,3,2026-04-16
C00594,ITEM_055,view,1,2026-02-16
C00553,ITEM_028,play,3,2026-03-29
C00740,ITEM_000,view,1,2026-06-18
C00237,ITEM_070,purchase,5,2026-06-01
C00181,ITEM_001,play,3,2026-04-26
C01012,ITEM_040,view,1,2026-02-27
C00258,ITEM_005,view,1,2026-02-06
C00605,ITEM_070,view,1,2026-02-21
C00323,ITEM_002,purchase,5,2026-02-25
C00276,ITEM_054,play,3,2026-06-23
C00717,ITEM_061,view,1,2026-04-06
C00962,ITEM_058,view,1,2026-03-12
C00530,ITEM_043,purchase,5,2026-06-08
C00166,ITEM_047,play,3,2026-03-08
C00293,ITEM_040,view,1,2026-05-24
C00197,ITEM_060,view,1,2026-04-26
C01059,ITEM_006,view,1,2026-02-24
C00383,ITEM_071,play,3,2026-06-22
C00448,ITEM_061,view,1,2026-05-04
C00085,ITEM_077,play,3,2026-06-28
C00535,ITEM_007,view,1,2026-01-01
C01096,ITEM_016,view,1,2026-02-20
C00491,ITEM_017,view,1,2026-03-01
C00781,ITEM_032,play,3,2026-05-02
C00218,ITEM_065,view,1,2026-06-01
C00171,ITEM_062,play,3,2026-01-22
C00877,ITEM_055,view,1,2026-01-28
C00078,ITEM_031,play,3,2026-05-02
C00538,ITEM_007,play,3,2026-03-05
C00380,ITEM_055,play,3,2026-05-06
C00019,ITEM_005,view,1,2026-01-01
C00637,ITEM_016,play,3,2026-04-05
C01156,ITEM_032,view,1,2026-01-05
C00082,ITEM_062,view,1,2026-06-21
C00978,ITEM_048,play,3,2026-01-27
C00647,ITEM_008,play,3,2026-02-02
C00868,ITEM_019,view,1,2026-01-19
C00115,ITEM_067,purchase,5,2026-02-09
C01042,ITEM_046,view,1,2026-03-30
C00013,ITEM_052,purchase,5,2026-04-22
C01088,ITEM_028,play,3,2026-06-12
C00789,ITEM_065,purchase,5,2026-06-08
C00404,ITEM_047,play,3,2026-01-16
C00008,ITEM_006,purchase,5,2026-03-18
C00733,ITEM_058,play,3,2026-06-06
C00104,ITEM_023,view,1,2026-01-30
C00730,ITEM_067,view,1,2026-05-01
C00927,ITEM_051,play,3,2026-03-18
C00320,ITEM_015,view,1,2026-01-31
C00286,ITEM_002,purchase,5,2026-01-12
C00266,ITEM_006,view,1,2026-02-22
C00269,ITEM_019,play,3,2026-01-01
C00136,ITEM_009,view,1,2026-02-04
C00299,ITEM_052,play,3,2026-04-09
C00791,ITEM_013,purchase,5,2026-05-23
C00363,ITEM_035,view,1,2026-04-01
C00937,ITEM_025,play,3,2026-05-11
C00983,ITEM_052,view,1,2026-01-14
C00913,ITEM_002,play,3,2026-02-24
C00647,ITEM_032,play,3,2026-04-29
C00379,ITEM_066,view,1,2026-01-10
C01115,ITEM_019,view,1,2026-04-16
C00246,ITEM_067,view,1,2026-01-31
C00557,ITEM_013,view,1,2026-03-17
C00544,ITEM_057,play,3,2026-04-24
C00894,ITEM_022,view,1,2026-06-27
C00656,ITEM_028,purchase,5,2026-01-17
C00959,ITEM_041,purchase,5,2026-04-10
C01102,ITEM_056,purchase,5,2026-04-07
C00468,ITEM_042,view,1,2026-01-12
C01049,ITEM_045,view,1,2026-04-21
C00203,ITEM_023,play,3,2026-01-14
C01099,ITEM_052,play,3,2026-05-04
C00213,ITEM_005,purchase,5,2026-02-07
C01020,ITEM_007,view,1,2026-01-23
C00468,ITEM_012,view,1,2026-01-13
C01157,ITEM_069,purchase,5,2026-03-24
C00155,ITEM_049,play,3,2026-02-12
C00558,ITEM_027,view,1,2026-03-25
C01082,ITEM_050,play,3,2026-06-11
C00056,ITEM_021,view,1,2026-05-31
C00318,ITEM_058,view,1,2026-05-16
C00100,ITEM_031,view,1,2026-03-26
C00385,ITEM_049,view,1,2026-01-21
C00468,ITEM_019,view,1,2026-03-15
C00742,ITEM_002,view,1,2026-01-04
C00309,ITEM_079,view,1,2026-01-23
C00190,ITEM_052,view,1,2026-02-24
C00203,ITEM_051,view,1,2026-05-06
C01126,ITEM_048,view,1,2026-05-22
C01143,ITEM_071,play,3,2026-04-22
C00265,ITEM_001,play,3,2026-02-16
C00234,ITEM_076,view,1,2026-05-10
C00065,ITEM_036,view,1,2026-06-29
C01151,ITEM_046,play,3,2026-04-29
C00847,ITEM_075,play,3,2026-05-18
C00913,ITEM_064,purchase,5,2026-06-07
C00348,ITEM_028,purchase,5,2026-05-09
C00769,ITEM_072,play,3,2026-06-07
C00071,ITEM_006,play,3,2026-02-23
C00811,ITEM_012,view,1,2026-02-25
C00695,ITEM_018,play,3,2026-02-01
C00397,ITEM_021,purchase,5,2026-02-02
C00852,ITEM_053,play,3,2026-04-10
C00775,ITEM_032,view,1,2026-06-16
C00526,ITEM_068,view,1,2026-02-09
C00224,ITEM_049,view,1,2026-05-09
C00028,ITEM_048,view,1,2026-01-14
C01125,ITEM_061,play,3,2026-06-24
C00337,ITEM_032,play,3,2026-04-05
C00362,ITEM_027,view,1,2026-03-31
C00817,ITEM_008,play,3,2026-03-06
C00306,ITEM_067,view,1,2026-06-23
C00450,ITEM_018,view,1,2026-03-17
C00853,ITEM_052,view,1,2026-01-23
C00714,ITEM_063,view,1,2026-04-12
C00787,ITEM_029,play,3,2026-04-17
C00005,ITEM_013,play,3,2026-05-15
C00541,ITEM_054,play,3,2026-03-31
C00570,ITEM_026,view,1,2026-02-20
C00758,ITEM_068,play,3,2026-01-01
C00181,ITEM_035,view,1,2026-06-27
C00191,ITEM_026,view,1,2026-02-04
C00914,ITEM_058,view,1,2026-03-05
C00807,ITEM_030,play,3,2026-01-28
C00973,ITEM_063,purchase,5,2026-02-12
C00324,ITEM_055,view,1,2026-01-11
C01197,ITEM_070,play,3,2026-03-03
C00327,ITEM_034,view,1,2026-06-20
C00781,ITEM_006,view,1,2026-02-10
C00194,ITEM_014,play,3,2026-06-23
C01102,ITEM_000,play,3,2026-04-25
C00398,ITEM_068,play,3,2026-06-10
C00962,ITEM_019,play,3,2026-04-22
C00397,ITEM_016,view,1,2026-06-27
C00949,ITEM_048,purchase,5,2026-04-10
C00545,ITEM_019,purchase,5,2026-05-30
C00074,ITEM_078,view,1,2026-01-07
C00228,ITEM_069,view,1,2026-06-17
C00820,ITEM_036,view,1,2026-01-04
C00231,ITEM_051,play,3,2026-02-05
C00330,ITEM_030,purchase,5,2026-05-13
C00650,ITEM_034,play,3,2026-02-16
C00303,ITEM_038,view,1,2026-01-08
C00154,ITEM_030,view,1,2026-06-05
C00749,ITEM_034,view,1,2026-04-03
C00826,ITEM_014,view,1,2026-03-28
C00879,ITEM_052,view,1,2026-02-26
C01132,ITEM_005,view,1,2026-05-10
C00149,ITEM_072,view,1,2026-02-26
C00512,ITEM_072,view,1,2026-04-12
C00280,ITEM_016,play,3,2026-01-24
C01081,ITEM_003,view,1,2026-02-25
C00647,ITEM_038,view,1,2026-01-06
C00117,ITEM_004,view,1,2026-02-21
C00830,ITEM_032,purchase,5,2026-03-10
C00051,ITEM_060,play,3,2026-05-15
C00329,ITEM_024,play,3,2026-05-29
C00865,ITEM_071,play,3,2026-04-06
C00607,ITEM_001,play,3,2026-06-16
C00913,ITEM_056,play,3,2026-03-06
C00685,ITEM_040,view,1,2026-03-30
C01011,ITEM_019,view,1,2026-04-22
C00675,ITEM_034,view,1,2026-02-01
C00068,ITEM_021,view,1,2026-03-17
C00085,ITEM_049,view,1,2026-06-11
C00932,ITEM_076,view,1,2026-03-27
C00046,ITEM_040,view,1,2026-06-17
C00451,ITEM_056,view,1,2026-05-03
C00019,ITEM_048,view,1,2026-01-31
C00364,ITEM_066,view,1,2026-03-24
C00714,ITEM_045,view,1,2026-03-07
C00207,ITEM_035,view,1,2026-06-20
C00559,ITEM_009,play,3,2026-03-02
C01195,ITEM_062,view,1,2026-03-29
C00084,ITEM_071,view,1,2026-05-05
C00076,ITEM_078,view,1,2026-06-23
C00325,ITEM_058,view,1,2026-04-09
C00992,ITEM_028,view,1,2026-06-02
C00486,ITEM_056,view,1,2026-01-22
C00767,ITEM_025,view,1,2026-06-10
C00040,ITEM_071,purchase,5,2026-02-07
C00882,ITEM_003,play,3,2026-05-18
C00080,ITEM_071,view,1,2026-04-07
C00854,ITEM_058,view,1,2026-04-19
C00177,ITEM_071,play,3,2026-01-17
C01030,ITEM_019,view,1,2026-04-06
C00355,ITEM_040,purchase,5,2026-01-16
C00220,ITEM_020,view,1,2026-04-10
C00404,ITEM_056,view,1,2026-03-15
C00000,ITEM_050,view,1,2026-02-06
C00198,ITEM_055,purchase,5,2026-03-30
C00718,ITEM_059,purchase,5,2026-02-08
C00360,ITEM_003,play,3,2026-01-15
C00424,ITEM_032,view,1,2026-01-07
C00968,ITEM_020,play,3,2026-03-03
C00148,ITEM_075,view,1,2026-05-15
C00475,ITEM_042,view,1,2026-04-14
C00223,ITEM_012,play,3,2026-01-23
C00579,ITEM_031,purchase,5,2026-03-21
C00398,ITEM_042,view,1,2026-04-15
C00055,ITEM_025,view,1,2026-02-12
C00084,ITEM_049,view,1,2026-01-25
C01022,ITEM_061,view,1,2026-02-14
C00068,ITEM_049,view,1,2026-01-12
C00939,ITEM_046,play,3,2026-02-13
C01099,ITEM_052,view,1,2026-04-07
C00558,ITEM_023,play,3,2026-05-25
C00374,ITEM_050,view,1,2026-06-07
C00931,ITEM_004,view,1,2026-05-02
C01178,ITEM_063,view,1,2026-03-06
C00144,ITEM_030,view,1,2026-06-18
C01157,ITEM_065,view,1,2026-06-15
C01132,ITEM_020,play,3,2026-03-06
C00171,ITEM_078,purchase,5,2026-01-02
C00065,ITEM_041,view,1,2026-03-20
C00857,ITEM_075,view,1,2026-03-25
C00093,ITEM_023,purchase,5,2026-05-02
C00720,ITEM_041,view,1,2026-01-27
C00077,ITEM_057,play,3,2026-04-09
C00828,ITEM_056,purchase,5,2026-02-26
C00278,ITEM_020,play,3,2026-03-31
C00115,ITEM_032,view,1,2026-01-05
C00079,ITEM_018,play,3,2026-04-06
C00226,ITEM_052,view,1,2026-01-07
C00648,ITEM_033,view,1,2026-06-03
C00091,ITEM_000,purchase,5,2026-05-09
C00962,ITEM_023,view,1,2026-06-15
C00724,ITEM_029,play,3,2026-04-28
C00356,ITEM_044,view,1,2026-06-26
C01183,ITEM_073,view,1,2026-02-07
C00790,ITEM_078,play,3,2026-01-02
C00806,ITEM_054,play,3,2026-06-12
C00208,ITEM_072,view,1,2026-04-29
C00852,ITEM_001,play,3,2026-05-04
C00671,ITEM_068,view,1,2026-02-22
C01181,ITEM_041,purchase,5,2026-03-02
C00573,ITEM_029,play,3,2026-05-03
C00813,ITEM_029,play,3,2026-03-15
C00409,ITEM_027,view,1,2026-01-14
C00048,ITEM_064,view,1,2026-02-22
C00153,ITEM_036,purchase,5,2026-03-11
C01040,ITEM_009,view,1,2026-05-30
C00885,ITEM_072,view,1,2026-03-03
C00437,ITEM_048,play,3,2026-03-30
C00837,ITEM_031,play,3,2026-04-18
C00005,ITEM_056,play,3,2026-01-25
C00044,ITEM_028,play,3,2026-04-15
C00608,ITEM_047,purchase,5,2026-02-06
C00749,ITEM_000,view,1,2026-06-08
C01124,ITEM_021,play,3,2026-02-23
C00911,ITEM_027,play,3,2026-02-24
C00308,ITEM_063,play,3,2026-03-14
C00978,ITEM_060,view,1,2026-03-06
C00589,ITEM_063,view,1,2026-04-17
C00991,ITEM_038,view,1,2026-05-11
C00208,ITEM_028,play,3,2026-06-23
C00031,ITEM_042,view,1,2026-06-09
C00069,ITEM_021,play,3,2026-02-17
C01189,ITEM_042,play,3,2026-04-19
C00096,ITEM_053,view,1,2026-03-01
C01127,ITEM_077,view,1,2026-05-25
C00872,ITEM_029,view,1,2026-01-05
C00175,ITEM_009,view,1,2026-06-29
C01036,ITEM_027,view,1,2026-03-09
C00173,ITEM_066,view,1,2026-05-15
C00171,ITEM_036,play,3,2026-05-02
C00690,ITEM_033,view,1,2026-03-08
C00345,ITEM_036,view,1,2026-06-23
C00348,ITEM_020,view,1,2026-02-18
C00234,ITEM_066,play,3,2026-05-14
C00729,ITEM_053,view,1,2026-06-17
C00032,ITEM_076,view,1,2026-01-22
C00294,ITEM_007,purchase,5,2026-06-15
C00664,ITEM_057,view,1,2026-06-10
C00583,ITEM_006,view,1,2026-03-10
C00839,ITEM_007,view,1,2026-05-31
C00259,ITEM_067,play,3,2026-01-02
C00777,ITEM_027,play,3,2026-02-04
C00911,ITEM_025,view,1,2026-05-16
C00465,ITEM_015,play,3,2026-06-18
C00308,ITEM_008,play,3,2026-01-23
C00666,ITEM_053,play,3,2026-05-09
C00694,ITEM_041,purchase,5,2026-01-19
C00112,ITEM_047,play,3,2026-05-21
C00678,ITEM_012,view,1,2026-06-11
C00185,ITEM_078,view,1,2026-03-24
C00682,ITEM_000,purchase,5,2026-01-19
C01118,ITEM_035,view,1,2026-02-06
C00644,ITEM_041,view,1,2026-04-02
C00913,ITEM_008,purchase,5,2026-05-24
C00371,ITEM_046,play,3,2026-04-04
C01107,ITEM_047,play,3,2026-03-27
C00975,ITEM_042,play,3,2026-04-19
C01100,ITEM_029,view,1,2026-06-24
C00889,ITEM_074,play,3,2026-05-23
C00779,ITEM_014,purchase,5,2026-01-28
C00630,ITEM_059,view,1,2026-02-05
C01113,ITEM_029,view,1,2026-03-05
C01017,ITEM_030,play,3,2026-02-18
C00500,ITEM_019,view,1,2026-05-13
C00102,ITEM_053,view,1,2026-06-28
C00004,ITEM_015,view,1,2026-04-14
C00280,ITEM_029,view,1,2026-06-10
C00075,ITEM_038,view,1,2026-03-19
C00253,ITEM_000,play,3,2026-05-04
C00131,ITEM_064,play,3,2026-05-07
C01177,ITEM_026,play,3,2026-02-22
C00114,ITEM_070,view,1,2026-05-13
C00752,ITEM_051,view,1,2026-04-07
C00422,ITEM_020,view,1,2026-04-14
C00209,ITEM_052,play,3,2026-02-15
C00841,ITEM_035,purchase,5,2026-02-27
C01164,ITEM_038,view,1,2026-06-04
C00948,ITEM_067,purchase,5,2026-04-22
C01170,ITEM_051,view,1,2026-01-24
C00708,ITEM_079,view,1,2026-04-09
C00808,ITEM_074,play,3,2026-04-22
C00175,ITEM_067,view,1,2026-05-24
C01022,ITEM_037,purchase,5,2026-06-03
C00897,ITEM_039,view,1,2026-04-28
C00304,ITEM_070,play,3,2026-01-03
C00425,ITEM_069,view,1,2026-03-31
C00733,ITEM_029,view,1,2026-02-07
C00015,ITEM_056,view,1,2026-01-04
C00981,ITEM_047,purchase,5,2026-06-16
C00336,ITEM_009,view,1,2026-01-31
C00089,ITEM_009,play,3,2026-02-14
C00396,ITEM_006,view,1,2026-03-02
C01002,ITEM_020,view,1,2026-03-25
C00329,ITEM_074,view,1,2026-04-19
C00647,ITEM_025,play,3,2026-02-25
C00974,ITEM_073,view,1,2026-05-23
C00040,ITEM_035,view,1,2026-01-29
C00911,ITEM_036,view,1,2026-06-22
C00346,ITEM_020,view,1,2026-06-04
C00834,ITEM_052,view,1,2026-04-18
C00225,ITEM_047,view,1,2026-01-09
C00166,ITEM_024,view,1,2026-05-12
C00945,ITEM_062,play,3,2026-05-07
C00969,ITEM_056,view,1,2026-04-22
C01177,ITEM_056,play,3,2026-02-20
C00812,ITEM_035,view,1,2026-03-19
C00559,ITEM_051,purchase,5,2026-03-16
C00233,ITEM_027,purchase,5,2026-04-20
C00354,ITEM_079,view,1,2026-03-01
C00777,ITEM_035,view,1,2026-03-14
C00415,ITEM_021,view,1,2026-06-13
C00580,ITEM_036,play,3,2026-03-23
C00201,ITEM_075,view,1,2026-04-18
C00527,ITEM_075,view,1,2026-06-13
C00285,ITEM_028,view,1,2026-06-20
C00134,ITEM_070,view,1,2026-04-12
C00158,ITEM_024,play,3,2026-02-17
C00621,ITEM_015,play,3,2026-01-19
C00439,ITEM_017,play,3,2026-06-04
C00119,ITEM_022,play,3,2026-04-05
C00617,ITEM_023,play,3,2026-04-12
C00197,ITEM_023,view,1,2026-06-21
C00018,ITEM_030,purchase,5,2026-03-08
C00159,ITEM_000,play,3,2026-01-19
C00538,ITEM_030,play,3,2026-05-02
C01144,ITEM_042,purchase,5,2026-06-24
C00290,ITEM_032,view,1,2026-01-31
C00341,ITEM_038,play,3,2026-06-27
C00291,ITEM_018,play,3,2026-04-08
C00426,ITEM_009,view,1,2026-04-11
C00860,ITEM_072,play,3,2026-06-22
C00386,ITEM_079,view,1,2026-03-01
C00789,ITEM_032,view,1,2026-05-15
C01077,ITEM_060,view,1,2026-01-02
C01135,ITEM_011,play,3,2026-05-01
C00675,ITEM_014,play,3,2026-01-03
C00855,ITEM_041,view,1,2026-01-01
C01102,ITEM_056,view,1,2026-03-11
C00944,ITEM_056,view,1,2026-03-09
C00359,ITEM_027,view,1,2026-05-21
C00158,ITEM_070,view,1,2026-06-10
C00137,ITEM_050,view,1,2026-06-19
C01058,ITEM_025,play,3,2026-04-23
C00667,ITEM_037,view,1,2026-01-28
C00355,ITEM_023,view,1,2026-05-01
C00414,ITEM_011,play,3,2026-03-29
C00338,ITEM_000,view,1,2026-04-06
C00962,ITEM_036,play,3,2026-04-01
C00734,ITEM_000,view,1,2026-06-08
C01055,ITEM_076,view,1,2026-03-10
C00362,ITEM_070,view,1,2026-06-23
C00567,ITEM_059,view,1,2026-04-08
C00146,ITEM_060,purchase,5,2026-05-04
C01165,ITEM_050,play,3,2026-06-16
C00614,ITEM_058,play,3,2026-05-27
C00663,ITEM_067,view,1,2026-03-20
C00496,ITEM_041,purchase,5,2026-02-06
C00325,ITEM_066,view,1,2026-01-25
C01138,ITEM_018,view,1,2026-03-07
C00586,ITEM_071,purchase,5,2026-04-30
C00809,ITEM_056,view,1,2026-05-24
C00044,ITEM_008,view,1,2026-01-06
C00331,ITEM_014,view,1,2026-03-25
C00964,ITEM_010,view,1,2026-06-19
C00105,ITEM_019,play,3,2026-05-28
C00121,ITEM_063,view,1,2026-06-19
C00971,ITEM_066,purchase,5,2026-06-22
C00370,ITEM_079,view,1,2026-01-17
C00328,ITEM_010,view,1,2026-05-03
C00678,ITEM_045,play,3,2026-04-10
C00233,ITEM_065,play,3,2026-03-27
C00051,ITEM_077,view,1,2026-05-24
C00005,ITEM_007,view,1,2026-06-18
C00095,ITEM_053,play,3,2026-03-25
C00190,ITEM_006,play,3,2026-04-27
C00835,ITEM_006,view,1,2026-03-28
C00357,ITEM_066,view,1,2026-04-25
C00086,ITEM_074,play,3,2026-06-24
C00017,ITEM_014,view,1,2026-05-27
C00572,ITEM_067,view,1,2026-02-11
C01008,ITEM_072,purchase,5,2026-06-06
C00406,ITEM_042,view,1,2026-04-05
C00076,ITEM_013,view,1,2026-04-16
C00273,ITEM_059,view,1,2026-01-21
C00599,ITEM_043,view,1,2026-03-22
C00226,ITEM_028,view,1,2026-02-24
C01174,ITEM_069,view,1,2026-01-16
C00916,ITEM_049,view,1,2026-06-03
C00413,ITEM_021,view,1,2026-01-24
C01141,ITEM_033,play,3,2026-05-09
C00390,ITEM_024,view,1,2026-05-15
C00168,ITEM_042,view,1,2026-04-21
C01125,ITEM_021,view,1,2026-06-01
C01151,ITEM_050,view,1,2026-01-21
C00375,ITEM_035,view,1,2026-01-03
C00713,ITEM_004,view,1,2026-06-03
C00207,ITEM_000,view,1,2026-02-02
C00769,ITEM_007,view,1,2026-02-23
C00828,ITEM_012,view,1,2026-05-05
C00851,ITEM_006,play,3,2026-04-07
C00682,ITEM_052,purchase,5,2026-02-06
C00844,ITEM_047,play,3,2026-02-12
C00666,ITEM_001,view,1,2026-05-31
C00983,ITEM_033,play,3,2026-04-04
C00215,ITEM_023,view,1,2026-06-16
C00580,ITEM_040,view,1,2026-04-12
C00499,ITEM_046,purchase,5,2026-04-30
C00640,ITEM_040,play,3,2026-03-03
C00170,ITEM_031,view,1,2026-01-06
C00388,ITEM_003,purchase,5,2026-04-02
C01144,ITEM_063,view,1,2026-05-12
C00126,ITEM_063,view,1,2026-03-15
C00762,ITEM_068,view,1,2026-06-04
C00797,ITEM_056,view,1,2026-05-06
C00569,ITEM_026,purchase,5,2026-04-02
C00040,ITEM_055,view,1,2026-04-08
C00041,ITEM_072,view,1,2026-02-10
C00330,ITEM_002,play,3,2026-06-08
C00123,ITEM_040,play,3,2026-01-11
C00113,ITEM_052,purchase,5,2026-01-09
C00192,ITEM_078,purchase,5,2026-05-22
C00228,ITEM_040,purchase,5,2026-01-05
C01006,ITEM_070,play,3,2026-04-02
C00766,ITEM_060,view,1,2026-02-03
C00036,ITEM_063,purchase,5,2026-05-03
C00754,ITEM_007,view,1,2026-01-22
C00164,ITEM_040,view,1,2026-02-17
C00505,ITEM_059,view,1,2026-04-05
C00045,ITEM_009,view,1,2026-03-10
C00108,ITEM_076,view,1,2026-02-06
C00159,ITEM_054,purchase,5,2026-01-12
C00520,ITEM_068,view,1,2026-01-03
C00555,ITEM_050,view,1,2026-02-04
C00423,ITEM_071,view,1,2026-02-20
C00744,ITEM_072,play,3,2026-01-22
C00864,ITEM_006,view,1,2026-04-02
C00874,ITEM_074,view,1,2026-06-09
C00694,ITEM_042,play,3,2026-05-09
C00654,ITEM_039,view,1,2026-02-25
C00589,ITEM_019,view,1,2026-03-20
C00285,ITEM_032,view,1,2026-05-19
C00584,ITEM_043,view,1,2026-06-23
C00012,ITEM_042,play,3,2026-04-10
C01159,ITEM_056,view,1,2026-02-05
C00444,ITEM_054,view,1,2026-06-06
C00907,ITEM_059,play,3,2026-04-03
C01148,ITEM_046,play,3,2026-01-06
C00596,ITEM_079,view,1,2026-02-15
C01034,ITEM_070,play,3,2026-04-06
C00575,ITEM_076,view,1,2026-05-26
C00158,ITEM_057,view,1,2026-06-03
C00031,ITEM_019,play,3,2026-02-03
C00162,ITEM_077,view,1,2026-05-11
C01131,ITEM_073,view,1,2026-06-23
C00570,ITEM_023,play,3,2026-05-24
C00383,ITEM_070,play,3,2026-05-09
C00535,ITEM_041,purchase,5,2026-05-24
C00307,ITEM_057,play,3,2026-04-11
C01044,ITEM_027,view,1,2026-04-20
C01199,ITEM_020,play,3,2026-04-06
C00101,ITEM_032,view,1,2026-06-22
C00862,ITEM_015,play,3,2026-03-07
C00402,ITEM_011,view,1,2026-05-20
C00056,ITEM_034,view,1,2026-01-04
C01106,ITEM_075,view,1,2026-03-17
C00074,ITEM_003,play,3,2026-06-14
C00247,ITEM_026,view,1,2026-02-13
C00030,ITEM_022,view,1,2026-05-24
C00565,ITEM_016,play,3,2026-04-01
C00719,ITEM_005,play,3,2026-01-25
C00384,ITEM_014,view,1,2026-01-20
C00085,ITEM_041,view,1,2026-01-22
C00139,ITEM_034,purchase,5,2026-03-25
C01120,ITEM_049,view,1,2026-02-25
C00967,ITEM_068,view,1,2026-06-11
C01124,ITEM_008,purchase,5,2026-05-18
C00636,ITEM_026,view,1,2026-01-26
C00655,ITEM_069,view,1,2026-04-01
C00943,ITEM_018,view,1,2026-05-18
C00739,ITEM_007,view,1,2026-04-28
C00523,ITEM_019,view,1,2026-01-02
C00350,ITEM_031,play,3,2026-01-02
C00582,ITEM_020,view,1,2026-04-16
C00076,ITEM_040,play,3,2026-06-16
C00230,ITEM_016,play,3,2026-01-10
C00884,ITEM_046,play,3,2026-01-30
C01041,ITEM_069,view,1,2026-02-03
C00122,ITEM_025,play,3,2026-02-27
C00116,ITEM_043,view,1,2026-06-10
C00102,ITEM_057,play,3,2026-06-20
C00949,ITEM_005,view,1,2026-02-25
C00373,ITEM_027,play,3,2026-05-12
C00392,ITEM_050,view,1,2026-01-02
C00014,ITEM_020,play,3,2026-04-02
C01167,ITEM_032,view,1,2026-04-24
C00520,ITEM_036,view,1,2026-06-05
C00956,ITEM_074,view,1,2026-05-28
C00849,ITEM_009,view,1,2026-01-12
C00170,ITEM_050,play,3,2026-03-16
C00961,ITEM_077,play,3,2026-01-14
C00660,ITEM_072,play,3,2026-01-02
C00725,ITEM_044,play,3,2026-01-28
C00240,ITEM_031,play,3,2026-06-17
C01016,ITEM_011,purchase,5,2026-02-17
C01118,ITEM_020,view,1,2026-05-14
C00487,ITEM_063,view,1,2026-05-08
C00110,ITEM_002,play,3,2026-06-06
C01018,ITEM_057,view,1,2026-04-06
C01064,ITEM_074,view,1,2026-06-25
C00607,ITEM_034,view,1,2026-03-18
C00694,ITEM_064,view,1,2026-05-22
C00267,ITEM_078,view,1,2026-05-21
C00080,ITEM_060,play,3,2026-04-08
C01132,ITEM_040,view,1,2026-02-27
C00579,ITEM_045,play,3,2026-01-29
C00329,ITEM_017,view,1,2026-01-16
C00831,ITEM_010,play,3,2026-03-31
C00031,ITEM_063,play,3,2026-03-13
C00095,ITEM_041,view,1,2026-02-07
C00291,ITEM_074,view,1,2026-05-18
C00540,ITEM_059,view,1,2026-01-30
C00440,ITEM_020,purchase,5,2026-03-27
C00224,ITEM_077,view,1,2026-03-19
C00421,ITEM_000,view,1,2026-06-25
C00400,ITEM_007,view,1,2026-01-19
C00629,ITEM_048,view,1,2026-06-04
C00675,ITEM_048,view,1,2026-05-04
C01059,ITEM_058,play,3,2026-05-23
C00968,ITEM_051,view,1,2026-05-21
C00350,ITEM_020,play,3,2026-05-20
C01083,ITEM_011,view,1,2026-03-20
C00624,ITEM_077,view,1,2026-04-15
C00225,ITEM_027,play,3,2026-03-07
C00408,ITEM_013,play,3,2026-06-12
C00890,ITEM_005,play,3,2026-02-10
C00986,ITEM_064,view,1,2026-04-17
C00448,ITEM_067,view,1,2026-02-07
C00189,ITEM_070,play,3,2026-03-09
C00230,ITEM_068,view,1,2026-06-23
C00124,ITEM_013,play,3,2026-02-05
C00838,ITEM_001,view,1,2026-06-09
C00603,ITEM_040,view,1,2026-05-27
C00541,ITEM_040,play,3,2026-03-07
C00806,ITEM_002,play,3,2026-03-08
C00994,ITEM_070,play,3,2026-01-02
C00954,ITEM_051,play,3,2026-05-23
C00164,ITEM_054,view,1,2026-04-30
C00707,ITEM_043,play,3,2026-06-26
C01059,ITEM_079,purchase,5,2026-02-22
C00928,ITEM_062,view,1,2026-03-13
C00395,ITEM_046,view,1,2026-05-04
C00471,ITEM_040,purchase,5,2026-03-03
C01068,ITEM_066,view,1,2026-02-27
C00039,ITEM_028,purchase,5,2026-01-31
C00630,ITEM_068,view,1,2026-06-27
C00139,ITEM_010,play,3,2026-03-27
C01073,ITEM_002,play,3,2026-05-19
C00046,ITEM_004,play,3,2026-04-28
C00028,ITEM_029,play,3,2026-04-18
C00394,ITEM_042,view,1,2026-02-26
C00240,ITEM_071,play,3,2026-02-26
C00594,ITEM_073,purchase,5,2026-03-29
C00359,ITEM_002,purchase,5,2026-01-25
C00427,ITEM_061,purchase,5,2026-04-07
C00677,ITEM_016,play,3,2026-01-17
C00672,ITEM_031,play,3,2026-02-19
C01121,ITEM_068,view,1,2026-04-24
C00576,ITEM_078,view,1,2026-01-05
C00677,ITEM_063,view,1,2026-01-09
C00813,ITEM_014,view,1,2026-02-08
C00209,ITEM_003,view,1,2026-05-17
C00800,ITEM_079,view,1,2026-05-25
C01034,ITEM_018,view,1,2026-01-01
C00381,ITEM_018,view,1,2026-02-20
C00214,ITEM_041,view,1,2026-01-11
C00415,ITEM_013,play,3,2026-01-03
C00330,ITEM_053,purchase,5,2026-06-19
C00702,ITEM_068,play,3,2026-03-18
C01036,ITEM_027,purchase,5,2026-05-24
C00715,ITEM_037,play,3,2026-05-03
C00150,ITEM_071,view,1,2026-03-22
C00377,ITEM_071,view,1,2026-05-16
C00827,ITEM_007,view,1,2026-02-14
C00396,ITEM_059,view,1,2026-03-16
C00703,ITEM_001,view,1,2026-03-10
C00832,ITEM_012,view,1,2026-04-13
C00395,ITEM_050,purchase,5,2026-02-07
C00776,ITEM_009,view,1,2026-05-15
C00477,ITEM_014,view,1,2026-06-01
C00162,ITEM_035,purchase,5,2026-06-10
C00446,ITEM_033,purchase,5,2026-06-10
C00529,ITEM_044,play,3,2026-04-26
C00002,ITEM_073,play,3,2026-05-24
C01071,ITEM_033,purchase,5,2026-05-05
C00633,ITEM_024,view,1,2026-06-21
C00043,ITEM_016,play,3,2026-01-18
C01041,ITEM_070,view,1,2026-02-05
C01026,ITEM_017,view,1,2026-03-17
C00014,ITEM_000,view,1,2026-04-22
C00195,ITEM_040,view,1,2026-06-10
C00436,ITEM_058,view,1,2026-01-18
C00608,ITEM_001,view,1,2026-01-29
C00870,ITEM_050,view,1,2026-06-04
C00509,ITEM_035,view,1,2026-02-25
C00734,ITEM_062,view,1,2026-01-04
C00012,ITEM_002,play,3,2026-05-03
C00790,ITEM_071,view,1,2026-06-07
C01098,ITEM_069,play,3,2026-06-12
C00631,ITEM_054,view,1,2026-06-03
C00545,ITEM_049,play,3,2026-01-11
C00356,ITEM_056,view,1,2026-01-25
C01145,ITEM_012,view,1,2026-06-06
C00039,ITEM_071,view,1,2026-05-05
C00344,ITEM_061,purchase,5,2026-02-09
C00166,ITEM_060,purchase,5,2026-03-11
C01039,ITEM_039,play,3,2026-06-04
C00579,ITEM_011,play,3,2026-06-17
C01106,ITEM_040,view,1,2026-06-10
C00798,ITEM_043,play,3,2026-03-24
C00668,ITEM_020,view,1,2026-05-20
C00620,ITEM_073,view,1,2026-01-09
C00243,ITEM_031,purchase,5,2026-06-16
C00674,ITEM_076,purchase,5,2026-02-09
C00822,ITEM_070,view,1,2026-06-23
C01158,ITEM_005,view,1,2026-01-03
C00658,ITEM_011,view,1,2026-06-16
C01126,ITEM_031,view,1,2026-04-05
C01133,ITEM_049,view,1,2026-04-03
C00627,ITEM_009,play,3,2026-05-02
C00527,ITEM_017,view,1,2026-03-25
C00171,ITEM_068,view,1,2026-06-21
C00322,ITEM_035,view,1,2026-01-19
C01054,ITEM_044,play,3,2026-04-29
C00165,ITEM_042,view,1,2026-02-08
C00476,ITEM_077,view,1,2026-01-07
C00838,ITEM_009,play,3,2026-04-28
C00288,ITEM_041,play,3,2026-05-03
C01168,ITEM_006,view,1,2026-01-23
C00779,ITEM_003,play,3,2026-05-11
C00034,ITEM_038,view,1,2026-06-19
C00296,ITEM_072,play,3,2026-05-06
C00888,ITEM_032,view,1,2026-02-10
C01035,ITEM_057,purchase,5,2026-01-16
C01112,ITEM_073,purchase,5,2026-01-16
C01021,ITEM_000,play,3,2026-04-22
C00089,ITEM_055,purchase,5,2026-02-12
C00875,ITEM_071,view,1,2026-03-08
C00132,ITEM_071,play,3,2026-01-09
C00091,ITEM_058,view,1,2026-03-21
C00830,ITEM_074,view,1,2026-01-30
C00573,ITEM_048,view,1,2026-03-19
C00777,ITEM_001,play,3,2026-04-16
C01021,ITEM_078,play,3,2026-06-22
C00082,ITEM_070,play,3,2026-02-22
C00633,ITEM_015,view,1,2026-02-27
C01001,ITEM_076,purchase,5,2026-05-25
C00528,ITEM_052,play,3,2026-06-21
C00628,ITEM_036,play,3,2026-03-14
C00597,ITEM_065,view,1,2026-03-04
C01088,ITEM_050,view,1,2026-05-09
C00059,ITEM_063,play,3,2026-05-16
C01053,ITEM_027,purchase,5,2026-05-08
C00979,ITEM_031,view,1,2026-04-26
C00975,ITEM_007,view,1,2026-01-25
C00494,ITEM_071,view,1,2026-02-17
C00619,ITEM_021,view,1,2026-01-11
C00442,ITEM_010,play,3,2026-03-12
C00302,ITEM_006,view,1,2026-06-01
C01050,ITEM_030,view,1,2026-02-10
C00607,ITEM_038,play,3,2026-05-07
C00868,ITEM_066,view,1,2026-03-17
C00120,ITEM_052,view,1,2026-02-01
C00946,ITEM_064,view,1,2026-02-10
C00790,ITEM_000,view,1,2026-05-03
C01197,ITEM_002,purchase,5,2026-05-23
C00160,ITEM_018,play,3,2026-03-01
C00648,ITEM_030,purchase,5,2026-06-15
C00613,ITEM_005,view,1,2026-01-11
C00646,ITEM_069,play,3,2026-04-14
C00065,ITEM_077,view,1,2026-02-11
C00567,ITEM_038,play,3,2026-06-10
C00359,ITEM_064,view,1,2026-05-17
C00740,ITEM_015,view,1,2026-01-11
C00278,ITEM_002,view,1,2026-03-12
C00522,ITEM_071,play,3,2026-05-15
C00744,ITEM_065,play,3,2026-04-09
C00076,ITEM_060,view,1,2026-03-30
C00944,ITEM_066,play,3,2026-01-25
C00858,ITEM_056,play,3,2026-04-13
C00068,ITEM_064,view,1,2026-01-17
C00077,ITEM_077,view,1,2026-02-27
C01020,ITEM_070,play,3,2026-02-13
C00339,ITEM_071,play,3,2026-04-29
C01032,ITEM_037,play,3,2026-03-27
C00599,ITEM_065,play,3,2026-03-18
C00410,ITEM_019,play,3,2026-06-02
C00328,ITEM_025,view,1,2026-03-12
C00790,ITEM_069,purchase,5,2026-05-18
C00131,ITEM_029,view,1,2026-06-09
C00483,ITEM_066,play,3,2026-01-29
C00415,ITEM_039,play,3,2026-05-15
C00185,ITEM_021,play,3,2026-01-13
C00423,ITEM_032,view,1,2026-04-26
C00634,ITEM_046,view,1,2026-02-10
C00813,ITEM_005,view,1,2026-02-16
C00103,ITEM_044,view,1,2026-06-03
C01046,ITEM_008,view,1,2026-02-03
C01054,ITEM_039,view,1,2026-04-03
C00830,ITEM_025,purchase,5,2026-05-21
C01109,ITEM_048,view,1,2026-05-26
C00513,ITEM_067,view,1,2026-02-06
C00985,ITEM_006,view,1,2026-03-08
C00872,ITEM_006,play,3,2026-04-12
C00675,ITEM_036,view,1,2026-04-17
C00215,ITEM_060,play,3,2026-01-30
C00669,ITEM_022,view,1,2026-04-18
C01081,ITEM_062,view,1,2026-01-01
C01181,ITEM_000,view,1,2026-04-23
C00537,ITEM_023,view,1,2026-05-13
C00297,ITEM_041,play,3,2026-03-26
C00897,ITEM_050,view,1,2026-02-14
C00091,ITEM_029,view,1,2026-02-13
C00181,ITEM_070,view,1,2026-05-05
C00674,ITEM_034,view,1,2026-03-19
C01188,ITEM_050,view,1,2026-06-17
C00394,ITEM_008,view,1,2026-06-25
C00531,ITEM_074,purchase,5,2026-03-20
C00386,ITEM_040,view,1,2026-02-18
C00528,ITEM_037,view,1,2026-05-27
C00008,ITEM_021,play,3,2026-05-11
C00713,ITEM_048,view,1,2026-01-30
C00715,ITEM_000,play,3,2026-06-20
C00378,ITEM_036,play,3,2026-02-06
C00316,ITEM_062,play,3,2026-04-12
C00913,ITEM_062,purchase,5,2026-02-03
C00225,ITEM_050,play,3,2026-03-30
C00056,ITEM_029,view,1,2026-04-23
C00048,ITEM_042,purchase,5,2026-01-22
C01058,ITEM_013,view,1,2026-02-16
C00437,ITEM_049,view,1,2026-05-16
C00122,ITEM_017,play,3,2026-06-22
C01054,ITEM_025,play,3,2026-06-14
C00178,ITEM_058,purchase,5,2026-05-16
C00404,ITEM_009,view,1,2026-06-26
C00024,ITEM_026,play,3,2026-01-30
C00814,ITEM_028,view,1,2026-02-06
C00839,ITEM_075,play,3,2026-03-15
C00907,ITEM_063,play,3,2026-06-15
C00315,ITEM_029,view,1,2026-05-24
C00393,ITEM_048,play,3,2026-03-08
C01125,ITEM_019,view,1,2026-01-03
C00985,ITEM_063,view,1,2026-04-22
C00044,ITEM_027,purchase,5,2026-02-25
C00830,ITEM_072,play,3,2026-02-10
C00975,ITEM_071,view,1,2026-02-08
C00671,ITEM_019,view,1,2026-02-14
C00767,ITEM_032,view,1,2026-02-27
C00001,ITEM_073,view,1,2026-04-22
C00036,ITEM_007,view,1,2026-01-30
C00042,ITEM_053,view,1,2026-03-29
C00190,ITEM_041,view,1,2026-06-15
C01189,ITEM_044,play,3,2026-06-23
C00761,ITEM_045,view,1,2026-05-30
C00938,ITEM_040,view,1,2026-02-17
C00354,ITEM_027,purchase,5,2026-01-27
C01125,ITEM_037,view,1,2026-06-08
C00238,ITEM_078,play,3,2026-03-14
C01082,ITEM_005,view,1,2026-03-24
C00036,ITEM_012,view,1,2026-03-18
C00024,ITEM_004,play,3,2026-01-25
C00094,ITEM_050,view,1,2026-05-10
C00950,ITEM_026,view,1,2026-02-13
C00308,ITEM_003,play,3,2026-02-11
C00541,ITEM_016,view,1,2026-05-17
C00565,ITEM_020,play,3,2026-05-09
C00947,ITEM_006,view,1,2026-05-29
C00418,ITEM_061,view,1,2026-05-08
C00008,ITEM_001,play,3,2026-01-08
C00463,ITEM_070,view,1,2026-03-17
C00345,ITEM_078,view,1,2026-03-15
C00877,ITEM_073,purchase,5,2026-02-27
C00901,ITEM_016,view,1,2026-03-30
C00110,ITEM_018,play,3,2026-03-31
C00951,ITEM_078,view,1,2026-04-21
C00084,ITEM_049,view,1,2026-06-22
C00743,ITEM_043,play,3,2026-04-28
C00467,ITEM_069,play,3,2026-06-17
C00361,ITEM_015,view,1,2026-05-30
C00579,ITEM_032,play,3,2026-05-13
C00372,ITEM_011,view,1,2026-02-19
C00952,ITEM_063,view,1,2026-04-15
C01160,ITEM_016,play,3,2026-01-21
C00978,ITEM_010,view,1,2026-06-16
C00527,ITEM_029,view,1,2026-02-03
C00603,ITEM_045,play,3,2026-02-12
C00536,ITEM_016,view,1,2026-06-18
C00952,ITEM_072,purchase,5,2026-01-22
C00662,ITEM_066,play,3,2026-04-09
C00561,ITEM_073,view,1,2026-04-14
C00491,ITEM_029,view,1,2026-02-09
C00450,ITEM_031,purchase,5,2026-03-12
C00663,ITEM_042,play,3,2026-05-22
C00826,ITEM_072,view,1,2026-05-09
C00518,ITEM_040,view,1,2026-04-16
C00967,ITEM_031,view,1,2026-04-08
C00992,ITEM_052,play,3,2026-03-08
C00514,ITEM_010,purchase,5,2026-04-23
C01090,ITEM_079,play,3,2026-01-04
C00207,ITEM_055,view,1,2026-01-13
C01118,ITEM_035,play,3,2026-05-21
C00352,ITEM_007,view,1,2026-02-01
C00677,ITEM_025,view,1,2026-05-10
C00340,ITEM_045,view,1,2026-01-03
C00530,ITEM_077,view,1,2026-02-17
C00408,ITEM_038,view,1,2026-06-18
C00846,ITEM_079,view,1,2026-02-17
C00097,ITEM_041,view,1,2026-06-26
C01005,ITEM_062,play,3,2026-02-18
C01084,ITEM_007,view,1,2026-04-25
C00675,ITEM_063,view,1,2026-05-01
C00656,ITEM_019,view,1,2026-04-25
C00839,ITEM_032,view,1,2026-02-22
C00238,ITEM_025,view,1,2026-05-17
C00899,ITEM_043,play,3,2026-02-25
C00262,ITEM_049,view,1,2026-05-27
C00811,ITEM_028,view,1,2026-03-09
C00366,ITEM_004,play,3,2026-05-31
C00895,ITEM_049,view,1,2026-06-26
C00949,ITEM_033,play,3,2026-05-16
C00250,ITEM_066,view,1,2026-03-24
C00740,ITEM_055,purchase,5,2026-03-18
C00598,ITEM_029,view,1,2026-03-09
C00352,ITEM_004,view,1,2026-03-05
C00705,ITEM_042,play,3,2026-03-26
C01191,ITEM_063,view,1,2026-03-29
C00002,ITEM_061,play,3,2026-05-10
C01148,ITEM_026,view,1,2026-06-10
C01027,ITEM_016,view,1,2026-06-09
C00635,ITEM_005,play,3,2026-04-19
C00732,ITEM_048,play,3,2026-06-28
C00443,ITEM_021,view,1,2026-06-10
C00154,ITEM_062,view,1,2026-03-29
C00685,ITEM_047,play,3,2026-03-16
C00979,ITEM_004,play,3,2026-03-24
C00277,ITEM_055,play,3,2026-01-05
C00860,ITEM_020,play,3,2026-03-01
C00897,ITEM_069,view,1,2026-03-10
C00909,ITEM_002,play,3,2026-05-21
C00408,ITEM_029,view,1,2026-02-17
C00470,ITEM_000,view,1,2026-04-29
C00499,ITEM_050,play,3,2026-02-27
C01025,ITEM_038,view,1,2026-03-07
C01080,ITEM_042,view,1,2026-01-13
C00496,ITEM_056,play,3,2026-04-04
C01163,ITEM_071,view,1,2026-01-18
C00684,ITEM_030,view,1,2026-02-07
C00462,ITEM_045,view,1,2026-04-01
C00000,ITEM_049,play,3,2026-05-05
C00733,ITEM_070,view,1,2026-03-14
C00773,ITEM_015,view,1,2026-02-15
C01162,ITEM_041,view,1,2026-06-11
C00861,ITEM_066,view,1,2026-03-04
C00035,ITEM_022,purchase,5,2026-02-27
C00680,ITEM_029,view,1,2026-01-13
C00891,ITEM_035,play,3,2026-03-05
C00595,ITEM_056,view,1,2026-02-09
C00515,ITEM_053,view,1,2026-03-05
C00971,ITEM_010,view,1,2026-02-05
C00733,ITEM_016,play,3,2026-02-05
C00817,ITEM_065,purchase,5,2026-05-13
C00556,ITEM_053,view,1,2026-03-27
C00333,ITEM_041,view,1,2026-05-06
C00622,ITEM_033,view,1,2026-04-14
C01150,ITEM_077,view,1,2026-04-07
C00723,ITEM_070,view,1,2026-03-25
C00848,ITEM_032,purchase,5,2026-03-11
C00148,ITEM_028,view,1,2026-02-17
C01185,ITEM_069,play,3,2026-06-10
C00293,ITEM_027,play,3,2026-03-15
C01165,ITEM_032,view,1,2026-06-09
C00534,ITEM_073,view,1,2026-05-19
C01102,ITEM_008,play,3,2026-04-19
C01070,ITEM_056,view,1,2026-06-01
C00906,ITEM_055,view,1,2026-04-29
C01099,ITEM_030,play,3,2026-05-27
C00731,ITEM_014,view,1,2026-05-24
C01018,ITEM_068,play,3,2026-04-27
C00206,ITEM_063,view,1,2026-05-11
C00084,ITEM_068,view,1,2026-05-28
C00652,ITEM_026,view,1,2026-02-10
C00971,ITEM_077,view,1,2026-06-07
C00918,ITEM_060,view,1,2026-04-01
C00633,ITEM_019,view,1,2026-01-23
C00625,ITEM_038,view,1,2026-01-28
C00731,ITEM_025,view,1,2026-05-16
C01041,ITEM_042,view,1,2026-05-26
C01010,ITEM_015,view,1,2026-04-28
C00131,ITEM_058,view,1,2026-04-28
C00714,ITEM_036,view,1,2026-06-05
C00457,ITEM_053,view,1,2026-06-26
C00959,ITEM_051,view,1,2026-05-30
C00607,ITEM_053,view,1,2026-01-25
C01189,ITEM_060,view,1,2026-05-25
C00518,ITEM_052,play,3,2026-04-02
C00814,ITEM_041,play,3,2026-05-24
C00130,ITEM_046,view,1,2026-05-11
C01118,ITEM_050,play,3,2026-05-03
C00184,ITEM_064,view,1,2026-06-06
C00454,ITEM_038,view,1,2026-01-28
C01005,ITEM_024,view,1,2026-06-03
C01160,ITEM_020,view,1,2026-03-04
C00581,ITEM_014,view,1,2026-02-06
C00581,ITEM_048,view,1,2026-05-10
C00058,ITEM_058,play,3,2026-06-26
C01174,ITEM_025,view,1,2026-01-16
C00019,ITEM_043,view,1,2026-06-26
C00031,ITEM_029,view,1,2026-03-03
C00568,ITEM_072,view,1,2026-06-24
C00004,ITEM_072,view,1,2026-01-09
C00197,ITEM_077,view,1,2026-04-21
C00753,ITEM_068,view,1,2026-04-07
C00846,ITEM_069,view,1,2026-05-30
C00357,ITEM_044,view,1,2026-03-26
C00954,ITEM_043,purchase,5,2026-01-14
C00729,ITEM_024,play,3,2026-02-03
C00273,ITEM_060,view,1,2026-02-15
C00854,ITEM_025,view,1,2026-06-06
C00710,ITEM_026,play,3,2026-01-17
C00974,ITEM_075,purchase,5,2026-06-01
C00185,ITEM_001,view,1,2026-04-02
C00277,ITEM_009,view,1,2026-04-12
C00364,ITEM_062,play,3,2026-06-23
C00409,ITEM_054,view,1,2026-05-19
C01066,ITEM_062,play,3,2026-04-27
C00879,ITEM_037,view,1,2026-05-29
C00652,ITEM_000,view,1,2026-03-25
C00648,ITEM_023,play,3,2026-06-17
C01063,ITEM_069,play,3,2026-05-23
C00536,ITEM_053,view,1,2026-06-25
C00270,ITEM_070,play,3,2026-04-10
C00164,ITEM_000,play,3,2026-04-26
C00396,ITEM_025,view,1,2026-03-24
C00783,ITEM_054,purchase,5,2026-06-16
C00565,ITEM_001,view,1,2026-04-24
C00506,ITEM_035,view,1,2026-01-29
C00576,ITEM_070,play,3,2026-04-03
C01169,ITEM_012,view,1,2026-01-24
C01197,ITEM_005,play,3,2026-04-26
C00193,ITEM_050,view,1,2026-05-06
C00137,ITEM_018,view,1,2026-05-25
C00293,ITEM_014,view,1,2026-01-28
C01022,ITEM_043,view,1,2026-03-25
C00551,ITEM_048,play,3,2026-03-05
C01036,ITEM_065,view,1,2026-03-16
C00776,ITEM_008,view,1,2026-06-19
C00663,ITEM_062,view,1,2026-04-11
C00337,ITEM_053,view,1,2026-03-21
C00412,ITEM_054,play,3,2026-06-12
C00177,ITEM_019,play,3,2026-04-06
C00623,ITEM_066,view,1,2026-03-18
C00336,ITEM_009,view,1,2026-04-08
C00350,ITEM_054,play,3,2026-06-02
C00047,ITEM_010,view,1,2026-03-23
C00958,ITEM_051,view,1,2026-04-22
C01127,ITEM_036,view,1,2026-02-02
C00597,ITEM_013,view,1,2026-01-03
C00643,ITEM_015,view,1,2026-01-13
C01111,ITEM_035,view,1,2026-03-27
C00613,ITEM_029,play,3,2026-05-10
C00747,ITEM_036,view,1,2026-02-07
C00513,ITEM_034,play,3,2026-06-19
C00617,ITEM_001,view,1,2026-01-28
C00626,ITEM_034,view,1,2026-05-06
C00853,ITEM_032,play,3,2026-02-12
C00725,ITEM_031,view,1,2026-01-11
C00604,ITEM_018,view,1,2026-05-09
C00091,ITEM_015,view,1,2026-04-04
C01085,ITEM_007,play,3,2026-04-23
C01065,ITEM_049,view,1,2026-06-19
C00221,ITEM_043,play,3,2026-04-07
C00351,ITEM_064,view,1,2026-06-01
C01168,ITEM_018,view,1,2026-03-31
C00385,ITEM_032,view,1,2026-03-04
C00974,ITEM_015,view,1,2026-03-12
C00942,ITEM_075,play,3,2026-03-04
C01032,ITEM_062,view,1,2026-06-09
C00019,ITEM_011,purchase,5,2026-04-03
C00579,ITEM_064,view,1,2026-06-17
C00678,ITEM_073,view,1,2026-02-15
C01004,ITEM_052,view,1,2026-05-18
C00269,ITEM_079,play,3,2026-01-21
C00368,ITEM_015,view,1,2026-02-21
C00215,ITEM_023,view,1,2026-01-07
C00914,ITEM_050,purchase,5,2026-06-14
C01198,ITEM_043,play,3,2026-02-23
C00168,ITEM_057,view,1,2026-05-28
C00279,ITEM_077,play,3,2026-03-18
C00368,ITEM_018,view,1,2026-01-23
C01066,ITEM_069,view,1,2026-03-03
C00534,ITEM_010,view,1,2026-03-03
C00338,ITEM_036,play,3,2026-04-02
C00386,ITEM_034,view,1,2026-02-28
C00717,ITEM_064,play,3,2026-05-02
C00464,ITEM_033,play,3,2026-05-12
C00168,ITEM_066,view,1,2026-01-28
C00984,ITEM_012,view,1,2026-04-05
C00506,ITEM_079,play,3,2026-04-15
C00308,ITEM_015,view,1,2026-02-18
C00874,ITEM_047,view,1,2026-05-19
C00894,ITEM_039,view,1,2026-02-11
C00186,ITEM_007,play,3,2026-06-06
C00088,ITEM_042,view,1,2026-03-24
C00054,ITEM_069,view,1,2026-03-07
C00918,ITEM_043,view,1,2026-04-30
C00750,ITEM_056,view,1,2026-04-22
C00950,ITEM_078,purchase,5,2026-04-02
C00751,ITEM_024,view,1,2026-05-04
C00482,ITEM_003,play,3,2026-02-16
C00707,ITEM_055,play,3,2026-05-26
C00866,ITEM_062,view,1,2026-04-22
C00478,ITEM_011,play,3,2026-02-08
C01098,ITEM_028,purchase,5,2026-06-29
C01079,ITEM_028,play,3,2026-06-05
C00960,ITEM_060,play,3,2026-02-01
C01190,ITEM_070,view,1,2026-05-22
C00468,ITEM_058,play,3,2026-04-06
C00136,ITEM_023,view,1,2026-05-19
C00581,ITEM_049,play,3,2026-03-09
C00895,ITEM_021,view,1,2026-02-13
C00935,ITEM_050,view,1,2026-02-09
C00466,ITEM_077,play,3,2026-01-12
C00351,ITEM_053,view,1,2026-06-07
C00534,ITEM_062,view,1,2026-02-26
C00964,ITEM_059,play,3,2026-06-22
C00072,ITEM_038,purchase,5,2026-02-10
C00393,ITEM_010,play,3,2026-03-05
C00275,ITEM_078,play,3,2026-06-08
C00967,ITEM_028,play,3,2026-03-04
C00563,ITEM_070,play,3,2026-05-17
C00104,ITEM_067,view,1,2026-01-17
C00314,ITEM_054,view,1,2026-06-21
C00053,ITEM_043,play,3,2026-04-22
C00570,ITEM_021,purchase,5,2026-05-16
C01197,ITEM_010,view,1,2026-01-05
C00680,ITEM_069,view,1,2026-06-23
C01043,ITEM_076,view,1,2026-03-31
C00891,ITEM_053,play,3,2026-02-08
C01059,ITEM_079,play,3,2026-01-28
C00373,ITEM_017,view,1,2026-01-16
C01141,ITEM_041,view,1,2026-05-02
C00286,ITEM_013,view,1,2026-02-08
C00525,ITEM_042,play,3,2026-06-17
C00817,ITEM_071,view,1,2026-02-10
C00344,ITEM_023,view,1,2026-01-16
C00317,ITEM_033,view,1,2026-06-03
C00156,ITEM_041,play,3,2026-05-20
C00005,ITEM_037,view,1,2026-04-04
C00601,ITEM_077,view,1,2026-05-30
C01184,ITEM_034,view,1,2026-05-11
C00264,ITEM_020,purchase,5,2026-02-01
C00528,ITEM_026,view,1,2026-03-16
C01122,ITEM_024,view,1,2026-06-16
C00926,ITEM_025,view,1,2026-05-03
C00004,ITEM_071,view,1,2026-04-22
C00600,ITEM_041,play,3,2026-02-01
C00171,ITEM_030,play,3,2026-04-07
C00296,ITEM_011,view,1,2026-01-30
C00295,ITEM_077,play,3,2026-05-01
C00734,ITEM_012,view,1,2026-02-09
C00238,ITEM_027,play,3,2026-02-21
C00302,ITEM_055,view,1,2026-04-14
C00270,ITEM_000,view,1,2026-01-05
C00428,ITEM_025,play,3,2026-05-06
C00787,ITEM_076,purchase,5,2026-03-21
C00479,ITEM_001,play,3,2026-04-03
C00393,ITEM_018,play,3,2026-05-14
C00621,ITEM_006,play,3,2026-05-19
C00738,ITEM_055,play,3,2026-06-15
C00018,ITEM_000,view,1,2026-02-02
C01068,ITEM_003,view,1,2026-03-19
C01099,ITEM_037,play,3,2026-01-18
C00723,ITEM_059,view,1,2026-02-17
C00689,ITEM_072,play,3,2026-04-10
C00833,ITEM_017,view,1,2026-01-24
C00529,ITEM_045,view,1,2026-03-22
C00438,ITEM_064,view,1,2026-06-18
C00423,ITEM_058,play,3,2026-01-13
C00191,ITEM_077,view,1,2026-02-11
C01009,ITEM_006,play,3,2026-02-20
C00384,ITEM_003,view,1,2026-06-13
C00341,ITEM_054,view,1,2026-05-13
C01157,ITEM_029,play,3,2026-02-03
C00608,ITEM_059,view,1,2026-05-07
C00746,ITEM_057,play,3,2026-01-04
C00294,ITEM_035,view,1,2026-05-24
C00333,ITEM_079,view,1,2026-02-10
C00874,ITEM_070,view,1,2026-05-09
C00541,ITEM_029,play,3,2026-03-30
C00177,ITEM_000,view,1,2026-05-13
C01002,ITEM_079,view,1,2026-03-04
C00483,ITEM_077,play,3,2026-04-06
C00802,ITEM_071,purchase,5,2026-06-13
C00409,ITEM_004,play,3,2026-05-25
C00672,ITEM_057,play,3,2026-04-09
C00930,ITEM_076,view,1,2026-06-16
C01062,ITEM_030,view,1,2026-01-22
C00248,ITEM_060,play,3,2026-05-07
C00806,ITEM_042,play,3,2026-04-23
C01097,ITEM_037,play,3,2026-02-16
C00771,ITEM_057,play,3,2026-03-12
C00171,ITEM_046,play,3,2026-03-15
C00227,ITEM_054,view,1,2026-05-03
C00243,ITEM_017,view,1,2026-04-23
C00127,ITEM_023,purchase,5,2026-05-22
C00904,ITEM_051,view,1,2026-04-29
C01158,ITEM_044,view,1,2026-06-27
C00620,ITEM_030,view,1,2026-05-30
C00718,ITEM_066,play,3,2026-04-14
C00928,ITEM_027,play,3,2026-01-04
C00498,ITEM_038,play,3,2026-03-08
C00566,ITEM_025,view,1,2026-01-23
C00706,ITEM_045,view,1,2026-03-20
C00365,ITEM_044,view,1,2026-06-28
C00074,ITEM_026,play,3,2026-03-14
C00681,ITEM_061,view,1,2026-05-28
C00986,ITEM_012,play,3,2026-03-23
C00087,ITEM_061,view,1,2026-04-14
C00259,ITEM_005,play,3,2026-01-06
C00315,ITEM_020,view,1,2026-05-04
C00965,ITEM_032,play,3,2026-02-14
C00605,ITEM_033,play,3,2026-03-24
C00641,ITEM_050,view,1,2026-06-27
C00774,ITEM_075,view,1,2026-02-10
C00331,ITEM_060,view,1,2026-06-17
C00856,ITEM_043,view,1,2026-05-30
C00036,ITEM_006,play,3,2026-01-09
C00136,ITEM_079,view,1,2026-03-08
C00979,ITEM_025,play,3,2026-06-26
C00789,ITEM_049,view,1,2026-03-23
C00211,ITEM_064,play,3,2026-05-23
C00526,ITEM_055,view,1,2026-06-15
C00062,ITEM_008,view,1,2026-01-01
C00806,ITEM_020,view,1,2026-05-12
C00907,ITEM_079,play,3,2026-06-14
C00334,ITEM_061,view,1,2026-04-14
C00420,ITEM_050,play,3,2026-06-22
C00284,ITEM_035,view,1,2026-05-06
C00467,ITEM_075,purchase,5,2026-04-24
C00326,ITEM_058,play,3,2026-01-23
C00296,ITEM_058,view,1,2026-05-22
C00516,ITEM_073,play,3,2026-06-03
C01031,ITEM_077,view,1,2026-03-01
C00915,ITEM_068,play,3,2026-01-29
C00356,ITEM_053,view,1,2026-04-14
C01131,ITEM_018,play,3,2026-06-18
C00252,ITEM_021,view,1,2026-05-12
C01092,ITEM_012,view,1,2026-05-26
C00371,ITEM_064,play,3,2026-04-12
C00648,ITEM_026,view,1,2026-03-17
C00243,ITEM_018,view,1,2026-02-24
C00914,ITEM_058,view,1,2026-05-26
C00381,ITEM_045,play,3,2026-04-27
C01047,ITEM_019,view,1,2026-05-15
C00099,ITEM_029,view,1,2026-05-31
C00602,ITEM_038,purchase,5,2026-06-26
C00190,ITEM_063,purchase,5,2026-05-31
C01066,ITEM_000,view,1,2026-03-22
C00500,ITEM_060,view,1,2026-01-24
C00809,ITEM_006,view,1,2026-04-11
C01055,ITEM_069,purchase,5,2026-03-22
C00642,ITEM_009,view,1,2026-06-18
C00068,ITEM_019,view,1,2026-01-07
C00264,ITEM_029,view,1,2026-06-04
C00255,ITEM_079,view,1,2026-04-24
C01097,ITEM_031,view,1,2026-01-13
C01090,ITEM_064,play,3,2026-02-13
C00572,ITEM_020,view,1,2026-01-12
C01068,ITEM_030,view,1,2026-06-17
C00295,ITEM_041,play,3,2026-04-27
C00815,ITEM_010,view,1,2026-04-22
C00470,ITEM_002,view,1,2026-04-04
C00288,ITEM_027,view,1,2026-03-14
C00300,ITEM_062,play,3,2026-01-31
C00503,ITEM_008,view,1,2026-05-12
C00407,ITEM_065,play,3,2026-01-24
C00253,ITEM_049,view,1,2026-02-07
C00400,ITEM_021,view,1,2026-06-25
C00154,ITEM_009,view,1,2026-01-17
C01163,ITEM_044,view,1,2026-06-21
C00455,ITEM_034,view,1,2026-01-16
C00128,ITEM_008,play,3,2026-03-29
C00690,ITEM_053,view,1,2026-04-15
C01059,ITEM_066,view,1,2026-01-21
C00431,ITEM_036,purchase,5,2026-06-09
C01014,ITEM_036,view,1,2026-06-22
C00732,ITEM_070,view,1,2026-02-10
C00887,ITEM_030,view,1,2026-02-09
C00355,ITEM_019,view,1,2026-05-17
C00044,ITEM_067,purchase,5,2026-03-08
C00415,ITEM_041,purchase,5,2026-01-07
C01109,ITEM_075,view,1,2026-05-16
C00948,ITEM_073,purchase,5,2026-03-05
C00940,ITEM_064,view,1,2026-03-15
C01053,ITEM_028,purchase,5,2026-04-28
C00447,ITEM_057,play,3,2026-04-14
C00386,ITEM_037,view,1,2026-05-29
C01110,ITEM_061,view,1,2026-05-24
C00685,ITEM_074,play,3,2026-06-19
C00357,ITEM_058,view,1,2026-06-15
C00333,ITEM_039,view,1,2026-04-24
C01052,ITEM_079,play,3,2026-04-11
C00064,ITEM_069,view,1,2026-03-25
C00074,ITEM_019,view,1,2026-04-30
C00885,ITEM_075,view,1,2026-01-11
C00001,ITEM_038,play,3,2026-03-14
C00205,ITEM_020,view,1,2026-02-19
C01188,ITEM_023,view,1,2026-04-11
C00510,ITEM_062,view,1,2026-06-16
C00873,ITEM_030,view,1,2026-03-28
C00584,ITEM_052,play,3,2026-04-15
C00108,ITEM_035,view,1,2026-03-14
C00221,ITEM_078,play,3,2026-03-03
C00913,ITEM_010,view,1,2026-05-03
C00113,ITEM_046,play,3,2026-02-14
C00713,ITEM_028,view,1,2026-06-08
C00417,ITEM_063,play,3,2026-01-21
C00444,ITEM_075,view,1,2026-02-10
C01142,ITEM_027,play,3,2026-05-16
C00727,ITEM_072,view,1,2026-01-15
C00738,ITEM_048,view,1,2026-03-16
C00420,ITEM_004,view,1,2026-03-10
C00457,ITEM_062,view,1,2026-06-18
C00822,ITEM_044,view,1,2026-01-29
C00046,ITEM_077,play,3,2026-03-23
C00284,ITEM_036,play,3,2026-03-24
C00720,ITEM_020,view,1,2026-05-28
C00748,ITEM_013,purchase,5,2026-04-08
C00110,ITEM_006,view,1,2026-01-24
C00945,ITEM_056,view,1,2026-06-06
C00651,ITEM_078,play,3,2026-01-28
C00285,ITEM_051,view,1,2026-05-06
C00902,ITEM_048,view,1,2026-02-19
C01189,ITEM_002,view,1,2026-01-22
C00508,ITEM_001,view,1,2026-02-04
C00340,ITEM_039,view,1,2026-06-19
C00359,ITEM_041,view,1,2026-06-25
C00711,ITEM_034,view,1,2026-04-19
C00056,ITEM_074,play,3,2026-05-26
C00580,ITEM_026,purchase,5,2026-06-12
C00029,ITEM_078,view,1,2026-03-04
C00046,ITEM_021,view,1,2026-05-17
C00516,ITEM_026,view,1,2026-04-04
C00894,ITEM_023,view,1,2026-02-01
C01060,ITEM_062,view,1,2026-04-06
C00105,ITEM_026,play,3,2026-01-09
C00292,ITEM_036,play,3,2026-04-20
C00505,ITEM_008,view,1,2026-02-16
C00688,ITEM_031,play,3,2026-01-19
C01184,ITEM_015,play,3,2026-05-07
C00821,ITEM_060,play,3,2026-03-04
C00646,ITEM_065,view,1,2026-03-22
C00072,ITEM_021,play,3,2026-01-16
C00096,ITEM_079,play,3,2026-01-15
C00183,ITEM_034,view,1,2026-06-15
C00792,ITEM_066,play,3,2026-04-18
C00397,ITEM_019,play,3,2026-03-14
C00289,ITEM_068,view,1,2026-04-30
C00804,ITEM_011,view,1,2026-05-11
C00978,ITEM_028,view,1,2026-01-21
C00526,ITEM_030,play,3,2026-06-15
C01058,ITEM_014,view,1,2026-04-29
C00881,ITEM_076,view,1,2026-02-25
C00859,ITEM_023,view,1,2026-02-18
C01041,ITEM_033,play,3,2026-01-16
C00220,ITEM_001,play,3,2026-02-16
C00910,ITEM_054,view,1,2026-03-02
C01149,ITEM_014,view,1,2026-02-08
C01190,ITEM_022,view,1,2026-05-01
C00693,ITEM_073,view,1,2026-02-15
C00905,ITEM_069,play,3,2026-03-31
C01066,ITEM_009,view,1,2026-04-11
C01022,ITEM_049,play,3,2026-01-14
C01077,ITEM_059,play,3,2026-01-31
C00998,ITEM_076,play,3,2026-01-13
C00457,ITEM_019,view,1,2026-05-05
C00876,ITEM_026,view,1,2026-05-06
C00492,ITEM_018,view,1,2026-01-24
C00962,ITEM_043,purchase,5,2026-05-13
C00972,ITEM_048,play,3,2026-05-27
C01121,ITEM_015,play,3,2026-01-20
C00705,ITEM_001,play,3,2026-01-22
C00570,ITEM_010,view,1,2026-05-24
C00198,ITEM_016,view,1,2026-02-25
C00765,ITEM_046,play,3,2026-03-04
C00679,ITEM_016,view,1,2026-04-16
C00617,ITEM_064,purchase,5,2026-01-13
C00811,ITEM_051,play,3,2026-03-20
C01021,ITEM_015,purchase,5,2026-03-02
C00178,ITEM_079,play,3,2026-05-29
C00517,ITEM_056,view,1,2026-05-12
C00866,ITEM_069,view,1,2026-02-21
C00983,ITEM_053,view,1,2026-04-29
C00934,ITEM_052,play,3,2026-03-14
C00959,ITEM_038,view,1,2026-03-28
C01026,ITEM_052,play,3,2026-05-13
C01154,ITEM_061,view,1,2026-02-20
C00729,ITEM_078,view,1,2026-04-15
C00298,ITEM_047,view,1,2026-03-17
C00676,ITEM_060,play,3,2026-04-28
C00851,ITEM_075,view,1,2026-03-10
C00120,ITEM_048,view,1,2026-06-18
C00908,ITEM_061,view,1,2026-03-12
C00653,ITEM_015,view,1,2026-01-20
C01123,ITEM_070,purchase,5,2026-03-30
C00254,ITEM_078,view,1,2026-02-12
C01088,ITEM_028,view,1,2026-03-23
C00537,ITEM_070,view,1,2026-06-15
C00688,ITEM_064,view,1,2026-01-19
C00792,ITEM_018,view,1,2026-01-08
C00694,ITEM_079,view,1,2026-02-22
C01084,ITEM_046,view,1,2026-03-20
C00200,ITEM_013,view,1,2026-01-24
C00875,ITEM_008,view,1,2026-05-06
C01169,ITEM_040,play,3,2026-04-19
C00264,ITEM_041,view,1,2026-05-07
C00306,ITEM_068,play,3,2026-03-18
C00570,ITEM_040,play,3,2026-06-17
C00869,ITEM_031,play,3,2026-05-01
C01150,ITEM_025,view,1,2026-06-15
C00954,ITEM_040,play,3,2026-01-16
C00952,ITEM_021,play,3,2026-05-01
C00529,ITEM_059,purchase,5,2026-03-04
C00774,ITEM_010,play,3,2026-02-04
C00253,ITEM_065,view,1,2026-02-02
C00555,ITEM_017,purchase,5,2026-02-05
C00226,ITEM_015,play,3,2026-01-17
C00032,ITEM_077,view,1,2026-03-23
C01027,ITEM_031,view,1,2026-05-20
C00965,ITEM_054,purchase,5,2026-03-25
C00612,ITEM_031,view,1,2026-01-24
C00017,ITEM_078,play,3,2026-05-08
C00108,ITEM_012,view,1,2026-02-01
C00134,ITEM_037,play,3,2026-06-06
C00860,ITEM_007,view,1,2026-03-08
C00244,ITEM_045,play,3,2026-01-01
C00300,ITEM_059,view,1,2026-02-22
C01033,ITEM_037,purchase,5,2026-05-30
C01051,ITEM_068,view,1,2026-06-15
C00915,ITEM_061,view,1,2026-03-17
C00371,ITEM_076,view,1,2026-06-27
C00695,ITEM_079,view,1,2026-02-11
C00240,ITEM_076,purchase,5,2026-03-18
C01029,ITEM_034,view,1,2026-03-24
C00101,ITEM_079,view,1,2026-02-06
C00893,ITEM_052,play,3,2026-03-10
C00613,ITEM_006,view,1,2026-03-31
C00908,ITEM_006,view,1,2026-05-06
C00540,ITEM_031,play,3,2026-03-31
C00189,ITEM_044,view,1,2026-01-19
C00901,ITEM_006,play,3,2026-03-25
C00757,ITEM_046,play,3,2026-06-02
C00557,ITEM_054,view,1,2026-01-04
C00447,ITEM_055,view,1,2026-06-29
C00412,ITEM_077,play,3,2026-01-24
C00577,ITEM_029,view,1,2026-01-02
C00313,ITEM_002,play,3,2026-01-26
C00338,ITEM_076,view,1,2026-02-15
C00333,ITEM_042,view,1,2026-03-05
C00015,ITEM_050,play,3,2026-05-30
C01113,ITEM_042,view,1,2026-04-15
C00283,ITEM_038,view,1,2026-04-25
C00198,ITEM_013,view,1,2026-06-08
C00181,ITEM_045,play,3,2026-01-24
C01185,ITEM_066,view,1,2026-02-10
C00572,ITEM_009,view,1,2026-06-24
C00392,ITEM_031,view,1,2026-05-19
C00484,ITEM_074,purchase,5,2026-01-11
C00106,ITEM_033,view,1,2026-02-10
C00376,ITEM_012,view,1,2026-03-09
C00298,ITEM_076,view,1,2026-01-06
C00963,ITEM_010,view,1,2026-04-15
C00070,ITEM_019,view,1,2026-04-27
C00510,ITEM_037,play,3,2026-03-02
C00948,ITEM_030,play,3,2026-02-08
C01000,ITEM_033,view,1,2026-03-18
C00615,ITEM_061,view,1,2026-06-15
C00267,ITEM_044,view,1,2026-05-10
C00404,ITEM_038,view,1,2026-06-18
C00266,ITEM_056,view,1,2026-04-10
C00794,ITEM_048,view,1,2026-01-19
C00351,ITEM_050,play,3,2026-01-11
C00756,ITEM_038,view,1,2026-02-05
C00786,ITEM_044,view,1,2026-04-04
C01127,ITEM_022,purchase,5,2026-02-07
C00444,ITEM_033,view,1,2026-02-27
C01153,ITEM_013,view,1,2026-06-14
C00480,ITEM_006,view,1,2026-01-08
C00816,ITEM_068,purchase,5,2026-01-15
C00793,ITEM_064,view,1,2026-03-12
C00981,ITEM_022,view,1,2026-05-16
C00562,ITEM_036,view,1,2026-05-29
C00950,ITEM_079,view,1,2026-02-21
C00426,ITEM_042,view,1,2026-02-22
C00589,ITEM_000,view,1,2026-04-15
C00599,ITEM_046,play,3,2026-06-05
C00845,ITEM_070,play,3,2026-02-01
C00742,ITEM_018,view,1,2026-06-10
C00093,ITEM_075,view,1,2026-05-26
C00970,ITEM_061,view,1,2026-02-18
C00909,ITEM_004,view,1,2026-05-01
C00125,ITEM_079,play,3,2026-04-24
C01154,ITEM_050,view,1,2026-01-04
C00792,ITEM_017,play,3,2026-03-14
C00101,ITEM_062,view,1,2026-02-12
C00589,ITEM_065,play,3,2026-01-13
C01003,ITEM_049,play,3,2026-03-25
C00335,ITEM_077,play,3,2026-05-07
C01119,ITEM_070,play,3,2026-04-06
C00502,ITEM_024,play,3,2026-01-16
C00271,ITEM_010,view,1,2026-05-29
C00427,ITEM_064,view,1,2026-01-13
C00629,ITEM_075,view,1,2026-03-11
C00825,ITEM_023,play,3,2026-04-13
C01113,ITEM_044,view,1,2026-06-16
C00233,ITEM_040,purchase,5,2026-05-16
C01152,ITEM_027,view,1,2026-02-04
C00633,ITEM_043,play,3,2026-03-18
C00153,ITEM_042,view,1,2026-06-04
C01111,ITEM_078,purchase,5,2026-02-14
C00418,ITEM_027,view,1,2026-06-12
C00744,ITEM_011,view,1,2026-04-07
C00837,ITEM_036,play,3,2026-04-23
C00016,ITEM_011,view,1,2026-04-30
C00265,ITEM_012,view,1,2026-06-24
C00823,ITEM_050,play,3,2026-05-04
C00389,ITEM_067,play,3,2026-03-15
C00011,ITEM_009,view,1,2026-04-17
C00027,ITEM_031,view,1,2026-05-06
C00991,ITEM_014,view,1,2026-04-18
C00184,ITEM_037,view,1,2026-01-02
C00120,ITEM_047,view,1,2026-06-12
C00674,ITEM_072,view,1,2026-02-19
C00142,ITEM_071,view,1,2026-04-28
C00783,ITEM_072,view,1,2026-04-12
C00652,ITEM_033,play,3,2026-01-22
C00778,ITEM_063,view,1,2026-06-07
C00589,ITEM_023,view,1,2026-01-15
C00934,ITEM_002,purchase,5,2026-06-21
C00773,ITEM_074,play,3,2026-06-15
C00498,ITEM_072,view,1,2026-04-15
C00018,ITEM_014,purchase,5,2026-06-21
C00328,ITEM_015,view,1,2026-06-04
C00157,ITEM_072,view,1,2026-06-11
C00018,ITEM_035,view,1,2026-05-24
C00327,ITEM_063,view,1,2026-06-17
C00247,ITEM_072,play,3,2026-05-20
C00092,ITEM_043,view,1,2026-06-08
C00374,ITEM_007,play,3,2026-01-21
C00607,ITEM_048,view,1,2026-03-18
C00213,ITEM_010,view,1,2026-03-28
C00327,ITEM_055,view,1,2026-06-13
C00024,ITEM_046,view,1,2026-03-29
C00060,ITEM_034,purchase,5,2026-03-21
C00188,ITEM_037,play,3,2026-05-22
C00543,ITEM_076,play,3,2026-04-28
C00799,ITEM_031,play,3,2026-04-16
C00946,ITEM_067,view,1,2026-06-14
C00755,ITEM_064,view,1,2026-05-28
C00740,ITEM_079,view,1,2026-05-09
C01122,ITEM_071,play,3,2026-06-22
C00306,ITEM_049,view,1,2026-01-09
C00957,ITEM_079,view,1,2026-04-10
C01124,ITEM_056,play,3,2026-01-06
C00681,ITEM_009,view,1,2026-05-23
C01008,ITEM_007,view,1,2026-01-23
C00165,ITEM_054,view,1,2026-04-11
C01054,ITEM_042,view,1,2026-05-21
C00676,ITEM_069,view,1,2026-04-23
C00265,ITEM_043,play,3,2026-01-11
C00073,ITEM_019,play,3,2026-03-27
C00863,ITEM_068,view,1,2026-05-21
C00517,ITEM_038,play,3,2026-06-22
C00372,ITEM_076,play,3,2026-06-11
C00468,ITEM_000,play,3,2026-05-28
C01189,ITEM_001,purchase,5,2026-02-25
C00513,ITEM_010,play,3,2026-05-16
C00094,ITEM_076,view,1,2026-01-31
C00335,ITEM_010,view,1,2026-03-01
C00174,ITEM_057,view,1,2026-02-21
C00822,ITEM_056,view,1,2026-03-29
C00960,ITEM_070,purchase,5,2026-06-07
C01009,ITEM_049,view,1,2026-06-05
C00759,ITEM_001,view,1,2026-06-10
C00922,ITEM_003,purchase,5,2026-06-18
C00500,ITEM_001,play,3,2026-01-06
C00753,ITEM_047,view,1,2026-06-29
C00128,ITEM_034,purchase,5,2026-06-07
C00646,ITEM_005,view,1,2026-05-13
C00668,ITEM_001,view,1,2026-01-15
C00037,ITEM_016,view,1,2026-05-12
C00657,ITEM_038,purchase,5,2026-05-02
C00867,ITEM_072,view,1,2026-01-17
C00441,ITEM_066,view,1,2026-02-06
C00653,ITEM_035,play,3,2026-05-16
C00343,ITEM_022,play,3,2026-01-31
C00324,ITEM_062,view,1,2026-03-04
C00155,ITEM_074,view,1,2026-04-20
C00393,ITEM_025,purchase,5,2026-06-05
C00963,ITEM_039,play,3,2026-02-21
C01122,ITEM_008,view,1,2026-01-03
C00762,ITEM_010,view,1,2026-06-03
C00749,ITEM_071,view,1,2026-06-18
C00736,ITEM_018,play,3,2026-06-03
C00571,ITEM_013,view,1,2026-03-29
C00507,ITEM_025,play,3,2026-05-10
C00745,ITEM_027,view,1,2026-01-24
C00941,ITEM_016,play,3,2026-04-25
C00496,ITEM_056,view,1,2026-04-19
C00679,ITEM_045,play,3,2026-04-25
C00564,ITEM_047,view,1,2026-05-05
C00342,ITEM_078,view,1,2026-06-10
C00348,ITEM_074,view,1,2026-05-21
C00094,ITEM_022,view,1,2026-01-07
C00527,ITEM_079,view,1,2026-05-07
C00854,ITEM_054,play,3,2026-05-12
C00822,ITEM_011,play,3,2026-04-10
C01182,ITEM_025,view,1,2026-04-23
C00047,ITEM_018,view,1,2026-01-15
C00912,ITEM_063,view,1,2026-02-17
C00954,ITEM_051,play,3,2026-06-05
C00523,ITEM_062,view,1,2026-01-01
C00339,ITEM_011,view,1,2026-06-27
C00428,ITEM_041,view,1,2026-02-10
C00819,ITEM_043,view,1,2026-05-21
C01034,ITEM_054,view,1,2026-02-09
C00771,ITEM_029,view,1,2026-01-07
C00617,ITEM_005,view,1,2026-04-19
C00783,ITEM_071,play,3,2026-05-17
C00084,ITEM_034,view,1,2026-01-16
C00729,ITEM_073,view,1,2026-02-18
C00050,ITEM_033,view,1,2026-02-24
C01150,ITEM_020,play,3,2026-06-23
C01067,ITEM_037,play,3,2026-02-25
C00610,ITEM_007,view,1,2026-01-12
C00448,ITEM_044,play,3,2026-06-27
C00878,ITEM_079,view,1,2026-01-17
C00765,ITEM_020,view,1,2026-03-29
C00846,ITEM_011,play,3,2026-02-02
C00618,ITEM_010,play,3,2026-02-15
C00283,ITEM_013,view,1,2026-05-16
C00087,ITEM_031,view,1,2026-01-25
C00339,ITEM_020,view,1,2026-04-28
C00634,ITEM_057,view,1,2026-04-12
C00508,ITEM_027,purchase,5,2026-05-11
C00607,ITEM_029,view,1,2026-01-29
C00333,ITEM_011,purchase,5,2026-03-05
C01125,ITEM_045,view,1,2026-01-01
C00440,ITEM_025,play,3,2026-06-08
C01015,ITEM_056,purchase,5,2026-06-28
C00469,ITEM_001,play,3,2026-03-22
C00532,ITEM_051,view,1,2026-04-06
C00724,ITEM_064,view,1,2026-01-25
C00315,ITEM_056,view,1,2026-06-07
C00263,ITEM_021,view,1,2026-05-19
C00455,ITEM_055,purchase,5,2026-01-21
C00965,ITEM_065,view,1,2026-04-06
C00173,ITEM_042,view,1,2026-01-31
C00525,ITEM_051,view,1,2026-04-17
C00806,ITEM_065,view,1,2026-04-29
C00847,ITEM_038,view,1,2026-03-11
C00521,ITEM_011,view,1,2026-03-21
C00097,ITEM_077,play,3,2026-05-08
C00019,ITEM_026,view,1,2026-01-29
C00563,ITEM_030,play,3,2026-01-07
C00972,ITEM_049,view,1,2026-03-16
C00033,ITEM_014,view,1,2026-03-30
C01064,ITEM_027,play,3,2026-02-21
C00811,ITEM_046,play,3,2026-03-18
C00009,ITEM_058,view,1,2026-01-19
C00412,ITEM_011,play,3,2026-05-15
C00264,ITEM_066,view,1,2026-05-18
C01139,ITEM_022,view,1,2026-02-17
C00665,ITEM_073,purchase,5,2026-04-28
C00388,ITEM_072,purchase,5,2026-02-12
C00333,ITEM_056,view,1,2026-03-13
C00676,ITEM_071,purchase,5,2026-02-27
C00006,ITEM_012,play,3,2026-06-24
C00308,ITEM_037,view,1,2026-03-28
C00198,ITEM_011,view,1,2026-04-24
C00744,ITEM_038,view,1,2026-02-07
C00803,ITEM_046,view,1,2026-06-16
C00560,ITEM_045,purchase,5,2026-05-04
C00168,ITEM_006,view,1,2026-01-20
C00444,ITEM_006,view,1,2026-03-01
C01011,ITEM_079,view,1,2026-04-02
C00244,ITEM_020,view,1,2026-03-17
C00196,ITEM_039,play,3,2026-05-25
C00133,ITEM_046,view,1,2026-04-11
C00980,ITEM_012,view,1,2026-04-11
C00143,ITEM_025,view,1,2026-03-09
C00697,ITEM_048,play,3,2026-06-01
C01198,ITEM_017,play,3,2026-05-07
C00770,ITEM_063,play,3,2026-05-08
C00494,ITEM_051,view,1,2026-04-29
C00248,ITEM_079,view,1,2026-04-30
C00002,ITEM_045,play,3,2026-05-17
C00186,ITEM_064,play,3,2026-02-12
C01143,ITEM_026,view,1,2026-04-05
C00172,ITEM_055,play,3,2026-01-24
C00023,ITEM_074,view,1,2026-03-08
C00979,ITEM_065,view,1,2026-02-22
C00502,ITEM_062,purchase,5,2026-02-06
C00428,ITEM_036,view,1,2026-04-09
C00860,ITEM_047,purchase,5,2026-03-20
C00627,ITEM_047,view,1,2026-03-23
C01097,ITEM_016,purchase,5,2026-06-07
C00561,ITEM_021,view,1,2026-03-07
C00855,ITEM_051,play,3,2026-01-22
C01054,ITEM_050,play,3,2026-05-23
C00556,ITEM_055,view,1,2026-02-08
C00341,ITEM_048,view,1,2026-06-25
C01169,ITEM_046,view,1,2026-04-30
C00272,ITEM_041,view,1,2026-02-16
C00047,ITEM_051,purchase,5,2026-04-14
C00693,ITEM_028,view,1,2026-06-17
C01184,ITEM_012,play,3,2026-06-14
C00103,ITEM_054,view,1,2026-03-13
C01019,ITEM_026,view,1,2026-01-06
C00996,ITEM_060,purchase,5,2026-01-15
C01114,ITEM_071,view,1,2026-06-08
C00505,ITEM_031,view,1,2026-04-29
C00305,ITEM_010,view,1,2026-05-11
C00614,ITEM_000,view,1,2026-05-10
C00170,ITEM_047,view,1,2026-05-20
C01011,ITEM_070,play,3,2026-04-02
C00795,ITEM_071,view,1,2026-03-10
C00579,ITEM_071,play,3,2026-02-12
C00619,ITEM_001,play,3,2026-02-25
C00854,ITEM_004,view,1,2026-05-16
C00627,ITEM_077,view,1,2026-01-03
C01007,ITEM_053,view,1,2026-01-27
C01109,ITEM_070,play,3,2026-05-22
C01139,ITEM_078,view,1,2026-04-27
C00744,ITEM_057,view,1,2026-01-30
C00891,ITEM_032,view,1,2026-01-07
C00373,ITEM_056,view,1,2026-02-10
C00045,ITEM_050,play,3,2026-01-22
C00480,ITEM_069,view,1,2026-02-19
C01046,ITEM_068,view,1,2026-05-30
C00160,ITEM_013,view,1,2026-06-06
C00654,ITEM_070,play,3,2026-02-21
C00230,ITEM_055,play,3,2026-02-21
C00515,ITEM_058,view,1,2026-05-29
C00172,ITEM_027,view,1,2026-03-18
C00881,ITEM_038,play,3,2026-02-08
C00972,ITEM_070,view,1,2026-05-15
C00910,ITEM_011,view,1,2026-03-30
C00845,ITEM_042,view,1,2026-06-10
C00282,ITEM_077,view,1,2026-06-07
C00636,ITEM_061,view,1,2026-05-23
C00125,ITEM_011,view,1,2026-06-24
C00449,ITEM_013,view,1,2026-04-07
C00606,ITEM_040,view,1,2026-04-09
C00802,ITEM_019,view,1,2026-01-01
C00116,ITEM_070,view,1,2026-01-31
C00975,ITEM_067,view,1,2026-01-29
C00550,ITEM_076,view,1,2026-06-15
C01057,ITEM_031,play,3,2026-02-15
C00632,ITEM_022,purchase,5,2026-04-22
C00656,ITEM_042,view,1,2026-03-16
C00831,ITEM_009,view,1,2026-05-18
C00983,ITEM_058,view,1,2026-03-07
C00189,ITEM_069,play,3,2026-06-18
C00613,ITEM_013,view,1,2026-04-03
C00035,ITEM_015,view,1,2026-02-13
C00569,ITEM_024,play,3,2026-03-16
C00976,ITEM_064,view,1,2026-03-07
C01038,ITEM_026,view,1,2026-05-11
C00340,ITEM_058,view,1,2026-02-28
C00463,ITEM_073,play,3,2026-01-10
C00661,ITEM_035,play,3,2026-05-22
C00475,ITEM_011,view,1,2026-06-29
C00213,ITEM_073,play,3,2026-02-15
C00365,ITEM_029,view,1,2026-06-01
C00484,ITEM_047,view,1,2026-01-08
C00622,ITEM_076,play,3,2026-03-02
C01104,ITEM_071,play,3,2026-01-03
C00653,ITEM_066,purchase,5,2026-03-13
C00464,ITEM_028,play,3,2026-04-20
C00792,ITEM_053,view,1,2026-06-23
C00927,ITEM_026,view,1,2026-06-01
C00516,ITEM_043,view,1,2026-06-18
C00587,ITEM_026,view,1,2026-04-28
C00261,ITEM_067,view,1,2026-03-12
C01037,ITEM_060,view,1,2026-06-13
C01040,ITEM_075,view,1,2026-01-11
C00209,ITEM_021,play,3,2026-05-27
C00415,ITEM_073,view,1,2026-06-27
C00326,ITEM_019,view,1,2026-01-04
C01107,ITEM_051,play,3,2026-04-28
C00078,ITEM_013,view,1,2026-06-07
C00248,ITEM_058,view,1,2026-05-05
C00377,ITEM_061,view,1,2026-06-25
C00672,ITEM_062,play,3,2026-02-19
C00298,ITEM_022,play,3,2026-04-25
C00643,ITEM_064,view,1,2026-05-28
C00896,ITEM_012,view,1,2026-01-13
C00994,ITEM_058,view,1,2026-04-11
C00118,ITEM_037,view,1,2026-06-22
C00166,ITEM_014,play,3,2026-03-26
C00114,ITEM_077,play,3,2026-05-27
C01091,ITEM_060,play,3,2026-05-14
C00782,ITEM_011,purchase,5,2026-02-18
C00637,ITEM_031,view,1,2026-03-08
C00949,ITEM_059,purchase,5,2026-03-30
C00703,ITEM_015,play,3,2026-03-19
C00282,ITEM_037,view,1,2026-04-18
C00612,ITEM_008,play,3,2026-04-28
C00843,ITEM_001,play,3,2026-03-16
C00043,ITEM_019,purchase,5,2026-04-26
C00727,ITEM_056,view,1,2026-04-29
C00596,ITEM_040,view,1,2026-06-24
C00083,ITEM_024,play,3,2026-05-27
C00316,ITEM_019,view,1,2026-04-12
C00538,ITEM_064,play,3,2026-02-01
C00411,ITEM_053,view,1,2026-02-27
C00348,ITEM_069,view,1,2026-03-01
C00778,ITEM_077,view,1,2026-02-21
C00485,ITEM_050,play,3,2026-06-20
C00597,ITEM_003,view,1,2026-04-07
C00957,ITEM_075,play,3,2026-06-28
C00111,ITEM_010,play,3,2026-01-22
C00431,ITEM_056,play,3,2026-05-09
C00087,ITEM_019,view,1,2026-04-16
C01112,ITEM_061,view,1,2026-05-18
C00222,ITEM_064,play,3,2026-03-12
C00983,ITEM_063,view,1,2026-04-04
C00229,ITEM_021,view,1,2026-03-05
C00388,ITEM_051,purchase,5,2026-05-06
C00729,ITEM_015,view,1,2026-02-04
C00997,ITEM_070,view,1,2026-04-29
C00213,ITEM_012,purchase,5,2026-03-31
C00255,ITEM_067,view,1,2026-05-24
C01058,ITEM_011,view,1,2026-01-07
C00386,ITEM_023,view,1,2026-02-02
C00251,ITEM_057,play,3,2026-04-20
C00892,ITEM_076,play,3,2026-03-09
C00109,ITEM_056,play,3,2026-02-21
C01040,ITEM_027,purchase,5,2026-06-17
C01050,ITEM_024,view,1,2026-06-12
C01027,ITEM_050,view,1,2026-01-17
C00354,ITEM_035,view,1,2026-04-05
C00137,ITEM_016,purchase,5,2026-05-01
C00510,ITEM_050,purchase,5,2026-05-21
C00401,ITEM_034,view,1,2026-02-06
C01150,ITEM_078,play,3,2026-06-03
C00758,ITEM_002,play,3,2026-04-28
C01133,ITEM_059,view,1,2026-06-08
C00901,ITEM_063,view,1,2026-05-03
C00857,ITEM_064,purchase,5,2026-06-06
C00134,ITEM_056,view,1,2026-01-06
C00082,ITEM_078,view,1,2026-02-10
C00055,ITEM_024,purchase,5,2026-04-06
C00712,ITEM_030,view,1,2026-02-24
C00242,ITEM_074,view,1,2026-02-05
C01186,ITEM_005,play,3,2026-05-08
C00159,ITEM_066,view,1,2026-06-28
C01136,ITEM_059,view,1,2026-04-07
C00801,ITEM_047,view,1,2026-04-20
C00127,ITEM_009,play,3,2026-04-20
C00070,ITEM_048,view,1,2026-03-17
C00475,ITEM_035,play,3,2026-05-02
C00406,ITEM_007,play,3,2026-05-26
C00378,ITEM_059,view,1,2026-01-21
C00634,ITEM_064,play,3,2026-02-19
C00155,ITEM_044,play,3,2026-01-31
C00155,ITEM_013,purchase,5,2026-05-23
C00833,ITEM_029,view,1,2026-04-25
C01188,ITEM_043,view,1,2026-05-01
C00328,ITEM_041,play,3,2026-04-23
C01118,ITEM_047,purchase,5,2026-04-06
C00413,ITEM_019,purchase,5,2026-05-28
C00403,ITEM_063,view,1,2026-01-29
C00108,ITEM_005,view,1,2026-05-05
C00507,ITEM_078,view,1,2026-05-31
C00597,ITEM_032,play,3,2026-02-07
C00796,ITEM_066,play,3,2026-05-08
C00189,ITEM_004,play,3,2026-01-13
C00226,ITEM_053,view,1,2026-01-30
C00518,ITEM_078,purchase,5,2026-03-12
C00083,ITEM_076,view,1,2026-06-29
C00172,ITEM_035,view,1,2026-03-08
C00754,ITEM_029,view,1,2026-03-19
C01144,ITEM_070,view,1,2026-05-19
C00687,ITEM_051,play,3,2026-05-24
C00173,ITEM_076,view,1,2026-05-01
C01189,ITEM_018,view,1,2026-01-06
C00626,ITEM_035,view,1,2026-06-06
C00860,ITEM_025,view,1,2026-02-16
C00236,ITEM_033,play,3,2026-04-01
C00694,ITEM_069,view,1,2026-05-12
C00091,ITEM_071,view,1,2026-02-21
C00750,ITEM_047,view,1,2026-05-04
C00242,ITEM_002,play,3,2026-04-01
C01091,ITEM_035,view,1,2026-01-29
C00065,ITEM_038,view,1,2026-02-08
C00783,ITEM_057,view,1,2026-05-18
C00167,ITEM_021,view,1,2026-01-11
C00824,ITEM_046,view,1,2026-03-10
C00592,ITEM_060,view,1,2026-03-31
C01160,ITEM_045,play,3,2026-03-11
C00782,ITEM_066,view,1,2026-03-16
C00446,ITEM_020,view,1,2026-06-24
C00104,ITEM_049,purchase,5,2026-01-06
C00714,ITEM_036,view,1,2026-06-26
C00529,ITEM_032,view,1,2026-05-10
C00063,ITEM_033,view,1,2026-06-15
C00697,ITEM_044,view,1,2026-04-26
C00251,ITEM_041,view,1,2026-06-19
C00281,ITEM_045,play,3,2026-01-14
C00010,ITEM_076,view,1,2026-05-10
C00446,ITEM_050,play,3,2026-05-08
C00261,ITEM_043,purchase,5,2026-06-17
C00086,ITEM_073,view,1,2026-01-15
C00521,ITEM_019,play,3,2026-04-02
C00264,ITEM_019,view,1,2026-04-04
C00160,ITEM_009,view,1,2026-01-17
C00560,ITEM_016,play,3,2026-04-23
C00075,ITEM_006,view,1,2026-03-28
C01188,ITEM_015,purchase,5,2026-03-31
C00565,ITEM_052,view,1,2026-05-03
C01195,ITEM_055,view,1,2026-05-15
C01057,ITEM_051,view,1,2026-04-30
C01175,ITEM_072,view,1,2026-03-11
C00651,ITEM_068,view,1,2026-06-23
C00507,ITEM_026,view,1,2026-02-08
C00863,ITEM_015,view,1,2026-03-03
C00096,ITEM_033,view,1,2026-03-29
C01008,ITEM_074,purchase,5,2026-02-26
C00388,ITEM_077,view,1,2026-03-03
C00008,ITEM_016,view,1,2026-06-16
C00285,ITEM_011,play,3,2026-01-28
C00290,ITEM_059,play,3,2026-04-03
C00016,ITEM_070,play,3,2026-03-26
C00802,ITEM_076,purchase,5,2026-01-16
C00114,ITEM_076,view,1,2026-02-06
C01016,ITEM_022,view,1,2026-02-19
C00543,ITEM_063,play,3,2026-03-26
C00861,ITEM_053,view,1,2026-03-16
C00407,ITEM_026,play,3,2026-04-17
C00158,ITEM_001,view,1,2026-03-09
C00216,ITEM_052,purchase,5,2026-05-21
C00775,ITEM_028,play,3,2026-03-08
C00859,ITEM_023,view,1,2026-06-03
C00321,ITEM_000,view,1,2026-06-29
C00428,ITEM_009,purchase,5,2026-05-01
C01134,ITEM_015,play,3,2026-01-19
C01022,ITEM_008,play,3,2026-06-10
C00495,ITEM_075,play,3,2026-05-27
C00289,ITEM_000,view,1,2026-04-11
C00361,ITEM_031,view,1,2026-03-03
C00646,ITEM_078,view,1,2026-05-08
C00680,ITEM_009,play,3,2026-04-21
C00220,ITEM_052,play,3,2026-05-19
C00079,ITEM_020,view,1,2026-04-27
C00594,ITEM_025,purchase,5,2026-05-29
C00956,ITEM_035,view,1,2026-06-24
C00182,ITEM_046,play,3,2026-05-16
C00490,ITEM_060,view,1,2026-02-27
C00193,ITEM_049,view,1,2026-06-12
C00290,ITEM_001,view,1,2026-05-29
C00734,ITEM_014,play,3,2026-03-27
C00343,ITEM_050,play,3,2026-01-11
C00316,ITEM_023,view,1,2026-06-21
C01194,ITEM_004,view,1,2026-04-08
C00206,ITEM_043,view,1,2026-03-14
C00227,ITEM_025,view,1,2026-04-20
C01115,ITEM_067,view,1,2026-01-13
C00660,ITEM_071,view,1,2026-05-29
C00051,ITEM_010,play,3,2026-02-02
C00509,ITEM_062,play,3,2026-02-16
C00678,ITEM_068,view,1,2026-04-11
C00303,ITEM_051,play,3,2026-04-30
C00657,ITEM_048,view,1,2026-01-03
C00778,ITEM_037,purchase,5,2026-04-15
C00300,ITEM_039,view,1,2026-01-29
C00974,ITEM_006,view,1,2026-06-21
C00543,ITEM_011,play,3,2026-03-09
C01156,ITEM_054,view,1,2026-03-30
C00105,ITEM_043,play,3,2026-04-23
C00389,ITEM_013,purchase,5,2026-01-29
C00865,ITEM_028,play,3,2026-01-30
C01073,ITEM_051,view,1,2026-06-22
C00266,ITEM_015,view,1,2026-04-14
C01176,ITEM_016,view,1,2026-02-10
C00232,ITEM_070,view,1,2026-04-30
C00499,ITEM_036,purchase,5,2026-06-10
C00377,ITEM_036,view,1,2026-05-18
C00509,ITEM_005,view,1,2026-03-14
C01082,ITEM_006,view,1,2026-04-29
C00879,ITEM_051,purchase,5,2026-06-11
C00955,ITEM_024,purchase,5,2026-02-15
C00304,ITEM_022,view,1,2026-05-23
C01136,ITEM_014,view,1,2026-06-29
C00522,ITEM_060,play,3,2026-03-04
C00782,ITEM_075,view,1,2026-06-09
C00837,ITEM_020,purchase,5,2026-01-04
C00795,ITEM_019,purchase,5,2026-03-09
C00722,ITEM_062,play,3,2026-02-19
C00576,ITEM_040,view,1,2026-01-06
C00777,ITEM_063,play,3,2026-04-19
C01086,ITEM_059,purchase,5,2026-04-06
C00467,ITEM_063,view,1,2026-03-10
C00613,ITEM_012,play,3,2026-06-05
C00216,ITEM_042,view,1,2026-02-14
C00426,ITEM_034,purchase,5,2026-05-28
C00926,ITEM_069,play,3,2026-04-25
C00768,ITEM_052,view,1,2026-06-11
C00253,ITEM_059,view,1,2026-01-02
C00655,ITEM_070,view,1,2026-06-24
C00974,ITEM_055,view,1,2026-01-01
C00148,ITEM_052,purchase,5,2026-05-09
C00074,ITEM_042,view,1,2026-05-16
C00471,ITEM_006,purchase,5,2026-01-30
C00787,ITEM_057,view,1,2026-01-07
C00375,ITEM_025,play,3,2026-01-07
C00985,ITEM_009,purchase,5,2026-01-24
C01016,ITEM_028,play,3,2026-01-28
C00639,ITEM_027,play,3,2026-06-24
C00454,ITEM_031,purchase,5,2026-02-06
C00050,ITEM_022,play,3,2026-05-25
C00985,ITEM_075,play,3,2026-01-12
C01074,ITEM_070,view,1,2026-04-28
C00530,ITEM_002,view,1,2026-03-23
C00619,ITEM_039,view,1,2026-04-08
C00904,ITEM_024,play,3,2026-05-22
C00834,ITEM_067,play,3,2026-02-07
C00162,ITEM_039,view,1,2026-01-01
C00806,ITEM_050,purchase,5,2026-02-09
C01109,ITEM_006,view,1,2026-05-25
C00900,ITEM_057,purchase,5,2026-04-17
C00576,ITEM_038,view,1,2026-06-16
C00627,ITEM_070,view,1,2026-05-31
C00311,ITEM_008,play,3,2026-01-28
C00792,ITEM_024,view,1,2026-01-11
C00289,ITEM_067,play,3,2026-01-04
C00410,ITEM_018,play,3,2026-02-04
C00318,ITEM_021,play,3,2026-03-28
C00402,ITEM_024,view,1,2026-01-03
C00440,ITEM_041,view,1,2026-06-06
C00099,ITEM_004,view,1,2026-03-28
C00861,ITEM_049,view,1,2026-05-13
C00529,ITEM_064,view,1,2026-06-07
C01139,ITEM_024,view,1,2026-01-07
C00217,ITEM_013,play,3,2026-03-20
C00802,ITEM_028,purchase,5,2026-05-02
C00215,ITEM_051,play,3,2026-06-29
C00656,ITEM_040,view,1,2026-05-28
C00589,ITEM_048,view,1,2026-02-09
C00538,ITEM_064,view,1,2026-02-18
C00785,ITEM_075,view,1,2026-05-24
C00993,ITEM_036,view,1,2026-04-28
C00380,ITEM_060,purchase,5,2026-02-14
C01019,ITEM_039,play,3,2026-03-30
C00221,ITEM_011,view,1,2026-06-17
C00351,ITEM_047,play,3,2026-02-07
C00372,ITEM_076,purchase,5,2026-03-01
C01144,ITEM_034,view,1,2026-06-12
C00142,ITEM_043,play,3,2026-05-02
C00474,ITEM_058,view,1,2026-02-10
C00509,ITEM_066,view,1,2026-02-21
C00960,ITEM_000,play,3,2026-06-01
C00583,ITEM_004,view,1,2026-02-20
C01160,ITEM_038,play,3,2026-05-07
C00888,ITEM_008,view,1,2026-03-31
C00844,ITEM_073,view,1,2026-02-09
C00903,ITEM_056,play,3,2026-03-08
C00193,ITEM_049,play,3,2026-05-09
C00538,ITEM_046,play,3,2026-05-25
C00703,ITEM_038,play,3,2026-01-05
C00250,ITEM_003,view,1,2026-06-13
C00142,ITEM_061,view,1,2026-02-12
C00162,ITEM_038,play,3,2026-04-27
C00946,ITEM_031,view,1,2026-02-21
C00788,ITEM_034,view,1,2026-02-18
C00337,ITEM_037,purchase,5,2026-06-10
C00884,ITEM_075,view,1,2026-05-07
C00834,ITEM_015,view,1,2026-06-14
C00979,ITEM_014,purchase,5,2026-01-04
C01092,ITEM_009,view,1,2026-02-18
C01058,ITEM_049,play,3,2026-01-09
C00217,ITEM_002,view,1,2026-03-27
C00923,ITEM_063,view,1,2026-03-25
C00471,ITEM_058,play,3,2026-06-26
C00483,ITEM_056,view,1,2026-02-11
C00776,ITEM_037,play,3,2026-04-30
C00722,ITEM_032,view,1,2026-06-28
C00503,ITEM_075,view,1,2026-01-13
C01199,ITEM_066,view,1,2026-03-22
C00209,ITEM_014,view,1,2026-03-12
C00116,ITEM_020,view,1,2026-01-05
C00034,ITEM_019,play,3,2026-03-17
C00977,ITEM_037,view,1,2026-02-15
C00487,ITEM_051,view,1,2026-02-25
C00524,ITEM_017,view,1,2026-02-08
C00779,ITEM_004,view,1,2026-04-04
C00522,ITEM_030,view,1,2026-03-13
C00688,ITEM_040,play,3,2026-05-13
C00070,ITEM_053,play,3,2026-03-05
C00187,ITEM_009,play,3,2026-05-05
C01118,ITEM_055,view,1,2026-04-05
C00540,ITEM_012,view,1,2026-03-05
C00200,ITEM_023,play,3,2026-05-29
C00443,ITEM_040,view,1,2026-05-13
C00401,ITEM_008,play,3,2026-04-05
C00329,ITEM_045,purchase,5,2026-04-07
C00352,ITEM_003,view,1,2026-05-18
C00875,ITEM_016,play,3,2026-05-19
C00128,ITEM_045,view,1,2026-05-09
C00371,ITEM_021,view,1,2026-01-21
C00561,ITEM_034,view,1,2026-02-11
C00648,ITEM_022,view,1,2026-03-14
C01056,ITEM_040,view,1,2026-04-14
C01107,ITEM_011,play,3,2026-03-13
C00356,ITEM_012,play,3,2026-05-30
C00647,ITEM_077,view,1,2026-03-05
C00026,ITEM_026,view,1,2026-04-08
C00740,ITEM_055,play,3,2026-05-06
C00183,ITEM_000,view,1,2026-03-09
C00087,ITEM_008,play,3,2026-04-11
C00806,ITEM_063,view,1,2026-05-11
C00213,ITEM_028,purchase,5,2026-03-11
C00572,ITEM_024,view,1,2026-06-24
C00121,ITEM_013,view,1,2026-04-07
C00894,ITEM_021,play,3,2026-05-22
C00917,ITEM_018,view,1,2026-05-07
C00689,ITEM_063,view,1,2026-05-27
C01003,ITEM_075,view,1,2026-05-02
C00524,ITEM_002,play,3,2026-04-07
C00223,ITEM_010,view,1,2026-05-17
C00181,ITEM_050,view,1,2026-03-25
C00263,ITEM_070,view,1,2026-06-03
C00240,ITEM_025,view,1,2026-04-01
C00387,ITEM_067,purchase,5,2026-05-14
C00257,ITEM_000,view,1,2026-02-07
C00709,ITEM_059,view,1,2026-02-02
C00178,ITEM_075,view,1,2026-04-12
C00746,ITEM_039,view,1,2026-06-02
C00400,ITEM_046,purchase,5,2026-05-13
C00824,ITEM_020,view,1,2026-03-01
C00615,ITEM_062,play,3,2026-06-04
C01086,ITEM_066,view,1,2026-04-30
C00527,ITEM_066,play,3,2026-04-11
C00354,ITEM_066,view,1,2026-06-28
C00706,ITEM_006,view,1,2026-05-21
C00790,ITEM_042,view,1,2026-02-23
C00527,ITEM_040,view,1,2026-01-12
C00671,ITEM_003,purchase,5,2026-02-18
C00565,ITEM_064,play,3,2026-02-01
C00367,ITEM_015,view,1,2026-02-02
C00376,ITEM_033,view,1,2026-04-05
C01088,ITEM_004,play,3,2026-06-27
C00810,ITEM_063,view,1,2026-04-27
C00114,ITEM_014,view,1,2026-03-18
C01154,ITEM_041,play,3,2026-02-14
C00854,ITEM_040,view,1,2026-05-22
C00060,ITEM_007,view,1,2026-04-09
C00873,ITEM_068,view,1,2026-01-09
C00707,ITEM_000,view,1,2026-03-25
C01098,ITEM_052,play,3,2026-02-02
C00587,ITEM_013,play,3,2026-03-31
C00622,ITEM_048,purchase,5,2026-01-12
C00377,ITEM_018,view,1,2026-02-08
C00385,ITEM_059,play,3,2026-05-27
C00741,ITEM_045,purchase,5,2026-01-31
C00993,ITEM_051,play,3,2026-01-20
C01068,ITEM_078,purchase,5,2026-02-09
C00924,ITEM_035,purchase,5,2026-06-16
C00731,ITEM_060,play,3,2026-06-20
C00600,ITEM_065,purchase,5,2026-04-30
C00407,ITEM_025,play,3,2026-05-21
C00921,ITEM_024,view,1,2026-06-13
C00381,ITEM_056,purchase,5,2026-02-23
C00321,ITEM_074,play,3,2026-03-15
C01041,ITEM_001,view,1,2026-01-06
C00707,ITEM_009,view,1,2026-04-05
C00425,ITEM_013,view,1,2026-06-16
C01038,ITEM_051,play,3,2026-01-05
C01155,ITEM_033,view,1,2026-05-09
C00381,ITEM_040,view,1,2026-03-25
C00625,ITEM_025,view,1,2026-06-23
C00580,ITEM_034,view,1,2026-04-17
C00841,ITEM_061,purchase,5,2026-03-14
C01141,ITEM_034,view,1,2026-01-19
C00658,ITEM_031,view,1,2026-04-11
C00957,ITEM_003,view,1,2026-06-26
C00714,ITEM_030,play,3,2026-01-03
C01064,ITEM_060,play,3,2026-01-01
C00485,ITEM_010,view,1,2026-06-10
C00462,ITEM_028,view,1,2026-02-18
C00506,ITEM_022,purchase,5,2026-04-20
C01195,ITEM_038,play,3,2026-04-21
C00733,ITEM_065,play,3,2026-03-28
C00183,ITEM_067,view,1,2026-03-31
C00049,ITEM_030,purchase,5,2026-05-04
C00622,ITEM_046,play,3,2026-02-13
C00966,ITEM_065,view,1,2026-02-02
C00575,ITEM_068,purchase,5,2026-06-27
C00672,ITEM_048,play,3,2026-01-02
C00958,ITEM_010,play,3,2026-02-03
C00619,ITEM_030,play,3,2026-05-12
C01090,ITEM_022,view,1,2026-04-13
C00765,ITEM_054,view,1,2026-02-27
C00877,ITEM_018,view,1,2026-01-21
C00937,ITEM_002,view,1,2026-03-08
C00752,ITEM_070,view,1,2026-01-11
C00060,ITEM_008,view,1,2026-04-10
C00512,ITEM_062,purchase,5,2026-03-29
C00169,ITEM_076,view,1,2026-06-15
C00612,ITEM_066,play,3,2026-05-25
C00171,ITEM_039,view,1,2026-03-26
C00611,ITEM_045,view,1,2026-04-06
C00412,ITEM_057,view,1,2026-05-05
C00024,ITEM_017,view,1,2026-02-22
C00149,ITEM_033,view,1,2026-04-19
C00603,ITEM_030,view,1,2026-01-04
C00094,ITEM_021,play,3,2026-06-18
C01027,ITEM_044,view,1,2026-06-19
C00910,ITEM_033,view,1,2026-06-10
C00851,ITEM_001,view,1,2026-02-08
C00206,ITEM_007,view,1,2026-05-22
C00954,ITEM_051,view,1,2026-04-14
C00761,ITEM_044,view,1,2026-06-27
C00468,ITEM_068,play,3,2026-01-03
C00000,ITEM_005,play,3,2026-03-13
C00634,ITEM_026,play,3,2026-01-18
C00955,ITEM_030,play,3,2026-06-20
C00040,ITEM_054,view,1,2026-01-31
C00063,ITEM_034,view,1,2026-01-07
C00459,ITEM_038,view,1,2026-01-21
C00613,ITEM_073,play,3,2026-06-23
C00569,ITEM_000,view,1,2026-04-06
C00511,ITEM_071,view,1,2026-01-20
C00306,ITEM_022,purchase,5,2026-03-13
C00071,ITEM_003,view,1,2026-03-18
C00037,ITEM_042,view,1,2026-05-25
C00118,ITEM_016,purchase,5,2026-02-09
C00828,ITEM_057,view,1,2026-01-21
C00943,ITEM_060,view,1,2026-05-15
C00522,ITEM_032,view,1,2026-03-19
C00092,ITEM_062,view,1,2026-01-23
C00498,ITEM_014,purchase,5,2026-03-19
C01182,ITEM_026,play,3,2026-03-18
C00299,ITEM_004,view,1,2026-02-11
C00589,ITEM_051,view,1,2026-02-06
C00645,ITEM_057,view,1,2026-01-18
C00395,ITEM_061,view,1,2026-06-01
C00525,ITEM_029,view,1,2026-01-02
C00566,ITEM_067,view,1,2026-04-02
C00568,ITEM_051,play,3,2026-01-04
C00861,ITEM_046,play,3,2026-05-25
C00697,ITEM_017,purchase,5,2026-03-13
C00064,ITEM_067,play,3,2026-06-26
C00007,ITEM_060,view,1,2026-01-10
C00492,ITEM_070,play,3,2026-03-01
C01089,ITEM_027,purchase,5,2026-03-13
C00044,ITEM_044,view,1,2026-01-13
C00085,ITEM_004,view,1,2026-03-20
C00815,ITEM_047,view,1,2026-03-24
C00541,ITEM_040,purchase,5,2026-03-22
C00276,ITEM_065,purchase,5,2026-04-07
C00248,ITEM_058,play,3,2026-02-04
C00798,ITEM_079,view,1,2026-02-12
C00628,ITEM_074,purchase,5,2026-03-31
C00765,ITEM_013,view,1,2026-04-26
C00336,ITEM_077,view,1,2026-03-12
C00631,ITEM_002,view,1,2026-03-24
C01032,ITEM_036,play,3,2026-06-28
C00379,ITEM_074,play,3,2026-04-27
C00475,ITEM_048,view,1,2026-01-09
C00196,ITEM_079,view,1,2026-03-06
C00766,ITEM_044,view,1,2026-01-10
C00039,ITEM_054,view,1,2026-06-07
C00298,ITEM_042,play,3,2026-05-29
C00855,ITEM_074,view,1,2026-03-25
C00023,ITEM_009,view,1,2026-02-17
C01186,ITEM_031,view,1,2026-05-10
C00484,ITEM_053,play,3,2026-02-03
C00478,ITEM_039,play,3,2026-05-19
C00643,ITEM_077,view,1,2026-06-07
C00767,ITEM_046,view,1,2026-02-02
C00551,ITEM_010,purchase,5,2026-04-06
C01061,ITEM_049,view,1,2026-01-28
C01154,ITEM_024,view,1,2026-04-21
C00240,ITEM_037,view,1,2026-05-02
C00848,ITEM_006,purchase,5,2026-01-02
C00361,ITEM_069,play,3,2026-06-20
C01194,ITEM_032,view,1,2026-02-16
C00303,ITEM_064,view,1,2026-03-25
C00354,ITEM_038,view,1,2026-02-16
C00857,ITEM_075,view,1,2026-06-12
C00946,ITEM_028,view,1,2026-05-17
C00154,ITEM_008,view,1,2026-06-28
C00666,ITEM_038,view,1,2026-03-11
C00414,ITEM_002,view,1,2026-04-12
C00734,ITEM_064,view,1,2026-04-14
C00668,ITEM_073,view,1,2026-02-11
C01183,ITEM_017,play,3,2026-06-17
C01120,ITEM_004,view,1,2026-06-05
C00784,ITEM_060,play,3,2026-06-27
C00815,ITEM_055,purchase,5,2026-03-24
C01078,ITEM_063,purchase,5,2026-01-23
C00220,ITEM_045,view,1,2026-01-29
C00870,ITEM_046,view,1,2026-04-11
C00926,ITEM_021,play,3,2026-05-28
C00152,ITEM_025,view,1,2026-05-06
C01057,ITEM_050,view,1,2026-05-12
C00839,ITEM_074,view,1,2026-05-21
C00416,ITEM_024,view,1,2026-06-01
C00581,ITEM_029,play,3,2026-06-15
C00587,ITEM_047,view,1,2026-03-07
C01102,ITEM_003,purchase,5,2026-05-12
C01163,ITEM_052,play,3,2026-02-20
C00968,ITEM_010,view,1,2026-05-05
C00782,ITEM_054,view,1,2026-01-10
C00124,ITEM_071,view,1,2026-01-10
C01097,ITEM_073,purchase,5,2026-02-05
C00160,ITEM_011,play,3,2026-04-09
C00200,ITEM_047,play,3,2026-06-13
C00083,ITEM_035,play,3,2026-04-18
C01137,ITEM_039,view,1,2026-04-12
C00591,ITEM_055,purchase,5,2026-05-06
C00283,ITEM_079,purchase,5,2026-06-09
C00096,ITEM_045,play,3,2026-04-16
C00494,ITEM_044,view,1,2026-05-13
C00868,ITEM_052,view,1,2026-03-15
C01193,ITEM_040,view,1,2026-06-29
C00662,ITEM_027,view,1,2026-03-29
C00728,ITEM_065,view,1,2026-06-10
C01003,ITEM_052,play,3,2026-06-24
C01082,ITEM_045,purchase,5,2026-06-08
C00335,ITEM_000,view,1,2026-03-01
C01190,ITEM_022,view,1,2026-03-09
C00622,ITEM_021,view,1,2026-05-22
C01116,ITEM_051,purchase,5,2026-06-17
C00140,ITEM_009,play,3,2026-04-20
C00116,ITEM_030,view,1,2026-05-20
C01061,ITEM_036,view,1,2026-03-21
C00807,ITEM_059,view,1,2026-06-04
C00210,ITEM_011,view,1,2026-03-16
C01073,ITEM_048,view,1,2026-04-22
C00122,ITEM_043,view,1,2026-04-07
C00818,ITEM_059,view,1,2026-05-31
C00246,ITEM_014,view,1,2026-05-24
C00084,ITEM_047,view,1,2026-06-01
C00967,ITEM_033,play,3,2026-01-22
C01016,ITEM_020,view,1,2026-02-14
C00126,ITEM_005,view,1,2026-06-13
C00111,ITEM_030,purchase,5,2026-01-24
C00737,ITEM_035,view,1,2026-05-20
C00034,ITEM_004,play,3,2026-04-25
C00895,ITEM_064,view,1,2026-03-04
C01098,ITEM_055,play,3,2026-01-07
C00901,ITEM_025,view,1,2026-01-02
C00276,ITEM_003,view,1,2026-06-10
C00228,ITEM_056,view,1,2026-01-19
C00816,ITEM_001,play,3,2026-05-15
C00073,ITEM_034,play,3,2026-01-26
C00645,ITEM_016,play,3,2026-03-13
C00538,ITEM_018,view,1,2026-01-19
C00893,ITEM_060,play,3,2026-04-25
C00242,ITEM_024,view,1,2026-01-19
C00914,ITEM_019,view,1,2026-04-23
C00839,ITEM_024,view,1,2026-06-22
C00286,ITEM_011,view,1,2026-05-14
C00428,ITEM_059,play,3,2026-04-29
C00079,ITEM_039,view,1,2026-06-13
C00539,ITEM_016,view,1,2026-05-28
C00312,ITEM_024,purchase,5,2026-05-12
C00136,ITEM_078,play,3,2026-04-12
C00671,ITEM_046,view,1,2026-03-12
C00681,ITEM_054,purchase,5,2026-04-22
C00103,ITEM_068,view,1,2026-01-20
C00222,ITEM_032,play,3,2026-06-08
C00099,ITEM_027,view,1,2026-06-09
C00814,ITEM_079,view,1,2026-02-17
C00405,ITEM_045,purchase,5,2026-05-17
C00085,ITEM_017,view,1,2026-05-06
C00229,ITEM_068,play,3,2026-06-03
C01171,ITEM_061,view,1,2026-06-11
C00306,ITEM_032,view,1,2026-05-14
C00821,ITEM_021,purchase,5,2026-06-18
C00562,ITEM_052,view,1,2026-02-28
C00218,ITEM_043,play,3,2026-03-21
C00368,ITEM_018,play,3,2026-01-27
C00016,ITEM_004,view,1,2026-06-04
C00896,ITEM_065,view,1,2026-02-19
C00401,ITEM_067,view,1,2026-04-01
C00599,ITEM_072,view,1,2026-01-30
C00183,ITEM_029,view,1,2026-02-16
C00989,ITEM_056,view,1,2026-05-02
C00262,ITEM_046,play,3,2026-02-15
C00679,ITEM_021,view,1,2026-04-03
C01047,ITEM_074,play,3,2026-03-23
C00855,ITEM_026,view,1,2026-04-21
C00723,ITEM_002,view,1,2026-02-16
C01065,ITEM_013,view,1,2026-03-29
C00211,ITEM_077,view,1,2026-01-06
C01156,ITEM_005,view,1,2026-04-04
C00667,ITEM_042,view,1,2026-01-19
C00491,ITEM_038,play,3,2026-05-12
C00306,ITEM_062,play,3,2026-06-02
C00893,ITEM_065,view,1,2026-03-14
C01171,ITEM_037,play,3,2026-06-08
C00828,ITEM_050,purchase,5,2026-03-12
C00039,ITEM_065,view,1,2026-06-07
C00562,ITEM_064,purchase,5,2026-04-04
C00878,ITEM_070,view,1,2026-04-10
C00476,ITEM_056,play,3,2026-03-15
C00927,ITEM_030,view,1,2026-06-18
C00848,ITEM_044,play,3,2026-05-08
C00080,ITEM_057,play,3,2026-03-31
C00669,ITEM_023,purchase,5,2026-05-24
C00206,ITEM_079,purchase,5,2026-03-25
C00583,ITEM_035,view,1,2026-06-07
C00461,ITEM_060,play,3,2026-03-27
C00968,ITEM_040,view,1,2026-05-26
C01041,ITEM_076,view,1,2026-02-15
C00553,ITEM_053,view,1,2026-04-12
C00644,ITEM_058,purchase,5,2026-04-21
C00751,ITEM_061,play,3,2026-04-05
C00786,ITEM_026,view,1,2026-03-22
C00762,ITEM_027,purchase,5,2026-01-01
C00939,ITEM_066,play,3,2026-06-25
C01178,ITEM_036,view,1,2026-02-08
C00993,ITEM_053,view,1,2026-01-31
C00161,ITEM_041,play,3,2026-05-27
C00571,ITEM_002,play,3,2026-01-14
C00553,ITEM_037,view,1,2026-05-18
C00610,ITEM_013,view,1,2026-03-05
C00634,ITEM_006,view,1,2026-05-10
C00861,ITEM_020,view,1,2026-02-08
C00505,ITEM_023,view,1,2026-05-07
C00316,ITEM_059,view,1,2026-06-28
C00549,ITEM_020,view,1,2026-04-01
C01025,ITEM_063,play,3,2026-04-11
C00373,ITEM_016,view,1,2026-04-21
C00024,ITEM_066,view,1,2026-03-06
C01171,ITEM_042,view,1,2026-04-10
C00234,ITEM_005,purchase,5,2026-04-26
C00723,ITEM_008,view,1,2026-01-05
C00960,ITEM_005,view,1,2026-03-23
C00329,ITEM_032,view,1,2026-04-05
C00408,ITEM_023,play,3,2026-02-07
C00336,ITEM_003,view,1,2026-03-26
C00179,ITEM_054,view,1,2026-03-13
C00183,ITEM_068,play,3,2026-04-10
C00224,ITEM_067,play,3,2026-02-21
C00549,ITEM_012,view,1,2026-06-11
C00636,ITEM_069,view,1,2026-04-25
C00019,ITEM_034,purchase,5,2026-04-23
C01015,ITEM_016,purchase,5,2026-05-27
C00811,ITEM_010,play,3,2026-01-04
C00084,ITEM_061,play,3,2026-02-17
C01011,ITEM_020,play,3,2026-02-02
C00036,ITEM_051,purchase,5,2026-04-22
C00672,ITEM_044,view,1,2026-03-03
C00558,ITEM_074,purchase,5,2026-05-08
C00602,ITEM_057,play,3,2026-06-19
C01147,ITEM_061,view,1,2026-03-08
C01112,ITEM_039,view,1,2026-03-01
C00334,ITEM_042,view,1,2026-03-29
C00695,ITEM_011,play,3,2026-03-30
C01151,ITEM_062,play,3,2026-03-06
C00874,ITEM_060,view,1,2026-03-04
C01065,ITEM_024,view,1,2026-03-09
C00521,ITEM_011,view,1,2026-03-29
C00339,ITEM_062,view,1,2026-03-22
C00612,ITEM_061,view,1,2026-03-24
C00980,ITEM_062,play,3,2026-02-23
C01114,ITEM_002,view,1,2026-04-25
C00823,ITEM_068,view,1,2026-03-29
C00847,ITEM_028,view,1,2026-02-11
C00614,ITEM_019,view,1,2026-05-16
C00383,ITEM_042,purchase,5,2026-06-08
C00507,ITEM_067,play,3,2026-03-12
C00597,ITEM_065,play,3,2026-04-05
C00978,ITEM_013,view,1,2026-06-20
C00666,ITEM_078,view,1,2026-02-26
C00951,ITEM_061,play,3,2026-02-09
C00032,ITEM_074,view,1,2026-03-04
C00908,ITEM_074,view,1,2026-03-22
C00608,ITEM_042,view,1,2026-03-21
C01197,ITEM_002,play,3,2026-04-19
C00566,ITEM_005,view,1,2026-02-19
C00574,ITEM_050,view,1,2026-04-08
C00152,ITEM_007,play,3,2026-01-20
C00968,ITEM_052,view,1,2026-06-20
C00841,ITEM_008,view,1,2026-02-23
C01034,ITEM_065,play,3,2026-02-28
C00111,ITEM_021,purchase,5,2026-01-30
C00253,ITEM_008,view,1,2026-03-09
C01052,ITEM_027,view,1,2026-06-25
C00050,ITEM_072,view,1,2026-04-18
C00609,ITEM_044,view,1,2026-05-01
C00485,ITEM_079,play,3,2026-04-18
C01127,ITEM_020,play,3,2026-03-02
C01028,ITEM_053,view,1,2026-05-22
C01076,ITEM_014,play,3,2026-03-03
C00346,ITEM_034,view,1,2026-05-24
C00705,ITEM_030,view,1,2026-06-27
C00840,ITEM_050,purchase,5,2026-01-02
C01160,ITEM_053,view,1,2026-01-31
C00008,ITEM_004,view,1,2026-05-18
C01172,ITEM_055,play,3,2026-01-22
C00426,ITEM_060,view,1,2026-05-10
C00153,ITEM_030,view,1,2026-02-14
C00738,ITEM_005,view,1,2026-04-16
C00937,ITEM_033,view,1,2026-04-28
C00155,ITEM_025,view,1,2026-02-27
C00048,ITEM_063,view,1,2026-06-04
C01075,ITEM_011,view,1,2026-06-13
C01120,ITEM_023,view,1,2026-02-09
C00187,ITEM_058,play,3,2026-05-13
C01084,ITEM_075,play,3,2026-05-02
C01091,ITEM_047,play,3,2026-02-16
C01196,ITEM_000,play,3,2026-05-27
C00259,ITEM_055,play,3,2026-02-24
C00694,ITEM_002,view,1,2026-02-16
C01193,ITEM_005,view,1,2026-05-08
C01083,ITEM_053,view,1,2026-01-22
C00725,ITEM_029,view,1,2026-06-15
C00236,ITEM_002,purchase,5,2026-03-11
C00101,ITEM_032,view,1,2026-03-30
C00311,ITEM_030,play,3,2026-05-03
C00078,ITEM_048,view,1,2026-06-08
C00234,ITEM_075,view,1,2026-05-19
C00089,ITEM_008,view,1,2026-03-10
C00914,ITEM_053,view,1,2026-05-15
C00707,ITEM_051,view,1,2026-03-13
C00621,ITEM_078,play,3,2026-04-03
C00971,ITEM_031,view,1,2026-05-04
C00492,ITEM_012,play,3,2026-04-10
C00483,ITEM_072,purchase,5,2026-01-10
C00248,ITEM_004,view,1,2026-01-09
C00533,ITEM_035,purchase,5,2026-01-26
C00209,ITEM_052,view,1,2026-01-16
C00707,ITEM_008,view,1,2026-05-12
C01196,ITEM_023,view,1,2026-02-04
C00639,ITEM_008,view,1,2026-02-13
C00358,ITEM_067,view,1,2026-02-26
C00825,ITEM_020,view,1,2026-02-01
C00984,ITEM_048,play,3,2026-06-06
C00566,ITEM_019,view,1,2026-01-17
C00300,ITEM_055,play,3,2026-02-04
C00856,ITEM_063,view,1,2026-02-10
C00224,ITEM_003,view,1,2026-01-16
C01196,ITEM_057,view,1,2026-02-15
C00381,ITEM_052,view,1,2026-02-03
C00420,ITEM_006,view,1,2026-03-03
C00872,ITEM_021,play,3,2026-01-28
C00014,ITEM_068,view,1,2026-06-18
C00243,ITEM_035,view,1,2026-05-22
C00150,ITEM_007,play,3,2026-04-27
C00469,ITEM_051,play,3,2026-04-17
C00664,ITEM_062,purchase,5,2026-05-05
C00215,ITEM_034,view,1,2026-06-19
C00413,ITEM_008,play,3,2026-01-24
C00926,ITEM_010,view,1,2026-04-06
C01127,ITEM_030,play,3,2026-02-04
C00017,ITEM_038,view,1,2026-03-23
C00752,ITEM_060,view,1,2026-06-11
C00030,ITEM_054,purchase,5,2026-04-24
C00624,ITEM_020,play,3,2026-04-25
C01055,ITEM_055,view,1,2026-01-18
C00957,ITEM_009,view,1,2026-05-26
C00279,ITEM_014,play,3,2026-05-09
C00310,ITEM_062,view,1,2026-03-06
C00940,ITEM_072,view,1,2026-03-02
C00983,ITEM_055,view,1,2026-04-14
C00337,ITEM_036,view,1,2026-05-17
C00003,ITEM_071,view,1,2026-04-01
C00533,ITEM_028,play,3,2026-06-04
C00743,ITEM_051,view,1,2026-02-06
C00532,ITEM_054,play,3,2026-05-05
C01121,ITEM_005,purchase,5,2026-05-29
C00976,ITEM_076,view,1,2026-05-08
C00945,ITEM_051,play,3,2026-03-02
C00024,ITEM_019,view,1,2026-03-25
C01024,ITEM_065,purchase,5,2026-03-26
C00906,ITEM_030,view,1,2026-02-25
C00476,ITEM_006,view,1,2026-01-24
C00707,ITEM_054,view,1,2026-02-03
C00989,ITEM_010,purchase,5,2026-04-25
C01087,ITEM_047,view,1,2026-02-10
C00660,ITEM_054,play,3,2026-05-23
C00049,ITEM_012,view,1,2026-05-23
C00742,ITEM_063,play,3,2026-03-15
C00816,ITEM_036,view,1,2026-03-07
C00070,ITEM_028,view,1,2026-06-26
C00980,ITEM_008,view,1,2026-01-03
C00241,ITEM_058,view,1,2026-02-16
C01068,ITEM_013,play,3,2026-05-05
C00661,ITEM_013,play,3,2026-06-07
C00386,ITEM_021,view,1,2026-03-24
C00070,ITEM_035,view,1,2026-05-10
C00021,ITEM_070,view,1,2026-02-09
C00889,ITEM_059,play,3,2026-06-16
C00452,ITEM_059,play,3,2026-04-15
C01008,ITEM_015,play,3,2026-05-14
C00276,ITEM_051,play,3,2026-02-01
C01104,ITEM_027,view,1,2026-03-31
C01129,ITEM_037,view,1,2026-05-12
C00122,ITEM_050,play,3,2026-03-16
C00776,ITEM_013,view,1,2026-06-22
C01127,ITEM_027,view,1,2026-05-30
C00387,ITEM_031,view,1,2026-01-24
C00081,ITEM_069,play,3,2026-06-01
C01050,ITEM_077,play,3,2026-03-10
C00568,ITEM_076,purchase,5,2026-04-17
C00032,ITEM_042,view,1,2026-03-15
C01008,ITEM_051,view,1,2026-05-07
C00814,ITEM_057,view,1,2026-03-19
C00084,ITEM_062,play,3,2026-03-25
C00310,ITEM_054,view,1,2026-04-15
C00021,ITEM_072,purchase,5,2026-02-09
C01145,ITEM_030,view,1,2026-03-18
C00029,ITEM_056,play,3,2026-01-09
C00955,ITEM_048,play,3,2026-01-11
C00613,ITEM_061,view,1,2026-04-28
C00699,ITEM_074,play,3,2026-02-20
C00973,ITEM_006,view,1,2026-05-01
C01073,ITEM_068,play,3,2026-05-17
C00152,ITEM_065,play,3,2026-04-30
C00021,ITEM_069,view,1,2026-03-17
C00149,ITEM_021,view,1,2026-04-12
C00819,ITEM_046,purchase,5,2026-05-21
C00682,ITEM_005,purchase,5,2026-03-03
C00100,ITEM_004,view,1,2026-03-17
C00281,ITEM_047,purchase,5,2026-02-13
C00644,ITEM_077,view,1,2026-02-06
C00876,ITEM_018,view,1,2026-01-12
C00412,ITEM_063,view,1,2026-01-13
C01139,ITEM_006,view,1,2026-01-27
C01190,ITEM_005,view,1,2026-05-19
C00919,ITEM_048,play,3,2026-04-24
C00545,ITEM_022,view,1,2026-01-16
C01052,ITEM_007,view,1,2026-05-19
C00873,ITEM_073,play,3,2026-05-16
C00623,ITEM_070,play,3,2026-06-13
C00532,ITEM_001,purchase,5,2026-06-24
C00998,ITEM_077,view,1,2026-01-16
C00668,ITEM_001,play,3,2026-04-05
C00219,ITEM_059,view,1,2026-05-27
C01199,ITEM_062,view,1,2026-02-13
C00082,ITEM_023,play,3,2026-04-18
C00834,ITEM_010,view,1,2026-01-17
C00787,ITEM_045,play,3,2026-02-24
C00703,ITEM_070,view,1,2026-06-26
C00062,ITEM_002,view,1,2026-05-11
C00591,ITEM_068,view,1,2026-02-17
C01070,ITEM_049,view,1,2026-06-28
C00287,ITEM_078,view,1,2026-02-06
C00829,ITEM_021,view,1,2026-03-10
C01030,ITEM_051,view,1,2026-03-21
C01142,ITEM_036,play,3,2026-04-23
C00619,ITEM_050,view,1,2026-02-17
C00376,ITEM_014,view,1,2026-02-16
C00839,ITEM_039,view,1,2026-05-01
C00583,ITEM_078,view,1,2026-02-06
C00752,ITEM_067,view,1,2026-01-26
C00890,ITEM_016,play,3,2026-01-27
C00852,ITEM_004,play,3,2026-03-01
C00291,ITEM_033,view,1,2026-01-06
C00906,ITEM_018,play,3,2026-01-07
C00650,ITEM_020,view,1,2026-05-11
C01116,ITEM_014,view,1,2026-04-08
C00791,ITEM_043,view,1,2026-01-27
C01070,ITEM_007,view,1,2026-02-15
C01174,ITEM_072,view,1,2026-05-02
C01193,ITEM_002,view,1,2026-05-25
C00893,ITEM_013,view,1,2026-06-06
C00716,ITEM_044,view,1,2026-02-09
C00141,ITEM_011,view,1,2026-06-02
C00463,ITEM_040,play,3,2026-03-18
C00570,ITEM_005,play,3,2026-02-23
C00936,ITEM_069,view,1,2026-04-14
C00706,ITEM_047,view,1,2026-01-23
C00526,ITEM_024,view,1,2026-03-25
C00175,ITEM_048,play,3,2026-03-21
C00858,ITEM_043,view,1,2026-04-18
C00518,ITEM_065,view,1,2026-02-02
C00043,ITEM_058,purchase,5,2026-01-12
C00340,ITEM_066,view,1,2026-03-09
C01055,ITEM_069,view,1,2026-06-27
C00142,ITEM_008,play,3,2026-04-13
C00487,ITEM_061,purchase,5,2026-04-09
C00614,ITEM_072,view,1,2026-04-26
C00100,ITEM_015,view,1,2026-04-02
C00198,ITEM_066,view,1,2026-02-09
C01128,ITEM_048,view,1,2026-06-27
C00708,ITEM_051,view,1,2026-02-10
C00252,ITEM_057,view,1,2026-04-26
C00203,ITEM_027,play,3,2026-06-05
C00510,ITEM_071,play,3,2026-04-29
C00868,ITEM_059,purchase,5,2026-06-20
C00876,ITEM_035,play,3,2026-02-02
C00234,ITEM_049,view,1,2026-04-26
C00870,ITEM_076,view,1,2026-01-17
C01075,ITEM_028,view,1,2026-04-11
C00271,ITEM_071,view,1,2026-02-03
C00031,ITEM_001,view,1,2026-04-29
C01150,ITEM_063,play,3,2026-02-28
C00626,ITEM_047,view,1,2026-01-24
C00931,ITEM_056,view,1,2026-06-05
C00384,ITEM_046,view,1,2026-06-11
C00359,ITEM_038,purchase,5,2026-01-31
C00270,ITEM_012,play,3,2026-02-07
C00260,ITEM_019,view,1,2026-01-07
C00565,ITEM_072,view,1,2026-05-01
C00126,ITEM_032,purchase,5,2026-06-10
C01010,ITEM_012,view,1,2026-02-09
C00613,ITEM_010,play,3,2026-03-23
C01098,ITEM_022,play,3,2026-05-08
C00602,ITEM_058,play,3,2026-03-21
C00363,ITEM_029,view,1,2026-05-16
C00617,ITEM_034,purchase,5,2026-05-16
C00185,ITEM_054,view,1,2026-05-14
C00988,ITEM_048,view,1,2026-05-09
C00864,ITEM_006,view,1,2026-03-19
C00176,ITEM_031,view,1,2026-03-12
C00698,ITEM_056,view,1,2026-04-20
C00645,ITEM_056,play,3,2026-01-20
C00241,ITEM_033,play,3,2026-04-18
C00146,ITEM_017,view,1,2026-01-06
C00912,ITEM_014,play,3,2026-05-10
C00316,ITEM_007,purchase,5,2026-04-19
C00622,ITEM_008,view,1,2026-03-31
C00297,ITEM_077,play,3,2026-02-24
C00784,ITEM_032,purchase,5,2026-04-02
C00058,ITEM_025,play,3,2026-04-25
C00431,ITEM_035,view,1,2026-05-04
C00656,ITEM_041,play,3,2026-06-16
C00526,ITEM_010,play,3,2026-01-31
C00734,ITEM_072,view,1,2026-01-08
C00216,ITEM_038,view,1,2026-04-28
C00530,ITEM_044,view,1,2026-01-30
C00907,ITEM_040,view,1,2026-01-27
C00400,ITEM_075,view,1,2026-02-19
C00188,ITEM_078,view,1,2026-05-11
C01017,ITEM_010,play,3,2026-01-12
C00933,ITEM_057,play,3,2026-03-12
C00816,ITEM_013,view,1,2026-01-20
C00957,ITEM_000,view,1,2026-06-01
C00934,ITEM_044,view,1,2026-05-18
C00895,ITEM_038,view,1,2026-01-16
C00611,ITEM_039,play,3,2026-02-19
C00023,ITEM_001,view,1,2026-03-24
C00716,ITEM_051,purchase,5,2026-03-24
C00327,ITEM_040,view,1,2026-01-31
C00927,ITEM_004,view,1,2026-03-25
C00562,ITEM_027,play,3,2026-06-06
C01086,ITEM_010,view,1,2026-02-09
C00714,ITEM_072,view,1,2026-01-23
C00660,ITEM_059,view,1,2026-03-11
C01103,ITEM_039,play,3,2026-03-29
C00570,ITEM_006,view,1,2026-02-21
C00450,ITEM_067,play,3,2026-01-19
C00445,ITEM_028,play,3,2026-01-16
C01050,ITEM_046,play,3,2026-05-24
C00907,ITEM_057,play,3,2026-01-24
C00196,ITEM_031,play,3,2026-02-20
C00590,ITEM_077,play,3,2026-05-18
C00445,ITEM_018,view,1,2026-04-17
C00776,ITEM_027,play,3,2026-01-05
C00062,ITEM_014,play,3,2026-01-31
C00856,ITEM_027,view,1,2026-03-26
C00890,ITEM_063,play,3,2026-03-05
C00271,ITEM_037,view,1,2026-06-28
C00180,ITEM_070,view,1,2026-01-21
C00753,ITEM_071,view,1,2026-01-05
C00308,ITEM_025,view,1,2026-04-10
C01129,ITEM_063,view,1,2026-06-22
C00930,ITEM_039,view,1,2026-01-01
C01146,ITEM_033,view,1,2026-05-30
C00641,ITEM_023,view,1,2026-06-28
C01126,ITEM_005,view,1,2026-03-16
C00016,ITEM_036,view,1,2026-03-16
C00347,ITEM_053,purchase,5,2026-06-28
C00002,ITEM_069,play,3,2026-04-24
C00813,ITEM_032,view,1,2026-04-09
C00612,ITEM_011,view,1,2026-02-21
C00345,ITEM_037,view,1,2026-06-17
C00365,ITEM_023,view,1,2026-02-15
C00772,ITEM_073,view,1,2026-03-12
C00216,ITEM_055,play,3,2026-06-02
C00617,ITEM_072,play,3,2026-04-02
C00736,ITEM_024,view,1,2026-05-17
C00287,ITEM_035,play,3,2026-06-29
C00274,ITEM_006,view,1,2026-04-26
C00425,ITEM_010,play,3,2026-01-30
C00710,ITEM_029,purchase,5,2026-05-16
C00305,ITEM_031,view,1,2026-04-18
C00455,ITEM_054,play,3,2026-02-01
C00652,ITEM_017,play,3,2026-01-20
C00224,ITEM_078,view,1,2026-06-18
C00682,ITEM_062,view,1,2026-01-20
C00165,ITEM_071,play,3,2026-03-23
C00171,ITEM_024,view,1,2026-06-27
C00284,ITEM_044,view,1,2026-06-06
C00343,ITEM_041,play,3,2026-06-01
C00035,ITEM_062,view,1,2026-05-13
C01153,ITEM_067,view,1,2026-03-27
C00369,ITEM_045,purchase,5,2026-02-21
C00965,ITEM_077,view,1,2026-06-11
C01082,ITEM_039,view,1,2026-04-13
C00960,ITEM_021,play,3,2026-03-13
C00997,ITEM_013,view,1,2026-06-23
C00120,ITEM_030,play,3,2026-03-08
C00446,ITEM_023,play,3,2026-01-07
C00895,ITEM_016,view,1,2026-04-19
C00691,ITEM_036,view,1,2026-03-18
C00006,ITEM_020,purchase,5,2026-04-23
C00680,ITEM_078,purchase,5,2026-04-22
C00965,ITEM_024,view,1,2026-04-24
C00994,ITEM_048,view,1,2026-03-03
C00460,ITEM_060,view,1,2026-02-15
C00283,ITEM_075,purchase,5,2026-02-27
C00371,ITEM_054,play,3,2026-06-23
C00355,ITEM_020,view,1,2026-05-15
C00415,ITEM_044,play,3,2026-03-12
C00362,ITEM_005,view,1,2026-06-14
C00548,ITEM_021,view,1,2026-05-18
C00049,ITEM_078,view,1,2026-04-07
C00330,ITEM_000,view,1,2026-05-25
C00377,ITEM_026,play,3,2026-06-20
C00184,ITEM_004,view,1,2026-04-13
C01053,ITEM_042,play,3,2026-01-19
C00810,ITEM_060,purchase,5,2026-03-19
C01094,ITEM_005,view,1,2026-02-10
C00673,ITEM_010,view,1,2026-05-06
C00131,ITEM_068,play,3,2026-01-16
C01085,ITEM_022,view,1,2026-03-26
C00549,ITEM_000,play,3,2026-03-20
C00821,ITEM_007,view,1,2026-03-11
C00457,ITEM_072,view,1,2026-04-23
C00593,ITEM_073,play,3,2026-04-09
C00587,ITEM_013,view,1,2026-02-06
C00341,ITEM_022,view,1,2026-05-25
C00665,ITEM_014,view,1,2026-03-22
C00880,ITEM_039,play,3,2026-01-29
C00024,ITEM_066,purchase,5,2026-05-04
C00157,ITEM_060,view,1,2026-03-12
C01010,ITEM_030,view,1,2026-04-26
C00683,ITEM_055,view,1,2026-05-16
C01168,ITEM_020,play,3,2026-04-24
C00725,ITEM_072,view,1,2026-06-19
C00784,ITEM_047,view,1,2026-04-20
C01078,ITEM_073,view,1,2026-03-10
C00792,ITEM_020,view,1,2026-06-27
C00395,ITEM_076,play,3,2026-04-03
C00633,ITEM_022,view,1,2026-05-09
C00282,ITEM_054,view,1,2026-03-01
C00401,ITEM_003,view,1,2026-06-13
C00816,ITEM_018,view,1,2026-06-19
C00178,ITEM_043,view,1,2026-06-21
C00806,ITEM_040,view,1,2026-03-11
C00700,ITEM_010,view,1,2026-06-04
C00370,ITEM_000,view,1,2026-05-01
C00053,ITEM_066,view,1,2026-01-18
C00845,ITEM_019,play,3,2026-06-15
C00989,ITEM_060,view,1,2026-04-06
C00876,ITEM_013,view,1,2026-04-06
C00505,ITEM_022,play,3,2026-03-10
C00784,ITEM_001,view,1,2026-06-03
C00497,ITEM_042,view,1,2026-01-18
C00429,ITEM_041,play,3,2026-03-11
C00392,ITEM_046,view,1,2026-04-12
C00253,ITEM_059,purchase,5,2026-02-05
C01163,ITEM_053,view,1,2026-02-08
C00799,ITEM_016,play,3,2026-04-21
C00209,ITEM_033,play,3,2026-04-15
C01038,ITEM_006,view,1,2026-05-28
C00181,ITEM_052,view,1,2026-05-28
C00712,ITEM_031,play,3,2026-01-04
C00198,ITEM_013,view,1,2026-03-12
C00433,ITEM_070,view,1,2026-06-02
C00790,ITEM_037,purchase,5,2026-06-20
C01198,ITEM_004,play,3,2026-01-18
C01190,ITEM_007,purchase,5,2026-05-18
C01074,ITEM_023,play,3,2026-02-11
C00282,ITEM_075,play,3,2026-05-25
C00112,ITEM_007,play,3,2026-03-22
C01086,ITEM_032,play,3,2026-01-21
C01107,ITEM_031,play,3,2026-02-06
C00334,ITEM_049,view,1,2026-06-19
C00023,ITEM_047,view,1,2026-05-19
C00777,ITEM_039,view,1,2026-01-07
C00091,ITEM_064,view,1,2026-06-20
C00048,ITEM_002,purchase,5,2026-06-01
C01124,ITEM_031,play,3,2026-04-09
C00594,ITEM_005,view,1,2026-01-06
C00134,ITEM_024,view,1,2026-03-20
C00785,ITEM_021,view,1,2026-01-30
C00443,ITEM_070,view,1,2026-03-07
C00643,ITEM_053,play,3,2026-02-26
C01078,ITEM_019,view,1,2026-05-09
C00285,ITEM_051,view,1,2026-05-13
C00775,ITEM_066,view,1,2026-02-01
C00994,ITEM_015,view,1,2026-06-11
C00508,ITEM_045,view,1,2026-05-01
C01164,ITEM_039,play,3,2026-04-30
C00537,ITEM_073,play,3,2026-05-20
C00551,ITEM_029,play,3,2026-05-11
C01061,ITEM_054,view,1,2026-05-22
C00763,ITEM_045,view,1,2026-02-22
C01042,ITEM_025,purchase,5,2026-05-04
C00948,ITEM_026,purchase,5,2026-06-25
C00854,ITEM_068,view,1,2026-05-16
C00289,ITEM_071,play,3,2026-03-15
C00478,ITEM_020,view,1,2026-04-24
C01037,ITEM_037,view,1,2026-06-14
C00739,ITEM_011,purchase,5,2026-04-28
C00336,ITEM_034,purchase,5,2026-05-21
C00392,ITEM_069,purchase,5,2026-06-10
C00930,ITEM_056,view,1,2026-03-08
C00213,ITEM_038,view,1,2026-03-02
C00134,ITEM_062,play,3,2026-03-03
C00918,ITEM_044,play,3,2026-03-08
C00346,ITEM_035,view,1,2026-05-03
C00918,ITEM_001,view,1,2026-03-29
C00640,ITEM_008,view,1,2026-06-19
C01197,ITEM_043,view,1,2026-05-04
C00629,ITEM_006,play,3,2026-05-02
C01040,ITEM_000,view,1,2026-06-21
C01020,ITEM_026,view,1,2026-06-04
C00254,ITEM_044,view,1,2026-01-06
C01195,ITEM_058,view,1,2026-06-23
C00894,ITEM_077,view,1,2026-06-08
C00128,ITEM_052,view,1,2026-03-01
C00007,ITEM_078,play,3,2026-02-12
C00325,ITEM_023,view,1,2026-04-07
C00019,ITEM_052,play,3,2026-06-29
C00429,ITEM_000,view,1,2026-04-20
C01195,ITEM_010,view,1,2026-04-15
C00574,ITEM_051,view,1,2026-02-09
C00028,ITEM_025,play,3,2026-06-11
C00592,ITEM_045,view,1,2026-05-24
C00262,ITEM_075,view,1,2026-01-11
C01027,ITEM_061,view,1,2026-02-17
C00108,ITEM_028,view,1,2026-06-08
C00924,ITEM_054,view,1,2026-05-08
C00535,ITEM_073,view,1,2026-03-14
C00022,ITEM_019,view,1,2026-04-05
C00807,ITEM_044,view,1,2026-01-23
C00546,ITEM_058,play,3,2026-05-31
C00925,ITEM_052,view,1,2026-04-24
C00741,ITEM_038,purchase,5,2026-04-03
C00944,ITEM_034,play,3,2026-04-21
C00552,ITEM_045,view,1,2026-04-16
C00009,ITEM_039,play,3,2026-03-20
C00156,ITEM_028,view,1,2026-02-02
C00550,ITEM_069,purchase,5,2026-03-28
C00476,ITEM_063,purchase,5,2026-05-26
C00953,ITEM_051,play,3,2026-01-10
C00493,ITEM_015,view,1,2026-03-14
C01032,ITEM_041,purchase,5,2026-05-28
C00225,ITEM_016,play,3,2026-04-15
C00461,ITEM_013,play,3,2026-01-05
C00907,ITEM_018,view,1,2026-06-02
C00148,ITEM_012,purchase,5,2026-01-10
C00385,ITEM_063,play,3,2026-03-28
C00902,ITEM_041,view,1,2026-01-21
C00706,ITEM_058,purchase,5,2026-02-19
C00933,ITEM_078,play,3,2026-03-12
C00618,ITEM_021,purchase,5,2026-02-17
C01031,ITEM_015,view,1,2026-06-07
C01052,ITEM_011,view,1,2026-04-12
C01169,ITEM_001,play,3,2026-03-07
C00146,ITEM_002,view,1,2026-02-22
C00709,ITEM_047,play,3,2026-03-31
C00137,ITEM_054,play,3,2026-03-02
C00274,ITEM_023,view,1,2026-05-26
C00360,ITEM_043,play,3,2026-02-12
C00775,ITEM_016,view,1,2026-05-05
C00517,ITEM_056,play,3,2026-03-22
C01037,ITEM_056,play,3,2026-02-17
C00358,ITEM_056,view,1,2026-03-25
C00740,ITEM_040,view,1,2026-01-22
C00915,ITEM_067,view,1,2026-04-05
C01176,ITEM_006,view,1,2026-05-10
C00294,ITEM_033,play,3,2026-04-17
C00880,ITEM_005,view,1,2026-01-03
C00101,ITEM_066,view,1,2026-04-16
C00652,ITEM_005,view,1,2026-01-05
C00496,ITEM_034,play,3,2026-03-08
C01150,ITEM_014,play,3,2026-04-25
C00928,ITEM_056,view,1,2026-06-12
C01112,ITEM_032,view,1,2026-06-25
C01020,ITEM_044,view,1,2026-04-03
C00492,ITEM_076,view,1,2026-02-08
C00880,ITEM_073,view,1,2026-05-30
C00036,ITEM_034,play,3,2026-03-06
C00669,ITEM_029,view,1,2026-04-11
C00056,ITEM_023,view,1,2026-02-05
C00869,ITEM_055,play,3,2026-03-08
C01160,ITEM_079,play,3,2026-03-28
C00817,ITEM_047,view,1,2026-05-13
C01007,ITEM_045,view,1,2026-06-11
C00281,ITEM_079,play,3,2026-02-01
C01192,ITEM_015,view,1,2026-04-11
C00660,ITEM_006,play,3,2026-06-24
C00809,ITEM_007,play,3,2026-01-03
C00924,ITEM_047,play,3,2026-04-14
C00767,ITEM_071,view,1,2026-05-19
C00380,ITEM_018,view,1,2026-01-19
C00733,ITEM_057,play,3,2026-05-01
C00784,ITEM_070,view,1,2026-03-17
C01028,ITEM_073,view,1,2026-04-19
C00577,ITEM_063,view,1,2026-05-09
C00602,ITEM_029,view,1,2026-01-26
C00603,ITEM_052,play,3,2026-01-13
C00137,ITEM_044,purchase,5,2026-02-26
C00108,ITEM_038,play,3,2026-02-17
C00024,ITEM_056,view,1,2026-02-21
C00799,ITEM_054,purchase,5,2026-06-16
C00502,ITEM_064,play,3,2026-05-04
C01038,ITEM_044,view,1,2026-03-06
C00842,ITEM_052,play,3,2026-04-19
C00169,ITEM_022,view,1,2026-01-29
C00120,ITEM_037,view,1,2026-02-02
C00439,ITEM_065,view,1,2026-01-18
C01105,ITEM_061,view,1,2026-03-18
C00058,ITEM_041,view,1,2026-04-22
C00224,ITEM_045,view,1,2026-04-02
C00035,ITEM_020,view,1,2026-04-11
C00496,ITEM_030,view,1,2026-01-30
C01187,ITEM_053,view,1,2026-04-27
C00820,ITEM_009,play,3,2026-04-10
C00592,ITEM_001,play,3,2026-06-22
C00173,ITEM_047,view,1,2026-02-14
C00426,ITEM_057,play,3,2026-01-11
C00629,ITEM_078,view,1,2026-03-23
C00329,ITEM_037,view,1,2026-02-05
C00846,ITEM_009,view,1,2026-02-01
C01176,ITEM_050,view,1,2026-02-12
C00247,ITEM_024,view,1,2026-05-03
C00302,ITEM_012,play,3,2026-03-18
C00151,ITEM_049,play,3,2026-06-07
C00870,ITEM_057,purchase,5,2026-01-22
C00554,ITEM_004,purchase,5,2026-06-17
C00340,ITEM_057,view,1,2026-03-15
C00263,ITEM_045,view,1,2026-04-07
C00084,ITEM_059,view,1,2026-05-27
C00571,ITEM_050,view,1,2026-03-30
C00819,ITEM_037,play,3,2026-01-30
C00282,ITEM_026,view,1,2026-02-13
C00001,ITEM_051,view,1,2026-06-14
C00567,ITEM_015,view,1,2026-01-13
C00810,ITEM_043,play,3,2026-06-14
C00413,ITEM_060,view,1,2026-05-02
C00300,ITEM_018,play,3,2026-04-03
C00185,ITEM_006,view,1,2026-02-26
C00895,ITEM_001,view,1,2026-06-04
C01033,ITEM_044,view,1,2026-01-06
C00923,ITEM_033,play,3,2026-05-09
C00621,ITEM_052,play,3,2026-02-07
C00868,ITEM_065,view,1,2026-03-06
C00476,ITEM_078,view,1,2026-01-12
C00029,ITEM_025,view,1,2026-04-12
C00441,ITEM_008,view,1,2026-01-27
C00844,ITEM_059,view,1,2026-01-21
C00776,ITEM_001,view,1,2026-03-01
C01188,ITEM_051,play,3,2026-03-31
C01196,ITEM_022,play,3,2026-06-20
C00291,ITEM_028,play,3,2026-05-30
C00011,ITEM_009,play,3,2026-03-14
C00329,ITEM_000,purchase,5,2026-04-16
C01051,ITEM_015,purchase,5,2026-05-19
C00976,ITEM_034,view,1,2026-03-10
C00118,ITEM_023,view,1,2026-05-19
C00192,ITEM_031,view,1,2026-04-30
C00676,ITEM_008,play,3,2026-05-07
C00792,ITEM_011,view,1,2026-06-25
C01178,ITEM_059,view,1,2026-03-09
C00906,ITEM_065,view,1,2026-01-13
C00254,ITEM_059,view,1,2026-04-07
C00044,ITEM_076,view,1,2026-03-01
C00760,ITEM_058,play,3,2026-01-11
C00664,ITEM_009,view,1,2026-01-29
C01106,ITEM_058,play,3,2026-04-07
C00691,ITEM_018,view,1,2026-06-22
C00601,ITEM_062,play,3,2026-03-02
C00364,ITEM_050,view,1,2026-04-09
C00103,ITEM_067,view,1,2026-02-01
C01051,ITEM_076,purchase,5,2026-01-24
C00991,ITEM_055,purchase,5,2026-05-21
C00195,ITEM_074,play,3,2026-04-21
C00844,ITEM_043,purchase,5,2026-02-04
C00437,ITEM_074,view,1,2026-04-01
C00524,ITEM_007,view,1,2026-04-15
C01018,ITEM_035,view,1,2026-01-11
C01010,ITEM_061,play,3,2026-02-24
C00228,ITEM_078,play,3,2026-06-05
C00369,ITEM_069,purchase,5,2026-03-07
C00985,ITEM_029,play,3,2026-05-08
C01100,ITEM_050,play,3,2026-04-19
C00094,ITEM_006,view,1,2026-01-01
C01000,ITEM_009,view,1,2026-06-20
C00587,ITEM_056,view,1,2026-06-22
C00708,ITEM_025,play,3,2026-05-01
C00090,ITEM_044,view,1,2026-01-29
C00816,ITEM_016,purchase,5,2026-06-02
C00813,ITEM_063,play,3,2026-01-01
C00795,ITEM_006,view,1,2026-04-02
C00948,ITEM_049,play,3,2026-03-18
C01135,ITEM_054,view,1,2026-05-06
C01019,ITEM_065,play,3,2026-01-26
C00893,ITEM_020,view,1,2026-06-07
C01177,ITEM_027,view,1,2026-04-13
C00809,ITEM_044,view,1,2026-02-16
C00806,ITEM_023,view,1,2026-02-26
C00650,ITEM_058,play,3,2026-05-04
C00922,ITEM_060,purchase,5,2026-02-03
C00085,ITEM_060,play,3,2026-02-23
C00606,ITEM_039,view,1,2026-06-27
C00510,ITEM_050,purchase,5,2026-06-08
C01095,ITEM_014,view,1,2026-03-01
C00087,ITEM_015,view,1,2026-04-11
C00772,ITEM_030,play,3,2026-03-16
C00221,ITEM_016,purchase,5,2026-02-06
C01060,ITEM_064,purchase,5,2026-02-22
C01022,ITEM_020,play,3,2026-01-20
C00282,ITEM_073,view,1,2026-05-31
C01046,ITEM_032,view,1,2026-02-14
C00596,ITEM_060,view,1,2026-02-05
C01165,ITEM_006,view,1,2026-04-25
C00875,ITEM_057,view,1,2026-01-23
C00041,ITEM_036,view,1,2026-06-22
C00243,ITEM_064,view,1,2026-06-08
C00484,ITEM_014,view,1,2026-03-16
C00253,ITEM_016,play,3,2026-02-03
C00158,ITEM_069,view,1,2026-01-26
C01173,ITEM_046,view,1,2026-06-04
C01042,ITEM_044,play,3,2026-03-21
C00521,ITEM_047,play,3,2026-04-15
C00258,ITEM_028,view,1,2026-01-23
C00218,ITEM_075,view,1,2026-05-29
C01098,ITEM_044,purchase,5,2026-04-04
C00397,ITEM_001,play,3,2026-01-13
C00015,ITEM_022,view,1,2026-01-14
C00476,ITEM_077,view,1,2026-06-23
C00545,ITEM_038,view,1,2026-01-11
C00747,ITEM_058,view,1,2026-02-23
C00406,ITEM_001,view,1,2026-01-03
C01107,ITEM_001,purchase,5,2026-01-11
C00772,ITEM_016,view,1,2026-05-27
C01183,ITEM_041,view,1,2026-05-18
C00440,ITEM_048,play,3,2026-03-01
C00782,ITEM_005,view,1,2026-02-02
C00438,ITEM_073,play,3,2026-02-14
C00839,ITEM_048,view,1,2026-03-05
C00894,ITEM_028,view,1,2026-05-20
C00386,ITEM_036,view,1,2026-04-18
C01125,ITEM_040,purchase,5,2026-03-21
C01028,ITEM_061,play,3,2026-01-13
C01073,ITEM_007,play,3,2026-01-21
C00261,ITEM_046,view,1,2026-02-06
C00861,ITEM_041,play,3,2026-02-08
C00127,ITEM_062,view,1,2026-03-30
C00126,ITEM_028,play,3,2026-06-05
C01167,ITEM_029,view,1,2026-03-17
C00183,ITEM_064,play,3,2026-03-01
C01036,ITEM_068,view,1,2026-04-11
C00516,ITEM_065,view,1,2026-01-14
C00364,ITEM_069,play,3,2026-05-12
C00088,ITEM_008,view,1,2026-01-10
C00810,ITEM_052,view,1,2026-03-05
C00865,ITEM_055,purchase,5,2026-06-21
C00560,ITEM_021,view,1,2026-03-14
C00971,ITEM_036,view,1,2026-05-15
C00387,ITEM_079,play,3,2026-02-19
C00662,ITEM_011,play,3,2026-06-03
C00344,ITEM_065,view,1,2026-03-03
C00698,ITEM_025,view,1,2026-02-10
C00163,ITEM_068,view,1,2026-01-10
C00571,ITEM_042,view,1,2026-02-25
C00659,ITEM_000,play,3,2026-04-15
C00667,ITEM_008,purchase,5,2026-01-12
C00535,ITEM_066,view,1,2026-02-01
C00772,ITEM_063,view,1,2026-03-04
C00614,ITEM_017,play,3,2026-05-09
C00339,ITEM_051,view,1,2026-04-18
C00258,ITEM_040,play,3,2026-01-08
C00777,ITEM_004,view,1,2026-01-07
C01126,ITEM_056,view,1,2026-01-11
C00903,ITEM_012,play,3,2026-03-01
C00766,ITEM_032,purchase,5,2026-02-21
C01105,ITEM_000,view,1,2026-01-22
C01079,ITEM_019,play,3,2026-03-20
C00607,ITEM_074,view,1,2026-04-17
C00131,ITEM_040,view,1,2026-05-05
C00761,ITEM_057,view,1,2026-06-29
C00747,ITEM_023,view,1,2026-05-05
C00332,ITEM_003,play,3,2026-06-27
C01019,ITEM_049,view,1,2026-06-25
C01043,ITEM_019,view,1,2026-06-02
C00397,ITEM_008,view,1,2026-03-05
C00572,ITEM_039,play,3,2026-01-08
C00234,ITEM_032,purchase,5,2026-01-11
C00214,ITEM_009,view,1,2026-06-06
C00318,ITEM_047,view,1,2026-06-05
C00438,ITEM_035,purchase,5,2026-02-25
C00327,ITEM_079,view,1,2026-05-12
C00181,ITEM_007,play,3,2026-03-23
C00536,ITEM_039,view,1,2026-01-13
C00748,ITEM_063,play,3,2026-04-28
C00391,ITEM_034,view,1,2026-01-16
C00640,ITEM_016,view,1,2026-01-24
C00325,ITEM_079,view,1,2026-03-27
C00844,ITEM_026,view,1,2026-01-13
C00778,ITEM_074,view,1,2026-03-03
C01152,ITEM_067,purchase,5,2026-05-16
C00063,ITEM_053,view,1,2026-04-18
C01023,ITEM_061,view,1,2026-01-10
C00408,ITEM_043,view,1,2026-02-09
C00079,ITEM_053,view,1,2026-06-28
C00827,ITEM_021,view,1,2026-06-22
C00206,ITEM_004,view,1,2026-06-15
C00211,ITEM_049,play,3,2026-04-03
C01175,ITEM_064,play,3,2026-03-19
C00265,ITEM_066,view,1,2026-05-16
C00656,ITEM_060,play,3,2026-06-22
C00240,ITEM_078,view,1,2026-01-23
C00148,ITEM_047,view,1,2026-06-11
C00001,ITEM_013,purchase,5,2026-04-22
C00019,ITEM_016,play,3,2026-01-26
C00568,ITEM_021,view,1,2026-06-05
C00520,ITEM_078,view,1,2026-01-06
C00046,ITEM_070,view,1,2026-01-05
C00419,ITEM_058,view,1,2026-03-08
C00327,ITEM_068,play,3,2026-04-08
C00685,ITEM_027,view,1,2026-03-18
C01193,ITEM_057,purchase,5,2026-02-14
C00829,ITEM_013,play,3,2026-04-29
C01102,ITEM_008,view,1,2026-03-28
C00230,ITEM_051,play,3,2026-01-22
C00258,ITEM_056,play,3,2026-05-27
C00900,ITEM_047,view,1,2026-02-25
C00372,ITEM_037,view,1,2026-05-05
C01018,ITEM_048,play,3,2026-03-05
C00556,ITEM_029,purchase,5,2026-05-16
C00240,ITEM_023,view,1,2026-02-20
C01013,ITEM_020,play,3,2026-02-08
C00660,ITEM_029,play,3,2026-01-14
C00963,ITEM_025,purchase,5,2026-05-30
C00542,ITEM_012,view,1,2026-05-10
C00151,ITEM_042,view,1,2026-04-21
C00817,ITEM_032,play,3,2026-04-20
C00149,ITEM_012,view,1,2026-01-13
C00795,ITEM_072,view,1,2026-03-16
C00500,ITEM_040,view,1,2026-06-05
C00949,ITEM_011,view,1,2026-02-22
C01044,ITEM_003,play,3,2026-01-11
C00488,ITEM_006,view,1,2026-06-01
C01058,ITEM_032,play,3,2026-01-06
C00133,ITEM_019,view,1,2026-05-04
C00128,ITEM_076,play,3,2026-05-31
C01192,ITEM_037,view,1,2026-05-15
C00689,ITEM_059,view,1,2026-01-03
C00540,ITEM_019,purchase,5,2026-06-11
C00186,ITEM_005,play,3,2026-01-16
C00346,ITEM_026,view,1,2026-06-03
C00823,ITEM_055,view,1,2026-01-04
C00986,ITEM_061,view,1,2026-03-30
C01099,ITEM_015,purchase,5,2026-06-08
C00489,ITEM_023,view,1,2026-02-17
C00545,ITEM_037,purchase,5,2026-01-09
C00195,ITEM_027,view,1,2026-01-16
C00099,ITEM_023,play,3,2026-03-09
C00525,ITEM_078,view,1,2026-03-06
C00695,ITEM_074,view,1,2026-02-09
C00125,ITEM_028,purchase,5,2026-03-24
C00490,ITEM_004,view,1,2026-03-03
C00769,ITEM_028,purchase,5,2026-04-17
C00973,ITEM_070,view,1,2026-02-22
C01126,ITEM_071,view,1,2026-02-26
C00408,ITEM_056,purchase,5,2026-06-09
C00470,ITEM_054,play,3,2026-05-22
C01049,ITEM_029,view,1,2026-05-19
C00831,ITEM_035,view,1,2026-03-10
C00328,ITEM_070,view,1,2026-06-09
C00822,ITEM_017,play,3,2026-03-03
C00189,ITEM_032,view,1,2026-05-10
C00538,ITEM_070,view,1,2026-05-16
C00367,ITEM_055,view,1,2026-03-01
C01191,ITEM_008,play,3,2026-04-21
C00041,ITEM_063,purchase,5,2026-02-03
C01028,ITEM_005,play,3,2026-03-11
C00337,ITEM_022,view,1,2026-04-06
C00043,ITEM_073,view,1,2026-04-30
C00792,ITEM_005,view,1,2026-03-06
C00813,ITEM_015,play,3,2026-05-09
C00170,ITEM_069,view,1,2026-04-26
C00045,ITEM_053,play,3,2026-06-05
C00133,ITEM_018,view,1,2026-01-08
C00490,ITEM_027,purchase,5,2026-04-03
C00158,ITEM_074,view,1,2026-05-09
C00843,ITEM_048,view,1,2026-03-17
C00093,ITEM_025,purchase,5,2026-02-23
C00946,ITEM_011,purchase,5,2026-04-15
C01049,ITEM_033,view,1,2026-03-25
C00860,ITEM_025,play,3,2026-03-19
C01132,ITEM_034,play,3,2026-06-26
C01127,ITEM_003,view,1,2026-03-18
C00055,ITEM_037,view,1,2026-02-08
C00410,ITEM_019,play,3,2026-01-04
C00912,ITEM_077,play,3,2026-01-22
C00407,ITEM_022,view,1,2026-04-07
C00884,ITEM_019,view,1,2026-02-07
C00929,ITEM_024,play,3,2026-01-20
C01196,ITEM_048,view,1,2026-03-05
C00395,ITEM_058,play,3,2026-02-13
C00417,ITEM_023,play,3,2026-04-07
C00029,ITEM_055,view,1,2026-01-11
C00342,ITEM_010,view,1,2026-06-26
C00336,ITEM_015,view,1,2026-06-14
C00543,ITEM_023,view,1,2026-06-06
C00505,ITEM_055,view,1,2026-01-31
C01027,ITEM_044,play,3,2026-05-09
C00928,ITEM_036,play,3,2026-01-03
C00874,ITEM_048,view,1,2026-05-10
C00006,ITEM_015,play,3,2026-05-24
C00565,ITEM_021,view,1,2026-02-21
C00875,ITEM_056,play,3,2026-03-25
C00293,ITEM_078,view,1,2026-06-17
C00509,ITEM_000,view,1,2026-02-05
C00872,ITEM_029,view,1,2026-04-08
C00953,ITEM_070,view,1,2026-02-24
C01025,ITEM_066,purchase,5,2026-01-30
C00515,ITEM_020,view,1,2026-05-03
C00479,ITEM_002,view,1,2026-06-21
C00459,ITEM_045,play,3,2026-04-12
C00802,ITEM_055,view,1,2026-04-02
C00503,ITEM_020,view,1,2026-04-07
C00480,ITEM_024,view,1,2026-01-28
C00201,ITEM_053,view,1,2026-02-06
C00574,ITEM_042,play,3,2026-05-13
C00284,ITEM_022,view,1,2026-04-16
C00629,ITEM_066,view,1,2026-02-12
C01066,ITEM_072,view,1,2026-01-04
C00930,ITEM_057,purchase,5,2026-02-03
C00573,ITEM_075,play,3,2026-04-01
C01173,ITEM_028,view,1,2026-02-18
C01176,ITEM_008,play,3,2026-05-12
C00533,ITEM_058,view,1,2026-04-15
C00916,ITEM_044,view,1,2026-01-27
C00410,ITEM_033,play,3,2026-02-22
C01054,ITEM_020,play,3,2026-01-07
C00448,ITEM_005,view,1,2026-01-08
C00309,ITEM_013,play,3,2026-05-16
C00160,ITEM_053,play,3,2026-03-11
C01011,ITEM_018,play,3,2026-06-08
C00356,ITEM_074,play,3,2026-02-12
C00975,ITEM_037,view,1,2026-02-27
C00103,ITEM_006,purchase,5,2026-04-03
C00601,ITEM_052,view,1,2026-02-20
C00513,ITEM_055,view,1,2026-03-24
C00526,ITEM_014,view,1,2026-01-23
C00200,ITEM_067,play,3,2026-01-15
C00088,ITEM_059,view,1,2026-06-04
C00415,ITEM_047,view,1,2026-02-14
C00564,ITEM_009,play,3,2026-01-19
C00952,ITEM_038,view,1,2026-02-20
C00554,ITEM_077,view,1,2026-03-17
C00295,ITEM_018,view,1,2026-03-29
C00314,ITEM_074,play,3,2026-05-18
C00734,ITEM_015,view,1,2026-05-28
C00522,ITEM_048,view,1,2026-02-22
C01081,ITEM_031,view,1,2026-02-09
C00527,ITEM_005,purchase,5,2026-01-23
C00680,ITEM_051,play,3,2026-01-29
C00076,ITEM_037,view,1,2026-01-06
C00232,ITEM_025,play,3,2026-01-01
C01020,ITEM_018,play,3,2026-03-17
C00413,ITEM_039,play,3,2026-04-20
C00505,ITEM_008,view,1,2026-05-28
C00708,ITEM_047,view,1,2026-02-28
C00069,ITEM_007,play,3,2026-02-22
C00607,ITEM_016,view,1,2026-05-01
C00415,ITEM_040,view,1,2026-04-25
C00178,ITEM_059,view,1,2026-05-05
C00502,ITEM_031,view,1,2026-01-31
C00536,ITEM_050,view,1,2026-01-09
C00223,ITEM_074,view,1,2026-04-09
C00651,ITEM_047,play,3,2026-03-17
C00895,ITEM_060,play,3,2026-02-16
C00320,ITEM_038,view,1,2026-06-24
C01159,ITEM_020,view,1,2026-01-29
C00734,ITEM_029,view,1,2026-02-19
C00927,ITEM_028,view,1,2026-05-15
C00084,ITEM_043,play,3,2026-04-06
C00920,ITEM_012,play,3,2026-02-11
C00403,ITEM_061,play,3,2026-04-07
C00852,ITEM_012,purchase,5,2026-03-17
C00965,ITEM_056,view,1,2026-02-16
C00300,ITEM_037,play,3,2026-05-01
C00311,ITEM_059,view,1,2026-05-21
C00071,ITEM_014,view,1,2026-01-13
C00726,ITEM_016,view,1,2026-01-01
C00928,ITEM_020,view,1,2026-06-12
C00492,ITEM_062,play,3,2026-02-10
C00193,ITEM_021,play,3,2026-01-16
C00379,ITEM_026,view,1,2026-04-17
C00483,ITEM_011,view,1,2026-02-28
C01099,ITEM_018,view,1,2026-06-15
C00148,ITEM_068,play,3,2026-06-22
C00411,ITEM_009,view,1,2026-01-02
C00765,ITEM_072,view,1,2026-02-04
C00284,ITEM_066,view,1,2026-04-19
C01061,ITEM_075,play,3,2026-03-02
C01091,ITEM_049,play,3,2026-01-01
C00456,ITEM_054,view,1,2026-03-25
C00895,ITEM_067,view,1,2026-04-23
C00907,ITEM_056,view,1,2026-06-28
C00818,ITEM_044,play,3,2026-03-16
C00223,ITEM_033,view,1,2026-05-23
C00059,ITEM_068,play,3,2026-03-20
C00416,ITEM_025,purchase,5,2026-05-01
C00157,ITEM_044,view,1,2026-06-24
C00350,ITEM_004,view,1,2026-05-27
C00766,ITEM_051,view,1,2026-05-03
C00706,ITEM_010,view,1,2026-05-29
C00251,ITEM_004,purchase,5,2026-02-05
C00021,ITEM_023,purchase,5,2026-05-24
C00270,ITEM_053,view,1,2026-06-29
C00545,ITEM_065,purchase,5,2026-06-25
C00934,ITEM_047,view,1,2026-02-16
C00438,ITEM_052,view,1,2026-03-18
C00343,ITEM_019,play,3,2026-05-04
C00661,ITEM_008,view,1,2026-01-14
C00085,ITEM_009,view,1,2026-05-03
C00270,ITEM_006,play,3,2026-02-19
C00043,ITEM_027,view,1,2026-06-02
C00630,ITEM_059,purchase,5,2026-04-21
C00531,ITEM_004,view,1,2026-03-13
C00699,ITEM_027,view,1,2026-01-10
C00740,ITEM_048,purchase,5,2026-05-06
C00474,ITEM_004,view,1,2026-04-07
C01042,ITEM_043,view,1,2026-04-23
C01101,ITEM_031,view,1,2026-01-04
C00132,ITEM_073,view,1,2026-03-20
C01104,ITEM_039,view,1,2026-05-17
C00236,ITEM_041,view,1,2026-06-14
C00298,ITEM_068,view,1,2026-03-05
C00635,ITEM_058,view,1,2026-02-15
C00035,ITEM_043,play,3,2026-05-08
C00436,ITEM_053,purchase,5,2026-02-10
C00233,ITEM_032,view,1,2026-06-09
C00579,ITEM_055,purchase,5,2026-04-24
C00977,ITEM_024,play,3,2026-06-16
C01108,ITEM_025,purchase,5,2026-02-04
C00254,ITEM_066,play,3,2026-01-16
C00653,ITEM_033,view,1,2026-05-30
C00569,ITEM_042,view,1,2026-02-22
C00498,ITEM_009,purchase,5,2026-03-03
C00759,ITEM_027,view,1,2026-02-18
C01187,ITEM_052,play,3,2026-03-17
C00486,ITEM_042,play,3,2026-06-11
C00078,ITEM_024,view,1,2026-05-03
C01099,ITEM_002,view,1,2026-01-13
C01118,ITEM_043,purchase,5,2026-06-09
C00386,ITEM_027,view,1,2026-03-21
C00601,ITEM_073,play,3,2026-05-05
C01035,ITEM_003,purchase,5,2026-03-07
C00604,ITEM_054,view,1,2026-01-17
C00577,ITEM_030,view,1,2026-03-17
C01106,ITEM_021,view,1,2026-03-02
C00994,ITEM_057,play,3,2026-01-04
C00608,ITEM_041,view,1,2026-05-16
C00193,ITEM_005,view,1,2026-06-05
C00526,ITEM_048,view,1,2026-06-13
C00811,ITEM_014,view,1,2026-02-13
C00326,ITEM_068,view,1,2026-04-25
C00644,ITEM_019,view,1,2026-04-06
C00790,ITEM_063,play,3,2026-04-18
C00102,ITEM_026,view,1,2026-05-24
C00683,ITEM_025,play,3,2026-03-10
C00885,ITEM_000,purchase,5,2026-02-19
C00257,ITEM_073,play,3,2026-03-28
C00658,ITEM_044,play,3,2026-04-30
C00851,ITEM_011,view,1,2026-03-19
C00053,ITEM_002,view,1,2026-02-24
C00772,ITEM_022,view,1,2026-01-10
C00311,ITEM_039,view,1,2026-04-14
C00476,ITEM_002,view,1,2026-01-04
C00777,ITEM_028,view,1,2026-03-26
C00005,ITEM_024,view,1,2026-04-22
C00020,ITEM_069,play,3,2026-03-25
C00535,ITEM_033,view,1,2026-04-02
C01139,ITEM_008,view,1,2026-02-19
C00007,ITEM_019,view,1,2026-02-14
C00946,ITEM_066,view,1,2026-06-02
C00089,ITEM_001,view,1,2026-06-10
C00586,ITEM_010,view,1,2026-01-29
C00516,ITEM_000,view,1,2026-02-07
C00561,ITEM_003,view,1,2026-03-06
C00098,ITEM_073,purchase,5,2026-05-07
C00904,ITEM_079,view,1,2026-01-12
C00330,ITEM_058,view,1,2026-05-22
C00925,ITEM_007,play,3,2026-01-02
C00786,ITEM_055,play,3,2026-06-01
C00661,ITEM_061,purchase,5,2026-01-08
C00370,ITEM_062,view,1,2026-06-01
C00782,ITEM_059,view,1,2026-06-19
C01197,ITEM_055,view,1,2026-05-23
C01107,ITEM_035,play,3,2026-06-27
C01099,ITEM_004,view,1,2026-03-24
C00263,ITEM_065,purchase,5,2026-04-26
C00702,ITEM_074,view,1,2026-04-23
C00477,ITEM_040,view,1,2026-01-03
C01160,ITEM_034,view,1,2026-06-04
C01140,ITEM_073,view,1,2026-05-07
C01041,ITEM_036,view,1,2026-03-17
C00195,ITEM_029,play,3,2026-02-08
C00382,ITEM_070,view,1,2026-05-01
C00853,ITEM_074,view,1,2026-06-26
C00899,ITEM_016,play,3,2026-01-29
C00420,ITEM_022,purchase,5,2026-06-15
C00164,ITEM_025,play,3,2026-04-12
C00164,ITEM_012,play,3,2026-05-22
C00821,ITEM_068,view,1,2026-01-26
C00545,ITEM_077,purchase,5,2026-01-19
C00589,ITEM_041,view,1,2026-04-29
C00978,ITEM_056,purchase,5,2026-02-21
C00020,ITEM_033,play,3,2026-03-09
C00905,ITEM_079,view,1,2026-04-23
C00329,ITEM_076,view,1,2026-02-11
C01117,ITEM_059,play,3,2026-03-03
C01146,ITEM_071,play,3,2026-03-06
C00602,ITEM_010,view,1,2026-03-05
C00378,ITEM_070,purchase,5,2026-05-07
C00279,ITEM_034,view,1,2026-01-28
C00217,ITEM_016,view,1,2026-06-13
C01199,ITEM_074,view,1,2026-05-09
C00225,ITEM_067,view,1,2026-01-03
C00535,ITEM_010,view,1,2026-04-12
C00575,ITEM_052,purchase,5,2026-01-31
C00815,ITEM_070,view,1,2026-01-28
C01011,ITEM_055,play,3,2026-05-08
C00669,ITEM_038,play,3,2026-02-14
C00909,ITEM_003,view,1,2026-04-13
C00680,ITEM_039,play,3,2026-02-21
C00524,ITEM_044,play,3,2026-02-27
C00189,ITEM_067,view,1,2026-05-01
C00250,ITEM_017,view,1,2026-04-28
C00518,ITEM_016,view,1,2026-01-04
C00055,ITEM_074,view,1,2026-06-06
C00379,ITEM_067,view,1,2026-04-16
C00555,ITEM_044,view,1,2026-02-16
C00567,ITEM_035,purchase,5,2026-01-21
C00977,ITEM_049,play,3,2026-03-29
C01161,ITEM_012,play,3,2026-05-06
C00875,ITEM_019,purchase,5,2026-01-04
C00095,ITEM_043,view,1,2026-02-22
C00490,ITEM_033,view,1,2026-06-20
C00875,ITEM_014,play,3,2026-01-19
C00713,ITEM_042,view,1,2026-05-25
C00549,ITEM_052,view,1,2026-02-12
C00523,ITEM_064,play,3,2026-04-01
C00487,ITEM_050,view,1,2026-05-18
C00694,ITEM_048,view,1,2026-06-28
C00214,ITEM_044,view,1,2026-04-19
C00621,ITEM_009,play,3,2026-02-09
C00247,ITEM_030,view,1,2026-01-15
C00817,ITEM_036,view,1,2026-05-14
C01037,ITEM_041,play,3,2026-04-15
C00609,ITEM_023,purchase,5,2026-05-19
C00465,ITEM_059,view,1,2026-06-27
C01128,ITEM_043,view,1,2026-05-30
C00791,ITEM_024,view,1,2026-04-01
C00513,ITEM_037,view,1,2026-05-04
C00034,ITEM_056,view,1,2026-04-23
C00019,ITEM_001,view,1,2026-02-04
C00265,ITEM_027,view,1,2026-02-25
C00283,ITEM_016,view,1,2026-01-17
C00865,ITEM_025,view,1,2026-03-08
C00600,ITEM_052,play,3,2026-02-02
C01199,ITEM_017,view,1,2026-06-11
C00648,ITEM_043,view,1,2026-06-04
C01083,ITEM_030,view,1,2026-05-11
C00662,ITEM_004,play,3,2026-03-14
C00429,ITEM_070,view,1,2026-01-02
C00857,ITEM_047,view,1,2026-04-09
C00539,ITEM_023,play,3,2026-01-05
C00329,ITEM_040,play,3,2026-01-05
C00567,ITEM_078,play,3,2026-01-28
C00797,ITEM_012,view,1,2026-03-30
C00450,ITEM_068,view,1,2026-05-15
C00844,ITEM_000,view,1,2026-03-15
C01176,ITEM_069,view,1,2026-05-20
C00493,ITEM_026,view,1,2026-04-07
C00354,ITEM_023,view,1,2026-06-10
C00482,ITEM_062,view,1,2026-03-09
C01005,ITEM_013,purchase,5,2026-02-24
C00214,ITEM_010,view,1,2026-01-14
C01168,ITEM_037,view,1,2026-02-09
C00496,ITEM_075,purchase,5,2026-01-08
C01009,ITEM_026,play,3,2026-02-01
C00944,ITEM_043,view,1,2026-06-20
C00940,ITEM_031,play,3,2026-04-09
C01090,ITEM_060,view,1,2026-04-19
C00221,ITEM_071,play,3,2026-03-11
C00712,ITEM_078,view,1,2026-04-26
C00118,ITEM_021,purchase,5,2026-04-12
C00359,ITEM_021,view,1,2026-06-14
C00048,ITEM_073,play,3,2026-05-24
C00818,ITEM_046,view,1,2026-04-10
C00729,ITEM_026,view,1,2026-05-21
C00888,ITEM_027,view,1,2026-04-21
C00211,ITEM_014,play,3,2026-06-29
C00398,ITEM_006,view,1,2026-04-05
C00811,ITEM_027,purchase,5,2026-06-03
C00991,ITEM_063,view,1,2026-02-01
C01062,ITEM_052,play,3,2026-01-31
C00088,ITEM_000,view,1,2026-02-26
C00483,ITEM_003,view,1,2026-05-29
C00012,ITEM_069,play,3,2026-06-09
C00982,ITEM_063,play,3,2026-03-14
C00147,ITEM_063,view,1,2026-03-21
C00986,ITEM_068,view,1,2026-03-30
C00187,ITEM_051,view,1,2026-02-06
C00018,ITEM_027,view,1,2026-04-07
C01054,ITEM_047,view,1,2026-05-30
C00526,ITEM_051,view,1,2026-05-16
C00509,ITEM_067,view,1,2026-01-16
C00776,ITEM_042,purchase,5,2026-03-05
C00329,ITEM_004,view,1,2026-04-26
C00828,ITEM_049,view,1,2026-04-17
C00514,ITEM_058,view,1,2026-05-07
C00327,ITEM_075,view,1,2026-05-15
C00473,ITEM_014,play,3,2026-02-24
C00007,ITEM_068,play,3,2026-03-26
C00361,ITEM_001,play,3,2026-01-31
C00709,ITEM_058,play,3,2026-05-10
C00165,ITEM_024,view,1,2026-03-22
C00142,ITEM_009,view,1,2026-03-04
C00787,ITEM_026,view,1,2026-05-16
C00513,ITEM_044,purchase,5,2026-06-18
C00163,ITEM_015,play,3,2026-06-09
C00897,ITEM_044,view,1,2026-01-25
C00930,ITEM_056,view,1,2026-05-27
C00041,ITEM_070,view,1,2026-04-13
C00242,ITEM_044,purchase,5,2026-01-20
C00444,ITEM_048,view,1,2026-03-11
C00877,ITEM_073,view,1,2026-02-10
C00088,ITEM_002,view,1,2026-02-16
C00966,ITEM_060,play,3,2026-04-22
C00383,ITEM_078,play,3,2026-03-14
C00150,ITEM_066,view,1,2026-05-08
C01036,ITEM_073,play,3,2026-05-26
C00104,ITEM_072,view,1,2026-01-02
C00155,ITEM_047,play,3,2026-05-29
C01139,ITEM_064,view,1,2026-01-26
C00623,ITEM_029,view,1,2026-01-02
C00555,ITEM_009,view,1,2026-01-17
C00824,ITEM_006,view,1,2026-01-10
C00756,ITEM_014,view,1,2026-03-03
C00736,ITEM_057,view,1,2026-06-01
C00027,ITEM_032,view,1,2026-05-03
C00662,ITEM_064,view,1,2026-03-21
C00334,ITEM_026,play,3,2026-06-19
C00969,ITEM_063,view,1,2026-03-29
C00606,ITEM_070,view,1,2026-01-17
C00148,ITEM_026,play,3,2026-01-04
C01063,ITEM_041,view,1,2026-04-02
C00341,ITEM_042,play,3,2026-02-10
C00325,ITEM_070,view,1,2026-03-09
C01123,ITEM_029,purchase,5,2026-02-25
C00930,ITEM_030,play,3,2026-03-13
C01031,ITEM_062,view,1,2026-06-23
C00794,ITEM_072,view,1,2026-01-13
C01092,ITEM_002,play,3,2026-01-20
C00138,ITEM_005,play,3,2026-02-21
C00719,ITEM_074,view,1,2026-05-14
C00352,ITEM_035,view,1,2026-02-15
C00478,ITEM_044,view,1,2026-02-14
C00285,ITEM_072,play,3,2026-05-10
C00246,ITEM_031,play,3,2026-04-19
C00531,ITEM_035,view,1,2026-04-26
C01101,ITEM_067,view,1,2026-04-29
C00762,ITEM_058,play,3,2026-04-25
C00419,ITEM_055,purchase,5,2026-04-10
C00520,ITEM_028,view,1,2026-04-04
C00635,ITEM_056,view,1,2026-05-19
C00293,ITEM_066,view,1,2026-03-03
C00625,ITEM_073,play,3,2026-02-27
C00835,ITEM_050,view,1,2026-02-13
C00291,ITEM_069,view,1,2026-05-30
C00701,ITEM_064,play,3,2026-01-03
C00850,ITEM_058,view,1,2026-02-07
C00623,ITEM_042,view,1,2026-01-27
C00350,ITEM_034,view,1,2026-03-09
C00665,ITEM_051,view,1,2026-02-09
C00951,ITEM_070,view,1,2026-04-01
C00266,ITEM_042,view,1,2026-06-25
C00689,ITEM_055,view,1,2026-03-18
C00816,ITEM_045,view,1,2026-06-24
C00385,ITEM_051,play,3,2026-02-25
C00465,ITEM_055,play,3,2026-05-19
C01066,ITEM_004,view,1,2026-01-25
C00436,ITEM_009,play,3,2026-04-20
C00717,ITEM_003,view,1,2026-05-16
C00179,ITEM_061,play,3,2026-05-01
C01111,ITEM_071,play,3,2026-06-18
C00716,ITEM_028,view,1,2026-04-19
C00912,ITEM_006,view,1,2026-04-16
C00723,ITEM_001,view,1,2026-04-27
C00426,ITEM_035,view,1,2026-03-05
C00408,ITEM_051,view,1,2026-02-09
C00841,ITEM_026,view,1,2026-06-12
C01031,ITEM_049,play,3,2026-06-25
C00153,ITEM_012,view,1,2026-06-17
C01014,ITEM_058,view,1,2026-05-17
C00996,ITEM_026,view,1,2026-02-10
C00130,ITEM_079,play,3,2026-02-12
C00129,ITEM_061,view,1,2026-02-25
C00834,ITEM_036,view,1,2026-04-03
C01011,ITEM_075,play,3,2026-02-12
C00472,ITEM_077,view,1,2026-05-23
C00768,ITEM_015,view,1,2026-01-16
C01199,ITEM_046,view,1,2026-06-14
C00387,ITEM_052,view,1,2026-03-23
C00270,ITEM_028,purchase,5,2026-03-11
C01189,ITEM_079,view,1,2026-03-23
C00336,ITEM_054,view,1,2026-03-29
C00567,ITEM_060,view,1,2026-04-10
C00530,ITEM_015,purchase,5,2026-02-25
C00627,ITEM_072,play,3,2026-02-24
C00322,ITEM_077,view,1,2026-03-09
C00814,ITEM_072,view,1,2026-01-29
C00830,ITEM_035,view,1,2026-02-10
C00240,ITEM_074,play,3,2026-03-17
C00577,ITEM_000,view,1,2026-01-06
C00068,ITEM_016,view,1,2026-03-17
C00265,ITEM_052,view,1,2026-03-16
C01184,ITEM_061,purchase,5,2026-01-01
C00607,ITEM_009,view,1,2026-03-26
C00747,ITEM_023,view,1,2026-04-30
C01066,ITEM_007,purchase,5,2026-05-21
C00856,ITEM_008,view,1,2026-03-11
C00950,ITEM_001,view,1,2026-04-05
C00854,ITEM_079,view,1,2026-01-15
C00598,ITEM_070,view,1,2026-02-28
C00759,ITEM_048,view,1,2026-04-30
C00346,ITEM_002,view,1,2026-03-25
C01068,ITEM_058,view,1,2026-06-21
C00215,ITEM_042,view,1,2026-05-24
C01060,ITEM_062,play,3,2026-06-13
C01054,ITEM_039,view,1,2026-03-28
C00170,ITEM_000,play,3,2026-01-14
C00852,ITEM_072,view,1,2026-04-10
C01187,ITEM_070,view,1,2026-06-20
C00686,ITEM_072,view,1,2026-02-01
C00408,ITEM_052,view,1,2026-06-22
C01055,ITEM_073,view,1,2026-01-02
C00615,ITEM_005,view,1,2026-04-21
C00146,ITEM_032,play,3,2026-06-17
C00299,ITEM_025,purchase,5,2026-02-08
C00818,ITEM_037,view,1,2026-02-18
C00546,ITEM_003,purchase,5,2026-05-26
C00260,ITEM_066,view,1,2026-03-04
C00958,ITEM_023,view,1,2026-04-28
C00144,ITEM_009,view,1,2026-01-21
C00262,ITEM_015,play,3,2026-05-01
C00558,ITEM_009,play,3,2026-04-03
C00047,ITEM_054,purchase,5,2026-04-01
C00464,ITEM_073,play,3,2026-05-13
C01091,ITEM_006,view,1,2026-03-22
C01129,ITEM_002,play,3,2026-05-04
C01046,ITEM_070,purchase,5,2026-03-18
C00388,ITEM_030,play,3,2026-06-04
C00077,ITEM_009,view,1,2026-04-11
C00977,ITEM_015,play,3,2026-02-21
C00447,ITEM_054,view,1,2026-06-08
C00898,ITEM_006,purchase,5,2026-02-26
C00143,ITEM_032,purchase,5,2026-06-19
C00801,ITEM_077,play,3,2026-06-23
C00703,ITEM_034,view,1,2026-04-11
C01104,ITEM_013,view,1,2026-03-24
C00122,ITEM_060,purchase,5,2026-02-17
C00489,ITEM_034,play,3,2026-05-31
C01187,ITEM_031,play,3,2026-02-18
C00467,ITEM_020,purchase,5,2026-04-21
C00789,ITEM_060,view,1,2026-05-25
C00193,ITEM_039,play,3,2026-02-02
C00874,ITEM_038,view,1,2026-02-01
C00330,ITEM_061,view,1,2026-06-22
C00686,ITEM_029,view,1,2026-06-27
C01055,ITEM_052,view,1,2026-02-28
C00793,ITEM_013,view,1,2026-02-11
C00569,ITEM_045,play,3,2026-04-26
C00228,ITEM_034,view,1,2026-04-16
C00409,ITEM_040,play,3,2026-02-15
C01019,ITEM_029,view,1,2026-02-08
C00259,ITEM_010,play,3,2026-04-14
C00787,ITEM_073,view,1,2026-02-19
C00581,ITEM_032,play,3,2026-04-08
C00385,ITEM_059,view,1,2026-05-04
C00859,ITEM_072,view,1,2026-02-16
C00434,ITEM_035,view,1,2026-04-13
C00344,ITEM_065,view,1,2026-06-27
C00635,ITEM_035,view,1,2026-04-07
C00909,ITEM_005,view,1,2026-01-26
C01036,ITEM_070,view,1,2026-05-13
C00755,ITEM_067,play,3,2026-03-21
C00794,ITEM_045,view,1,2026-05-09
C00945,ITEM_066,view,1,2026-01-06
C00323,ITEM_053,view,1,2026-05-09
C00301,ITEM_064,view,1,2026-05-03
C00580,ITEM_004,view,1,2026-01-01
C00757,ITEM_065,play,3,2026-03-25
C00775,ITEM_017,view,1,2026-03-26
C00184,ITEM_078,view,1,2026-04-11
C00936,ITEM_077,view,1,2026-04-21
C00436,ITEM_004,view,1,2026-05-06
C01052,ITEM_052,play,3,2026-06-14
C00869,ITEM_030,view,1,2026-05-18
C01179,ITEM_020,play,3,2026-02-25
C00758,ITEM_077,view,1,2026-06-23
C00632,ITEM_032,play,3,2026-03-28
C00225,ITEM_044,view,1,2026-06-05
C00478,ITEM_025,purchase,5,2026-03-29
C01030,ITEM_054,view,1,2026-02-28
C00458,ITEM_020,view,1,2026-05-11
C00064,ITEM_028,play,3,2026-05-11
C00294,ITEM_056,view,1,2026-01-22
C00714,ITEM_016,view,1,2026-01-14
C00754,ITEM_062,view,1,2026-05-17
C01180,ITEM_078,view,1,2026-01-25
C01120,ITEM_056,play,3,2026-03-24
C00637,ITEM_028,view,1,2026-03-24
C00665,ITEM_014,view,1,2026-03-21
C00960,ITEM_044,view,1,2026-03-24
C00058,ITEM_035,purchase,5,2026-06-21
C00714,ITEM_019,view,1,2026-04-02
C00568,ITEM_029,view,1,2026-06-06
C00939,ITEM_077,purchase,5,2026-03-27
C00960,ITEM_013,view,1,2026-03-26
C00786,ITEM_020,play,3,2026-04-26
C00788,ITEM_027,play,3,2026-02-12
C00829,ITEM_073,view,1,2026-06-21
C00696,ITEM_028,play,3,2026-06-17
C00273,ITEM_023,purchase,5,2026-02-01
C00341,ITEM_023,view,1,2026-01-27
C00890,ITEM_075,view,1,2026-03-06
C00742,ITEM_028,play,3,2026-02-04
C00285,ITEM_029,view,1,2026-01-14
C01053,ITEM_029,view,1,2026-05-26
C01176,ITEM_069,view,1,2026-02-05
C00751,ITEM_056,play,3,2026-03-08
C00273,ITEM_047,play,3,2026-06-27
C01125,ITEM_017,purchase,5,2026-03-13
C00284,ITEM_009,view,1,2026-01-08
C00518,ITEM_007,purchase,5,2026-02-13
C01030,ITEM_023,view,1,2026-02-08
C00624,ITEM_063,play,3,2026-04-11
C00291,ITEM_060,play,3,2026-03-18
C00096,ITEM_062,view,1,2026-01-14
C00433,ITEM_053,view,1,2026-02-22
C00806,ITEM_041,view,1,2026-03-26
C00857,ITEM_028,view,1,2026-04-09
C00267,ITEM_058,play,3,2026-03-17
C00190,ITEM_015,view,1,2026-06-28
C00841,ITEM_005,play,3,2026-03-30
C00190,ITEM_066,view,1,2026-05-07
C00077,ITEM_037,view,1,2026-04-13
C00583,ITEM_049,play,3,2026-03-15
C00685,ITEM_076,view,1,2026-01-06
C00292,ITEM_054,purchase,5,2026-05-03
C00253,ITEM_061,purchase,5,2026-06-04
C00282,ITEM_038,view,1,2026-06-07
C00411,ITEM_025,view,1,2026-05-23
C00011,ITEM_028,view,1,2026-02-11
C00014,ITEM_072,play,3,2026-03-23
C00444,ITEM_030,view,1,2026-05-10
C00023,ITEM_074,purchase,5,2026-05-12
C00381,ITEM_002,purchase,5,2026-04-21
C00697,ITEM_023,view,1,2026-01-09
C00037,ITEM_075,play,3,2026-05-13
C00741,ITEM_046,view,1,2026-04-12
C00745,ITEM_029,view,1,2026-01-16
C00688,ITEM_014,view,1,2026-04-07
C00751,ITEM_038,play,3,2026-05-12
C00971,ITEM_076,view,1,2026-06-18
C00084,ITEM_028,play,3,2026-05-22
C00202,ITEM_038,view,1,2026-02-17
C00380,ITEM_028,play,3,2026-05-04
C00825,ITEM_068,purchase,5,2026-05-02
C01047,ITEM_054,play,3,2026-02-05
C01102,ITEM_049,view,1,2026-05-30
C00698,ITEM_053,view,1,2026-01-30
C00492,ITEM_032,view,1,2026-05-16
C00494,ITEM_064,view,1,2026-05-13
C00071,ITEM_049,purchase,5,2026-06-23
C00558,ITEM_005,view,1,2026-04-27
C00615,ITEM_029,view,1,2026-01-13
C00249,ITEM_069,play,3,2026-06-27
C00921,ITEM_020,view,1,2026-03-11
C00974,ITEM_076,play,3,2026-03-23
C00362,ITEM_065,view,1,2026-06-06
C01096,ITEM_079,view,1,2026-02-11
C00128,ITEM_063,play,3,2026-04-30
C01092,ITEM_010,view,1,2026-05-19
C00921,ITEM_015,purchase,5,2026-04-06
C00268,ITEM_038,view,1,2026-05-15
C00780,ITEM_028,view,1,2026-05-09
C00372,ITEM_075,view,1,2026-04-05
C00959,ITEM_067,view,1,2026-01-17
C00192,ITEM_060,view,1,2026-05-15
C00293,ITEM_075,view,1,2026-05-23
C00368,ITEM_004,view,1,2026-02-25
C00239,ITEM_056,purchase,5,2026-05-28
C00399,ITEM_069,view,1,2026-02-08
C00723,ITEM_078,play,3,2026-01-31
C00759,ITEM_067,view,1,2026-01-23
C00664,ITEM_064,play,3,2026-04-10
C00227,ITEM_062,view,1,2026-02-22
C00242,ITEM_010,view,1,2026-05-06
C01103,ITEM_032,view,1,2026-04-28
C00301,ITEM_070,view,1,2026-03-18
C00123,ITEM_050,view,1,2026-02-16
C00544,ITEM_020,view,1,2026-06-14
C00008,ITEM_057,play,3,2026-06-09
C00411,ITEM_002,view,1,2026-03-04
C01025,ITEM_031,purchase,5,2026-02-14
C00320,ITEM_060,view,1,2026-05-25
C00844,ITEM_062,view,1,2026-05-04
C00587,ITEM_040,view,1,2026-03-24
C00426,ITEM_021,view,1,2026-04-05
C00793,ITEM_039,play,3,2026-05-11
C00714,ITEM_014,view,1,2026-02-08
C00381,ITEM_074,play,3,2026-06-29
C00268,ITEM_068,view,1,2026-04-11
C01100,ITEM_057,view,1,2026-01-23
C00202,ITEM_027,view,1,2026-06-21
C01151,ITEM_011,play,3,2026-06-29
C00565,ITEM_004,view,1,2026-06-19
C01196,ITEM_030,purchase,5,2026-05-06
C00423,ITEM_066,view,1,2026-02-22
C00678,ITEM_029,view,1,2026-04-06
C00738,ITEM_063,play,3,2026-04-07
C00406,ITEM_014,view,1,2026-04-02
C00261,ITEM_064,play,3,2026-01-28
C00624,ITEM_006,view,1,2026-02-25
C00795,ITEM_027,play,3,2026-03-26
C00313,ITEM_012,view,1,2026-04-06
C00920,ITEM_048,purchase,5,2026-02-27
C00766,ITEM_015,view,1,2026-05-12
C00199,ITEM_001,play,3,2026-06-17
C01126,ITEM_025,view,1,2026-03-26
C00052,ITEM_000,play,3,2026-04-24
C00784,ITEM_030,play,3,2026-02-04
C00527,ITEM_020,play,3,2026-02-03
C00784,ITEM_074,view,1,2026-01-14
C00928,ITEM_042,view,1,2026-06-28
C00824,ITEM_035,play,3,2026-02-24
C00780,ITEM_048,view,1,2026-05-05
C01009,ITEM_010,play,3,2026-04-23
C00842,ITEM_010,view,1,2026-01-25
C00976,ITEM_012,view,1,2026-01-30
C00483,ITEM_069,view,1,2026-05-24
C00243,ITEM_059,play,3,2026-05-24
C00281,ITEM_076,view,1,2026-04-11
C00734,ITEM_065,view,1,2026-03-03
C00638,ITEM_009,play,3,2026-03-14
C00092,ITEM_013,view,1,2026-05-23
C00245,ITEM_065,play,3,2026-02-05
C01161,ITEM_043,view,1,2026-01-16
C00871,ITEM_049,view,1,2026-02-20
C00905,ITEM_018,view,1,2026-02-04
C00236,ITEM_040,view,1,2026-01-31
C00077,ITEM_072,play,3,2026-03-25
C00349,ITEM_039,view,1,2026-05-25
C01028,ITEM_055,view,1,2026-05-05
C00607,ITEM_059,view,1,2026-02-19
C00941,ITEM_073,play,3,2026-03-18
C00584,ITEM_016,play,3,2026-03-26
C00588,ITEM_072,view,1,2026-03-12
C00721,ITEM_048,view,1,2026-06-24
C01150,ITEM_066,view,1,2026-06-20
C00524,ITEM_020,play,3,2026-06-29
C00714,ITEM_009,view,1,2026-03-17
C01103,ITEM_006,view,1,2026-05-23
C00446,ITEM_030,play,3,2026-05-13
C01007,ITEM_044,view,1,2026-05-24
C00642,ITEM_023,play,3,2026-01-30
C01054,ITEM_021,view,1,2026-06-20
C00561,ITEM_065,purchase,5,2026-06-18
C00755,ITEM_059,view,1,2026-05-24
C00387,ITEM_050,view,1,2026-04-14
C00762,ITEM_052,view,1,2026-03-23
C00391,ITEM_067,view,1,2026-02-14
C00731,ITEM_017,play,3,2026-01-11
C00946,ITEM_075,view,1,2026-06-23
C00521,ITEM_068,view,1,2026-02-07
C00515,ITEM_027,play,3,2026-03-03
C00386,ITEM_027,view,1,2026-03-22
C00876,ITEM_014,play,3,2026-05-02
C00710,ITEM_056,play,3,2026-02-17
C00619,ITEM_024,view,1,2026-02-08
C00030,ITEM_021,play,3,2026-03-01
C00132,ITEM_053,play,3,2026-03-01
C00008,ITEM_015,play,3,2026-01-11
C01020,ITEM_009,view,1,2026-03-12
C01021,ITEM_068,view,1,2026-04-10
C00081,ITEM_003,purchase,5,2026-03-22
C00055,ITEM_073,view,1,2026-03-05
C00937,ITEM_054,view,1,2026-06-15
C00629,ITEM_028,view,1,2026-02-16
C00370,ITEM_045,play,3,2026-06-01
C00737,ITEM_025,play,3,2026-04-20
C00283,ITEM_032,purchase,5,2026-04-28
C00237,ITEM_056,purchase,5,2026-02-19
C00440,ITEM_072,view,1,2026-06-23
C01074,ITEM_018,view,1,2026-03-27
C00920,ITEM_042,view,1,2026-04-02
C00228,ITEM_069,view,1,2026-02-14
C00674,ITEM_001,view,1,2026-03-28
C01061,ITEM_000,purchase,5,2026-05-03
C01141,ITEM_049,view,1,2026-06-18
C00915,ITEM_011,view,1,2026-06-03
C00154,ITEM_079,view,1,2026-01-29
C00288,ITEM_009,view,1,2026-01-15
C00262,ITEM_059,view,1,2026-06-21
C00180,ITEM_025,view,1,2026-05-28
C00210,ITEM_073,view,1,2026-01-28
C00379,ITEM_069,view,1,2026-06-03
C00666,ITEM_063,play,3,2026-05-18
C00477,ITEM_051,play,3,2026-06-23
C00504,ITEM_017,play,3,2026-01-29
C00294,ITEM_008,view,1,2026-05-30
C00181,ITEM_020,view,1,2026-03-07
C01198,ITEM_006,view,1,2026-04-10
C00718,ITEM_062,purchase,5,2026-02-16
C00275,ITEM_023,view,1,2026-01-13
C00971,ITEM_035,view,1,2026-05-06
C00996,ITEM_049,purchase,5,2026-01-14
C01160,ITEM_056,purchase,5,2026-03-25
C00190,ITEM_047,view,1,2026-02-05
C00767,ITEM_058,play,3,2026-06-15
C01176,ITEM_009,view,1,2026-03-22
C00968,ITEM_022,view,1,2026-02-03
C00270,ITEM_060,view,1,2026-06-21
C01071,ITEM_057,purchase,5,2026-05-04
C00506,ITEM_050,view,1,2026-02-01
C00586,ITEM_075,play,3,2026-03-05
C00670,ITEM_078,view,1,2026-04-07
C00925,ITEM_006,play,3,2026-05-20
C00144,ITEM_044,play,3,2026-06-29
C00647,ITEM_072,play,3,2026-06-01
C00980,ITEM_026,purchase,5,2026-01-03
C00658,ITEM_004,play,3,2026-03-27
C00329,ITEM_009,play,3,2026-01-09
C00067,ITEM_057,view,1,2026-02-24
C00659,ITEM_073,purchase,5,2026-02-18
C00844,ITEM_056,view,1,2026-02-17
C00659,ITEM_003,view,1,2026-02-10
C01175,ITEM_033,view,1,2026-03-14
C00723,ITEM_027,view,1,2026-03-31
C00609,ITEM_072,view,1,2026-06-21
C00066,ITEM_042,view,1,2026-03-17
C00670,ITEM_018,view,1,2026-01-05
C00202,ITEM_045,purchase,5,2026-04-16
C00869,ITEM_059,purchase,5,2026-02-24
C00193,ITEM_046,view,1,2026-01-27
C01088,ITEM_033,purchase,5,2026-05-01
C00362,ITEM_057,view,1,2026-05-04
C00520,ITEM_024,view,1,2026-03-04
C00173,ITEM_010,purchase,5,2026-02-08
C00252,ITEM_069,play,3,2026-03-30
C01106,ITEM_057,play,3,2026-03-23
C00340,ITEM_058,view,1,2026-06-24
C00615,ITEM_071,view,1,2026-01-07
C01177,ITEM_057,view,1,2026-02-02
C00748,ITEM_002,purchase,5,2026-05-24
C00049,ITEM_067,view,1,2026-06-20
C00428,ITEM_002,view,1,2026-04-23
C00464,ITEM_055,view,1,2026-02-26
C00331,ITEM_079,play,3,2026-02-07
C00289,ITEM_032,view,1,2026-06-01
C00603,ITEM_024,play,3,2026-04-19
C00452,ITEM_074,view,1,2026-03-15
C00353,ITEM_036,view,1,2026-03-20
C00495,ITEM_073,view,1,2026-01-27
C00412,ITEM_024,view,1,2026-05-29
C00274,ITEM_014,play,3,2026-01-09
C00543,ITEM_044,play,3,2026-06-27
C01130,ITEM_029,view,1,2026-01-31
C00606,ITEM_056,view,1,2026-01-23
C00717,ITEM_023,view,1,2026-01-14
C01181,ITEM_060,play,3,2026-03-30
C00736,ITEM_028,purchase,5,2026-01-11
C00267,ITEM_028,play,3,2026-02-16
C00478,ITEM_056,view,1,2026-05-24
C00585,ITEM_020,view,1,2026-05-15
C00569,ITEM_022,purchase,5,2026-03-03
C00179,ITEM_043,view,1,2026-01-07
C00127,ITEM_026,play,3,2026-01-29
C00419,ITEM_030,purchase,5,2026-04-09
C01097,ITEM_027,play,3,2026-03-25
C00860,ITEM_049,view,1,2026-06-04
C01010,ITEM_026,view,1,2026-03-28
C00209,ITEM_048,purchase,5,2026-03-12
C00497,ITEM_018,view,1,2026-04-23
C00697,ITEM_071,purchase,5,2026-05-31
C00521,ITEM_076,view,1,2026-05-28
C00500,ITEM_000,play,3,2026-01-27
C00431,ITEM_008,purchase,5,2026-03-17
C00061,ITEM_008,view,1,2026-06-15
C01028,ITEM_014,view,1,2026-05-26
C01119,ITEM_062,view,1,2026-05-23
C00097,ITEM_019,play,3,2026-01-21
C00496,ITEM_046,play,3,2026-03-12
C00621,ITEM_020,view,1,2026-05-30
C00940,ITEM_005,play,3,2026-01-24
C01184,ITEM_006,purchase,5,2026-05-10
C00499,ITEM_075,play,3,2026-04-04
C00898,ITEM_044,view,1,2026-05-12
C01124,ITEM_052,purchase,5,2026-05-01
C00996,ITEM_015,play,3,2026-01-18
C00348,ITEM_038,view,1,2026-01-24
C00980,ITEM_052,purchase,5,2026-03-02
C00494,ITEM_062,view,1,2026-06-17
C00021,ITEM_052,purchase,5,2026-06-18
C00910,ITEM_047,play,3,2026-05-18
C01002,ITEM_049,play,3,2026-02-13
C00412,ITEM_029,view,1,2026-06-21
C00541,ITEM_055,view,1,2026-05-10
C00437,ITEM_023,view,1,2026-02-23
C00140,ITEM_057,play,3,2026-05-09
C01193,ITEM_036,play,3,2026-03-20
C00027,ITEM_046,view,1,2026-03-28
C00666,ITEM_038,view,1,2026-02-13
C00017,ITEM_045,play,3,2026-04-26
C00827,ITEM_056,view,1,2026-02-19
C01081,ITEM_022,view,1,2026-06-16
C00772,ITEM_037,view,1,2026-01-27
C00727,ITEM_032,play,3,2026-02-15
C00993,ITEM_001,view,1,2026-01-23
C01169,ITEM_068,play,3,2026-02-13
C01034,ITEM_054,view,1,2026-05-01
C00277,ITEM_003,view,1,2026-06-20
C00675,ITEM_005,play,3,2026-01-29
C00982,ITEM_074,purchase,5,2026-02-10
C00353,ITEM_067,view,1,2026-01-25
C00810,ITEM_058,play,3,2026-05-26
C00027,ITEM_056,play,3,2026-04-07
C01052,ITEM_067,purchase,5,2026-03-07
C00737,ITEM_047,view,1,2026-05-07
C00891,ITEM_000,view,1,2026-01-16
C00990,ITEM_036,view,1,2026-05-21
C00262,ITEM_026,play,3,2026-01-18
C00540,ITEM_013,play,3,2026-04-15
C01030,ITEM_068,view,1,2026-01-06
C00197,ITEM_052,view,1,2026-02-06
C00986,ITEM_072,view,1,2026-04-23
C00345,ITEM_008,view,1,2026-04-14
C00690,ITEM_078,purchase,5,2026-03-22
C00611,ITEM_048,view,1,2026-04-23
C00823,ITEM_045,play,3,2026-05-31
C01004,ITEM_014,view,1,2026-02-16
C00418,ITEM_049,play,3,2026-06-25
C00206,ITEM_047,play,3,2026-01-27
C00507,ITEM_056,view,1,2026-06-26
C00734,ITEM_012,play,3,2026-06-16
C00900,ITEM_050,play,3,2026-03-19
C00904,ITEM_007,purchase,5,2026-01-18
C00407,ITEM_005,view,1,2026-03-15
C01123,ITEM_037,view,1,2026-02-19
C00099,ITEM_009,view,1,2026-04-15
C00140,ITEM_056,play,3,2026-02-11
C00029,ITEM_038,view,1,2026-01-13
C01111,ITEM_019,purchase,5,2026-06-10
C00216,ITEM_021,view,1,2026-06-05
C00721,ITEM_039,purchase,5,2026-04-01
C00975,ITEM_047,view,1,2026-06-03
C00920,ITEM_063,view,1,2026-06-22
C01138,ITEM_045,view,1,2026-06-15
C00064,ITEM_043,play,3,2026-05-30
C00488,ITEM_048,play,3,2026-01-08
C00607,ITEM_047,view,1,2026-05-16
C00835,ITEM_027,view,1,2026-06-15
C00747,ITEM_017,purchase,5,2026-02-01
C00671,ITEM_042,view,1,2026-01-12
C00368,ITEM_009,view,1,2026-03-03
C00127,ITEM_019,play,3,2026-05-29
C00517,ITEM_011,view,1,2026-05-28
C00311,ITEM_039,view,1,2026-04-16
C00665,ITEM_077,view,1,2026-06-27
C00956,ITEM_070,play,3,2026-01-30
C00663,ITEM_006,view,1,2026-06-08
C00699,ITEM_065,purchase,5,2026-06-06
C00050,ITEM_012,view,1,2026-06-20
C00773,ITEM_072,purchase,5,2026-02-22
C00527,ITEM_016,view,1,2026-04-26
C00148,ITEM_010,view,1,2026-02-19
C00256,ITEM_063,view,1,2026-03-28
C00936,ITEM_066,view,1,2026-06-22
C01100,ITEM_031,view,1,2026-04-03
C00609,ITEM_043,play,3,2026-05-19
C01171,ITEM_063,play,3,2026-03-24
C00216,ITEM_068,play,3,2026-01-01
C00359,ITEM_033,view,1,2026-01-28
C01116,ITEM_062,play,3,2026-05-02
C00210,ITEM_063,view,1,2026-02-25
C00791,ITEM_063,play,3,2026-02-26
C00263,ITEM_071,play,3,2026-01-17
C00397,ITEM_066,view,1,2026-05-28
C00573,ITEM_035,view,1,2026-01-16
C00431,ITEM_025,purchase,5,2026-04-07
C01049,ITEM_078,view,1,2026-02-26
C01167,ITEM_035,play,3,2026-06-13
C00600,ITEM_074,purchase,5,2026-04-30
C00630,ITEM_079,view,1,2026-01-13
C00066,ITEM_001,view,1,2026-04-21
C00281,ITEM_011,view,1,2026-01-30
C00047,ITEM_045,play,3,2026-04-11
C01027,ITEM_007,view,1,2026-02-13
C00272,ITEM_052,view,1,2026-05-15
C00408,ITEM_000,view,1,2026-03-27
C01011,ITEM_067,purchase,5,2026-03-18
C00855,ITEM_034,play,3,2026-06-08
C00745,ITEM_053,view,1,2026-03-21
C00046,ITEM_037,purchase,5,2026-02-12
C00675,ITEM_055,play,3,2026-04-04
C00673,ITEM_054,purchase,5,2026-05-26
C00382,ITEM_023,view,1,2026-01-12
C00893,ITEM_064,view,1,2026-02-20
C01115,ITEM_065,play,3,2026-04-15
C00310,ITEM_025,view,1,2026-02-13
C00397,ITEM_005,view,1,2026-05-16
C00386,ITEM_035,play,3,2026-01-11
C01001,ITEM_052,play,3,2026-02-17
C00093,ITEM_062,view,1,2026-04-16
C01075,ITEM_016,view,1,2026-06-03
C00930,ITEM_038,view,1,2026-03-05
C00580,ITEM_061,view,1,2026-02-17
C00700,ITEM_042,view,1,2026-06-16
C01073,ITEM_063,view,1,2026-04-03
C00923,ITEM_053,play,3,2026-02-06
C00332,ITEM_013,view,1,2026-06-07
C00060,ITEM_016,view,1,2026-01-06
C00790,ITEM_063,play,3,2026-05-13
C00174,ITEM_056,view,1,2026-06-13
C00105,ITEM_066,view,1,2026-04-14
C01178,ITEM_023,view,1,2026-06-14
C00568,ITEM_004,play,3,2026-04-23
C00781,ITEM_019,view,1,2026-04-18
C00260,ITEM_034,view,1,2026-01-20
C00122,ITEM_009,view,1,2026-02-02
C00075,ITEM_015,play,3,2026-05-06
C00425,ITEM_011,play,3,2026-05-03
C00004,ITEM_010,purchase,5,2026-04-21
C00504,ITEM_030,play,3,2026-02-07
C00389,ITEM_064,view,1,2026-01-16
C00632,ITEM_030,view,1,2026-01-16
C00707,ITEM_023,view,1,2026-01-23
C00370,ITEM_043,view,1,2026-02-09
C00546,ITEM_051,view,1,2026-06-24
C00093,ITEM_027,view,1,2026-05-21
C00362,ITEM_000,play,3,2026-02-02
C01173,ITEM_023,play,3,2026-02-25
C01189,ITEM_006,view,1,2026-06-11
C00582,ITEM_011,view,1,2026-03-22
C01127,ITEM_048,view,1,2026-02-19
C00601,ITEM_014,view,1,2026-03-01
C00150,ITEM_029,view,1,2026-03-13
C01041,ITEM_031,view,1,2026-04-08
C00498,ITEM_070,view,1,2026-04-10
C00734,ITEM_012,purchase,5,2026-04-06
C00778,ITEM_006,view,1,2026-04-23
C00369,ITEM_042,view,1,2026-02-23
C00880,ITEM_049,view,1,2026-03-31
C00601,ITEM_040,view,1,2026-05-30
C00439,ITEM_056,view,1,2026-03-04
C00357,ITEM_069,purchase,5,2026-06-26
C00895,ITEM_048,view,1,2026-03-31
C00299,ITEM_043,view,1,2026-03-09
C00148,ITEM_054,purchase,5,2026-05-07
C01058,ITEM_017,view,1,2026-03-12
C00398,ITEM_019,view,1,2026-03-13
C00769,ITEM_029,play,3,2026-03-09
C00859,ITEM_061,view,1,2026-04-09
C01006,ITEM_068,purchase,5,2026-01-08
C00750,ITEM_044,view,1,2026-03-10
C00849,ITEM_049,play,3,2026-05-19
C01004,ITEM_063,view,1,2026-03-01
C01132,ITEM_019,play,3,2026-04-08
C00056,ITEM_009,play,3,2026-02-23
C00891,ITEM_059,play,3,2026-06-19
C00209,ITEM_010,play,3,2026-02-10
C01069,ITEM_012,play,3,2026-05-20
C00058,ITEM_031,view,1,2026-05-17
C00296,ITEM_062,view,1,2026-03-15
C00230,ITEM_031,view,1,2026-06-27
C00724,ITEM_009,view,1,2026-06-27
C00005,ITEM_010,view,1,2026-01-06
C00020,ITEM_020,play,3,2026-04-13
C00605,ITEM_006,play,3,2026-02-05
C01165,ITEM_026,purchase,5,2026-06-29
C00633,ITEM_006,view,1,2026-06-23
C00535,ITEM_067,play,3,2026-03-18
C00789,ITEM_004,play,3,2026-03-03
C00662,ITEM_015,purchase,5,2026-05-28
C00461,ITEM_002,play,3,2026-03-12
C00706,ITEM_023,view,1,2026-05-12
C00003,ITEM_064,view,1,2026-04-30
C00293,ITEM_046,purchase,5,2026-02-21
C00808,ITEM_074,play,3,2026-03-05
C00409,ITEM_049,play,3,2026-06-17
C00065,ITEM_034,play,3,2026-03-30
C00149,ITEM_076,play,3,2026-03-17
C01039,ITEM_014,play,3,2026-06-12
C00395,ITEM_009,purchase,5,2026-04-14
C00027,ITEM_026,purchase,5,2026-04-12
C00874,ITEM_074,view,1,2026-03-11
C00636,ITEM_065,view,1,2026-05-01
C00541,ITEM_042,view,1,2026-01-08
C01073,ITEM_074,view,1,2026-02-09
C00376,ITEM_051,play,3,2026-05-28
C00686,ITEM_019,play,3,2026-02-17
C00893,ITEM_000,view,1,2026-06-27
C00730,ITEM_002,view,1,2026-06-10
C00249,ITEM_067,view,1,2026-03-10
C00817,ITEM_024,play,3,2026-06-15
C00892,ITEM_033,play,3,2026-05-09
C00146,ITEM_030,view,1,2026-05-26
C00198,ITEM_007,view,1,2026-03-26
C00809,ITEM_000,view,1,2026-01-22
C00142,ITEM_058,view,1,2026-04-09
C01056,ITEM_054,play,3,2026-05-28
C00131,ITEM_018,purchase,5,2026-01-17
C01169,ITEM_009,view,1,2026-01-04
C00805,ITEM_041,view,1,2026-05-28
C00531,ITEM_006,view,1,2026-04-18
C00322,ITEM_023,view,1,2026-04-04
C00413,ITEM_057,view,1,2026-05-02
C00898,ITEM_013,view,1,2026-05-04
C00903,ITEM_061,view,1,2026-03-18
C00250,ITEM_070,play,3,2026-04-20
C00651,ITEM_014,view,1,2026-03-28
C01191,ITEM_053,play,3,2026-02-07
C00308,ITEM_061,view,1,2026-05-14
C00832,ITEM_041,view,1,2026-03-09
C00206,ITEM_023,view,1,2026-06-11
C01000,ITEM_078,view,1,2026-03-13
C00204,ITEM_024,view,1,2026-02-04
C00357,ITEM_019,play,3,2026-05-30
C00551,ITEM_009,purchase,5,2026-01-25
C00444,ITEM_072,view,1,2026-06-27
C00204,ITEM_018,view,1,2026-04-24
C00769,ITEM_010,view,1,2026-03-28
C00023,ITEM_003,play,3,2026-02-11
C01180,ITEM_023,view,1,2026-02-06
C00062,ITEM_053,view,1,2026-02-04
C00400,ITEM_054,play,3,2026-05-30
C01115,ITEM_068,play,3,2026-02-06
C00186,ITEM_053,play,3,2026-01-07
C00087,ITEM_003,view,1,2026-02-05
C00892,ITEM_067,view,1,2026-04-20
C00087,ITEM_020,view,1,2026-03-27
C01079,ITEM_076,play,3,2026-03-09
C00541,ITEM_027,play,3,2026-06-23
C01043,ITEM_001,view,1,2026-03-03
C00294,ITEM_031,play,3,2026-05-30
C00169,ITEM_036,view,1,2026-01-23
C01155,ITEM_065,play,3,2026-04-08
C00914,ITEM_044,view,1,2026-01-24
C01093,ITEM_003,view,1,2026-01-15
C00383,ITEM_003,view,1,2026-05-03
C00485,ITEM_049,play,3,2026-05-02
C00692,ITEM_006,view,1,2026-04-14
C00538,ITEM_042,view,1,2026-03-23
C00291,ITEM_071,play,3,2026-02-18
C00450,ITEM_067,play,3,2026-05-21
C00730,ITEM_050,play,3,2026-02-04
C00045,ITEM_024,play,3,2026-03-30
C00403,ITEM_041,play,3,2026-06-19
C00351,ITEM_008,play,3,2026-05-01
C00084,ITEM_059,view,1,2026-06-02
C00147,ITEM_010,view,1,2026-02-06
C00594,ITEM_004,view,1,2026-01-05
C00122,ITEM_050,view,1,2026-05-30
C00413,ITEM_045,view,1,2026-04-12
C00673,ITEM_043,view,1,2026-05-21
C01048,ITEM_038,view,1,2026-06-01
C00118,ITEM_047,play,3,2026-03-09
C00521,ITEM_035,play,3,2026-01-20
C00123,ITEM_010,view,1,2026-06-23
C00514,ITEM_045,purchase,5,2026-02-24
C00576,ITEM_003,view,1,2026-01-29
C00959,ITEM_005,view,1,2026-04-13
C00530,ITEM_045,view,1,2026-01-04
C01122,ITEM_056,view,1,2026-01-11
C00165,ITEM_006,view,1,2026-05-18
C00063,ITEM_030,play,3,2026-01-16
C00005,ITEM_074,view,1,2026-04-19
C00428,ITEM_062,view,1,2026-03-23
C00231,ITEM_064,view,1,2026-01-20
C00109,ITEM_052,view,1,2026-06-19
C00283,ITEM_014,play,3,2026-01-29
C01169,ITEM_030,play,3,2026-04-28
C00960,ITEM_047,play,3,2026-01-24
C00022,ITEM_053,view,1,2026-04-17
C01098,ITEM_010,view,1,2026-01-31
C00246,ITEM_077,view,1,2026-06-09
C00487,ITEM_074,play,3,2026-03-25
C00393,ITEM_002,view,1,2026-01-02
C00486,ITEM_047,view,1,2026-01-10
C00912,ITEM_011,view,1,2026-04-08
C00854,ITEM_025,play,3,2026-04-04
C00712,ITEM_070,view,1,2026-03-01
C00752,ITEM_054,purchase,5,2026-04-19
C00873,ITEM_028,view,1,2026-05-24
C00220,ITEM_000,view,1,2026-05-11
C00474,ITEM_066,view,1,2026-05-15
C00129,ITEM_023,view,1,2026-06-20
C00845,ITEM_048,view,1,2026-02-07
C00525,ITEM_018,play,3,2026-01-15
C00764,ITEM_063,view,1,2026-01-22
C00677,ITEM_027,view,1,2026-01-07
C00328,ITEM_059,view,1,2026-02-22
C00166,ITEM_006,view,1,2026-01-26
C01167,ITEM_049,purchase,5,2026-06-15
C00351,ITEM_077,view,1,2026-03-02
C00131,ITEM_037,play,3,2026-02-09
C00367,ITEM_037,view,1,2026-04-05
C01082,ITEM_054,view,1,2026-03-19
C00313,ITEM_068,play,3,2026-01-01
C01184,ITEM_064,view,1,2026-06-22
C00552,ITEM_004,play,3,2026-05-05
C01034,ITEM_023,view,1,2026-05-29
C00783,ITEM_067,view,1,2026-06-22
C00052,ITEM_077,purchase,5,2026-06-09
C00611,ITEM_052,view,1,2026-02-14
C00500,ITEM_000,purchase,5,2026-05-18
C00241,ITEM_054,purchase,5,2026-01-02
C00659,ITEM_075,view,1,2026-03-07
C00123,ITEM_064,view,1,2026-05-16
C00837,ITEM_057,play,3,2026-05-06
C00986,ITEM_042,view,1,2026-05-19
C00111,ITEM_072,play,3,2026-05-17
C00575,ITEM_050,view,1,2026-01-08
C00786,ITEM_040,view,1,2026-04-15
C00074,ITEM_071,view,1,2026-04-22
C00467,ITEM_000,play,3,2026-01-28
C00309,ITEM_010,play,3,2026-02-13
C00047,ITEM_067,view,1,2026-03-29
C00964,ITEM_004,view,1,2026-04-24
C00533,ITEM_071,view,1,2026-06-03
C00902,ITEM_078,view,1,2026-05-11
C00704,ITEM_020,view,1,2026-06-25
C01050,ITEM_070,view,1,2026-02-10
C01196,ITEM_043,view,1,2026-03-12
C00722,ITEM_041,view,1,2026-02-16
C00422,ITEM_073,view,1,2026-06-10
C00507,ITEM_062,play,3,2026-04-21
C00990,ITEM_071,view,1,2026-04-02
C00511,ITEM_070,purchase,5,2026-04-15
C00623,ITEM_058,view,1,2026-02-28
C00232,ITEM_037,view,1,2026-06-09
C01188,ITEM_014,play,3,2026-04-21
C00780,ITEM_007,view,1,2026-04-02
C00396,ITEM_020,play,3,2026-05-07
C00702,ITEM_038,view,1,2026-05-24
C00481,ITEM_010,view,1,2026-03-13
C00185,ITEM_028,play,3,2026-05-12
C01049,ITEM_063,view,1,2026-05-24
C01062,ITEM_001,view,1,2026-04-30
C01001,ITEM_024,view,1,2026-01-22
C00442,ITEM_076,view,1,2026-02-04
C00307,ITEM_025,view,1,2026-01-06
C00059,ITEM_057,play,3,2026-02-19
C00877,ITEM_048,view,1,2026-01-30
C00393,ITEM_062,purchase,5,2026-04-13
C01070,ITEM_058,view,1,2026-06-13
C01043,ITEM_047,view,1,2026-01-12
C00153,ITEM_077,view,1,2026-02-21
C01100,ITEM_021,play,3,2026-01-09
C00168,ITEM_022,play,3,2026-01-16
C00588,ITEM_046,view,1,2026-01-09
C00568,ITEM_057,view,1,2026-04-20
C01147,ITEM_054,play,3,2026-06-15
C00788,ITEM_076,view,1,2026-05-11
C01050,ITEM_047,view,1,2026-05-04
C00714,ITEM_060,play,3,2026-01-29
C00990,ITEM_010,view,1,2026-05-31
C01022,ITEM_003,play,3,2026-04-15
C01031,ITEM_065,play,3,2026-06-23
C00493,ITEM_035,view,1,2026-03-12
C00458,ITEM_023,view,1,2026-05-07
C01181,ITEM_060,view,1,2026-03-28
C00907,ITEM_031,play,3,2026-04-03
C01100,ITEM_002,view,1,2026-01-20
C00692,ITEM_044,view,1,2026-03-28
C01114,ITEM_010,view,1,2026-01-31
C00863,ITEM_078,view,1,2026-05-15
C00891,ITEM_026,view,1,2026-05-08
C00213,ITEM_025,view,1,2026-06-06
C00680,ITEM_067,view,1,2026-03-24
C00877,ITEM_003,view,1,2026-05-30
C00913,ITEM_054,view,1,2026-06-10
C01149,ITEM_077,view,1,2026-03-30
C00392,ITEM_002,view,1,2026-06-20
C00363,ITEM_076,view,1,2026-05-20
C01163,ITEM_049,view,1,2026-02-22
C01183,ITEM_015,view,1,2026-03-27
C00215,ITEM_068,purchase,5,2026-01-19
C00454,ITEM_066,view,1,2026-03-11
C01137,ITEM_078,view,1,2026-03-06
C00239,ITEM_073,view,1,2026-02-23
C00939,ITEM_048,play,3,2026-03-05
C00134,ITEM_001,view,1,2026-01-10
C00213,ITEM_059,purchase,5,2026-03-23
C00941,ITEM_060,view,1,2026-02-06
C00728,ITEM_061,view,1,2026-02-11
C00665,ITEM_014,view,1,2026-05-12
C01027,ITEM_058,play,3,2026-06-09
C00368,ITEM_066,view,1,2026-01-31
C00603,ITEM_005,purchase,5,2026-04-12
C00730,ITEM_001,purchase,5,2026-06-12
C00887,ITEM_006,view,1,2026-04-20
C00398,ITEM_055,view,1,2026-01-15
C00760,ITEM_024,view,1,2026-05-20
C00538,ITEM_065,view,1,2026-01-10
C00650,ITEM_076,view,1,2026-04-22
C01035,ITEM_002,view,1,2026-03-28
C00472,ITEM_059,purchase,5,2026-04-05
C00801,ITEM_060,view,1,2026-02-10
C01130,ITEM_006,play,3,2026-06-09
C00914,ITEM_009,play,3,2026-01-19
C01186,ITEM_064,view,1,2026-06-18
C00700,ITEM_006,view,1,2026-01-11
C00338,ITEM_015,view,1,2026-02-24
C01189,ITEM_073,purchase,5,2026-04-05
C00773,ITEM_058,view,1,2026-04-03
C00289,ITEM_073,play,3,2026-02-16
C00380,ITEM_021,view,1,2026-02-21
C00314,ITEM_059,view,1,2026-04-11
C01000,ITEM_048,purchase,5,2026-01-04
C00111,ITEM_071,view,1,2026-01-27
C00887,ITEM_018,play,3,2026-03-13
C00664,ITEM_001,view,1,2026-01-05
C00088,ITEM_031,view,1,2026-01-16
C00736,ITEM_040,view,1,2026-01-05
C00903,ITEM_045,view,1,2026-05-28
C00871,ITEM_069,play,3,2026-01-21
C00634,ITEM_054,view,1,2026-02-03
C00402,ITEM_071,view,1,2026-05-24
C00196,ITEM_058,view,1,2026-03-19
C00014,ITEM_029,play,3,2026-03-22
C00431,ITEM_065,play,3,2026-04-29
C00758,ITEM_025,play,3,2026-04-23
C00045,ITEM_065,purchase,5,2026-03-16
C01198,ITEM_055,view,1,2026-06-07
C00703,ITEM_017,view,1,2026-02-11
C00353,ITEM_004,view,1,2026-02-08
C01154,ITEM_070,view,1,2026-04-03
C00220,ITEM_062,play,3,2026-06-06
C01149,ITEM_004,play,3,2026-06-11
C00338,ITEM_019,view,1,2026-05-15
C00455,ITEM_038,purchase,5,2026-01-01
C00510,ITEM_041,view,1,2026-05-12
C01193,ITEM_030,play,3,2026-01-30
C00301,ITEM_015,view,1,2026-06-06
C01167,ITEM_053,play,3,2026-01-21
C00416,ITEM_058,view,1,2026-01-23
C00342,ITEM_051,purchase,5,2026-04-03
C00765,ITEM_076,purchase,5,2026-04-08
C00832,ITEM_031,view,1,2026-03-03
C00414,ITEM_043,view,1,2026-03-29
C00160,ITEM_025,play,3,2026-05-09
C00475,ITEM_076,view,1,2026-04-30
C00648,ITEM_033,view,1,2026-05-09
C00048,ITEM_032,view,1,2026-02-12
C00094,ITEM_059,play,3,2026-04-11
C01101,ITEM_022,view,1,2026-01-23
C00043,ITEM_029,view,1,2026-02-13
C00488,ITEM_067,purchase,5,2026-06-25
C00916,ITEM_001,view,1,2026-01-08
C00393,ITEM_003,view,1,2026-03-25
C00593,ITEM_069,purchase,5,2026-03-30
C00103,ITEM_022,view,1,2026-02-11
C00953,ITEM_062,view,1,2026-01-10
C00761,ITEM_055,view,1,2026-01-24
C01021,ITEM_015,play,3,2026-05-12
C01036,ITEM_015,view,1,2026-04-17
C00420,ITEM_078,view,1,2026-04-11
C00049,ITEM_071,view,1,2026-01-27
C00415,ITEM_020,view,1,2026-04-08
C00174,ITEM_038,view,1,2026-02-02
C00639,ITEM_068,view,1,2026-02-26
C00175,ITEM_019,purchase,5,2026-06-21
C01106,ITEM_052,play,3,2026-03-22
C00722,ITEM_029,play,3,2026-01-06
C00303,ITEM_070,purchase,5,2026-04-17
C01105,ITEM_022,purchase,5,2026-02-03
C00923,ITEM_034,play,3,2026-01-01
C00525,ITEM_056,view,1,2026-05-01
C00175,ITEM_053,play,3,2026-04-25
C00412,ITEM_008,view,1,2026-02-09
C00700,ITEM_006,view,1,2026-05-14
C00919,ITEM_068,view,1,2026-02-02
C00314,ITEM_060,view,1,2026-04-01
C00891,ITEM_011,view,1,2026-04-11
C00339,ITEM_051,play,3,2026-01-21
C00296,ITEM_022,view,1,2026-05-06
C00536,ITEM_032,view,1,2026-04-01
C00192,ITEM_050,view,1,2026-03-19
C00485,ITEM_051,play,3,2026-05-13
C00429,ITEM_028,view,1,2026-05-21
C00336,ITEM_066,view,1,2026-03-30
C00930,ITEM_040,play,3,2026-05-27
C00398,ITEM_065,play,3,2026-01-10
C00834,ITEM_045,view,1,2026-04-23
C00864,ITEM_028,play,3,2026-02-20
C00799,ITEM_020,view,1,2026-04-15
C00323,ITEM_001,purchase,5,2026-04-23
C00995,ITEM_042,view,1,2026-05-27
C00283,ITEM_044,play,3,2026-04-11
C00332,ITEM_075,view,1,2026-01-03
C01049,ITEM_020,play,3,2026-06-26
C00407,ITEM_000,view,1,2026-04-02
C00836,ITEM_071,view,1,2026-01-23
C00050,ITEM_047,play,3,2026-01-24
C00737,ITEM_003,play,3,2026-01-06
C01042,ITEM_025,view,1,2026-02-09
C00850,ITEM_077,play,3,2026-02-18
C00698,ITEM_068,view,1,2026-06-20
C01018,ITEM_044,view,1,2026-05-27
C00357,ITEM_007,view,1,2026-01-01
C00452,ITEM_052,view,1,2026-03-02
C00083,ITEM_004,play,3,2026-02-25
C00838,ITEM_031,view,1,2026-03-23
C00868,ITEM_032,purchase,5,2026-01-28
C00901,ITEM_062,view,1,2026-02-18
C00898,ITEM_053,play,3,2026-04-13
C00152,ITEM_038,view,1,2026-04-04
C00799,ITEM_000,play,3,2026-06-01
C00915,ITEM_001,purchase,5,2026-06-16
C00244,ITEM_064,view,1,2026-03-12
C00571,ITEM_052,view,1,2026-05-27
C01095,ITEM_026,play,3,2026-05-31
C00497,ITEM_060,play,3,2026-03-04
C00903,ITEM_073,view,1,2026-03-21
C00636,ITEM_001,play,3,2026-04-23
C00789,ITEM_072,play,3,2026-06-13
C00751,ITEM_019,play,3,2026-05-20
C00781,ITEM_061,view,1,2026-06-02
C00935,ITEM_047,view,1,2026-05-23
C01085,ITEM_058,purchase,5,2026-02-02
C00354,ITEM_009,view,1,2026-02-08
C01113,ITEM_048,view,1,2026-06-09
C00753,ITEM_077,purchase,5,2026-03-22
C00714,ITEM_063,view,1,2026-02-04
C00393,ITEM_063,view,1,2026-02-23
C00500,ITEM_014,play,3,2026-03-30
C00781,ITEM_022,play,3,2026-04-11
C00436,ITEM_065,purchase,5,2026-02-05
C00344,ITEM_032,play,3,2026-02-15
C00982,ITEM_045,view,1,2026-03-11
C00498,ITEM_013,view,1,2026-02-08
C00773,ITEM_062,view,1,2026-06-27
C00037,ITEM_035,purchase,5,2026-01-04
C00092,ITEM_039,view,1,2026-05-18
C01017,ITEM_076,view,1,2026-02-22
C00170,ITEM_050,view,1,2026-04-10
C00954,ITEM_035,view,1,2026-02-25
C01080,ITEM_027,view,1,2026-06-18
C00577,ITEM_048,play,3,2026-06-25
C01061,ITEM_033,view,1,2026-03-06
C00512,ITEM_018,purchase,5,2026-01-06
C01142,ITEM_029,purchase,5,2026-02-01
C00284,ITEM_022,view,1,2026-05-09
C00513,ITEM_059,play,3,2026-05-30
C00466,ITEM_040,view,1,2026-01-08
C00940,ITEM_016,view,1,2026-01-03
C00052,ITEM_011,view,1,2026-03-30
C00993,ITEM_074,play,3,2026-05-25
C00028,ITEM_071,play,3,2026-05-19
C00378,ITEM_066,view,1,2026-01-04
C00715,ITEM_058,play,3,2026-06-27
C00174,ITEM_068,play,3,2026-02-21
C00588,ITEM_051,play,3,2026-02-11
C01196,ITEM_073,view,1,2026-03-05
C00987,ITEM_073,play,3,2026-05-17
C00036,ITEM_034,play,3,2026-02-27
C00710,ITEM_019,view,1,2026-04-27
C00716,ITEM_071,play,3,2026-02-13
C00081,ITEM_066,view,1,2026-01-22
C00780,ITEM_035,play,3,2026-01-20
C00625,ITEM_072,play,3,2026-03-21
C00818,ITEM_008,view,1,2026-01-01
C00357,ITEM_065,view,1,2026-04-11
C00306,ITEM_003,play,3,2026-05-20
C00883,ITEM_008,play,3,2026-04-12
C00865,ITEM_005,play,3,2026-03-24
C00194,ITEM_006,play,3,2026-01-31
C00259,ITEM_015,view,1,2026-01-30
C00703,ITEM_028,view,1,2026-01-21
C00994,ITEM_028,play,3,2026-01-15
C00242,ITEM_033,view,1,2026-04-12
C00262,ITEM_078,play,3,2026-02-20
C00969,ITEM_040,view,1,2026-04-30
C00836,ITEM_019,view,1,2026-03-05
C01082,ITEM_011,view,1,2026-02-27
C00940,ITEM_073,view,1,2026-03-25
C01143,ITEM_022,play,3,2026-03-07
C00226,ITEM_064,view,1,2026-01-19
C00326,ITEM_063,play,3,2026-01-05
C00285,ITEM_068,view,1,2026-06-26
C00066,ITEM_011,play,3,2026-01-20
C00934,ITEM_062,view,1,2026-02-18
C00794,ITEM_062,view,1,2026-03-15
C00103,ITEM_077,play,3,2026-03-21
C00237,ITEM_056,view,1,2026-05-15
C00228,ITEM_009,view,1,2026-05-08
C00483,ITEM_036,play,3,2026-04-20
C00546,ITEM_038,view,1,2026-02-25
C00346,ITEM_037,purchase,5,2026-06-21
C01116,ITEM_027,view,1,2026-01-15
C00255,ITEM_064,view,1,2026-02-25
C00674,ITEM_022,play,3,2026-03-09
C00525,ITEM_035,view,1,2026-03-04
C00465,ITEM_035,purchase,5,2026-04-10
C00990,ITEM_051,view,1,2026-01-10
C01174,ITEM_038,view,1,2026-06-01
C00007,ITEM_077,view,1,2026-01-29
C00556,ITEM_078,view,1,2026-03-08
C00142,ITEM_037,view,1,2026-04-15
C00520,ITEM_021,view,1,2026-06-10
C00740,ITEM_060,view,1,2026-04-11
C00493,ITEM_072,view,1,2026-04-09
C00370,ITEM_070,view,1,2026-02-14
C00374,ITEM_013,view,1,2026-05-10
C00359,ITEM_004,view,1,2026-04-11
C00390,ITEM_053,view,1,2026-01-06
C00448,ITEM_024,view,1,2026-03-17
C00825,ITEM_024,view,1,2026-06-11
C00115,ITEM_002,view,1,2026-06-04
C00049,ITEM_076,view,1,2026-02-08
C00620,ITEM_000,purchase,5,2026-05-14
C00818,ITEM_050,view,1,2026-02-28
C00310,ITEM_074,view,1,2026-05-18
C00241,ITEM_005,play,3,2026-04-05
C00749,ITEM_049,view,1,2026-02-27
C00461,ITEM_073,view,1,2026-06-22
C00883,ITEM_032,play,3,2026-02-13
C00175,ITEM_023,play,3,2026-03-04
C00145,ITEM_056,purchase,5,2026-06-17
C00663,ITEM_074,purchase,5,2026-02-09
C00470,ITEM_044,view,1,2026-02-05
C00875,ITEM_001,play,3,2026-06-22
C00607,ITEM_054,view,1,2026-03-29
C00425,ITEM_017,play,3,2026-05-26
C00191,ITEM_079,view,1,2026-01-16
C00196,ITEM_022,view,1,2026-04-30
C00907,ITEM_050,view,1,2026-01-19
C00271,ITEM_055,view,1,2026-03-15
C00602,ITEM_035,view,1,2026-02-06
C00981,ITEM_063,play,3,2026-03-17
C01077,ITEM_071,view,1,2026-03-12
C00321,ITEM_050,play,3,2026-06-21
C00131,ITEM_060,view,1,2026-04-30
C00929,ITEM_004,view,1,2026-01-13
C00824,ITEM_019,view,1,2026-03-29
C00397,ITEM_034,view,1,2026-05-17
C00712,ITEM_010,view,1,2026-03-30
C00226,ITEM_039,view,1,2026-04-19
C00840,ITEM_005,view,1,2026-04-03
C00872,ITEM_028,play,3,2026-06-24
C00359,ITEM_004,view,1,2026-04-29
C00562,ITEM_033,play,3,2026-04-11
C00400,ITEM_032,play,3,2026-06-19
C00037,ITEM_038,view,1,2026-02-20
C00152,ITEM_079,play,3,2026-05-16
C01151,ITEM_044,play,3,2026-05-21
C00547,ITEM_011,play,3,2026-03-08
C00177,ITEM_050,play,3,2026-06-27
C00053,ITEM_078,view,1,2026-02-23
C00424,ITEM_016,purchase,5,2026-06-13
C01179,ITEM_006,view,1,2026-01-04
C00461,ITEM_072,view,1,2026-02-23
C01199,ITEM_013,play,3,2026-02-24
C00587,ITEM_066,view,1,2026-03-04
C00916,ITEM_034,view,1,2026-03-20
C00942,ITEM_062,view,1,2026-05-16
C00033,ITEM_057,view,1,2026-03-19
C00007,ITEM_064,play,3,2026-04-18
C01106,ITEM_060,view,1,2026-01-21
C01118,ITEM_042,view,1,2026-01-03
C00159,ITEM_019,play,3,2026-03-12
C00775,ITEM_076,play,3,2026-01-26
C01108,ITEM_015,play,3,2026-01-20
C01140,ITEM_029,view,1,2026-01-16
C00355,ITEM_022,play,3,2026-02-19
C00980,ITEM_033,view,1,2026-02-02
C00775,ITEM_019,play,3,2026-01-27
C01113,ITEM_065,view,1,2026-02-24
C00176,ITEM_034,view,1,2026-02-15
C00721,ITEM_069,view,1,2026-06-24
C00029,ITEM_002,view,1,2026-04-26
C00428,ITEM_035,view,1,2026-05-02
C00013,ITEM_046,view,1,2026-05-04
C00531,ITEM_067,play,3,2026-01-10
C00973,ITEM_058,view,1,2026-03-30
C00789,ITEM_050,view,1,2026-04-20
C00380,ITEM_067,view,1,2026-06-19
C00512,ITEM_031,play,3,2026-03-20
C00440,ITEM_076,view,1,2026-02-19
C00878,ITEM_072,view,1,2026-05-16
C00319,ITEM_072,purchase,5,2026-02-03
C00110,ITEM_040,play,3,2026-06-09
C00608,ITEM_007,view,1,2026-03-06
C00995,ITEM_067,play,3,2026-01-12
C00572,ITEM_033,purchase,5,2026-03-05
C00245,ITEM_064,view,1,2026-06-26
C00055,ITEM_004,play,3,2026-03-19
C01132,ITEM_007,view,1,2026-01-11
C00912,ITEM_027,play,3,2026-03-09
C00186,ITEM_069,play,3,2026-05-12
C00088,ITEM_002,purchase,5,2026-01-10
C00154,ITEM_012,play,3,2026-06-12
C00451,ITEM_039,view,1,2026-05-16
C00974,ITEM_065,view,1,2026-05-16
C00191,ITEM_012,purchase,5,2026-05-16
C00982,ITEM_060,view,1,2026-01-28
C00002,ITEM_039,view,1,2026-05-25
C00886,ITEM_058,play,3,2026-02-07
C00338,ITEM_057,view,1,2026-01-28
C01152,ITEM_073,view,1,2026-01-08
C00571,ITEM_004,view,1,2026-01-26
C00324,ITEM_048,view,1,2026-01-24
C00291,ITEM_036,play,3,2026-06-09
C00991,ITEM_027,view,1,2026-01-11
C00483,ITEM_059,view,1,2026-04-27
C00422,ITEM_047,play,3,2026-01-10
C00882,ITEM_035,view,1,2026-06-23
C00644,ITEM_055,play,3,2026-04-12
C00796,ITEM_045,view,1,2026-04-03
C00534,ITEM_029,view,1,2026-01-14
C00076,ITEM_026,view,1,2026-06-06
C00007,ITEM_020,play,3,2026-03-18
C00046,ITEM_023,purchase,5,2026-01-26
C00689,ITEM_039,view,1,2026-05-08
C00616,ITEM_014,view,1,2026-06-19
C00897,ITEM_071,view,1,2026-01-03
C01073,ITEM_046,view,1,2026-02-06
C00209,ITEM_050,view,1,2026-04-25
C01148,ITEM_045,play,3,2026-01-12
C01117,ITEM_071,play,3,2026-05-17
C00739,ITEM_065,view,1,2026-04-20
C00636,ITEM_038,view,1,2026-04-07
C00211,ITEM_027,view,1,2026-03-01
C00213,ITEM_075,view,1,2026-03-27
C00022,ITEM_047,view,1,2026-01-15
C00775,ITEM_063,play,3,2026-05-12
C00519,ITEM_011,view,1,2026-04-21
C00230,ITEM_028,view,1,2026-04-06
C00160,ITEM_021,view,1,2026-05-22
C00076,ITEM_035,view,1,2026-04-02
C00769,ITEM_040,purchase,5,2026-03-14
C00822,ITEM_079,play,3,2026-05-25
C00757,ITEM_008,play,3,2026-06-18
C00132,ITEM_076,play,3,2026-05-31
C00049,ITEM_064,view,1,2026-04-02
C00127,ITEM_032,play,3,2026-03-08
C00901,ITEM_022,play,3,2026-01-24
C00887,ITEM_066,view,1,2026-03-16
C00353,ITEM_010,view,1,2026-05-30
C00066,ITEM_072,play,3,2026-05-25
C00383,ITEM_075,play,3,2026-01-24
C00971,ITEM_020,view,1,2026-04-09
C00172,ITEM_044,play,3,2026-05-01
C00955,ITEM_041,purchase,5,2026-05-04
C00556,ITEM_061,purchase,5,2026-06-07
C00169,ITEM_060,view,1,2026-01-14
C01120,ITEM_079,view,1,2026-03-25
C00622,ITEM_006,play,3,2026-01-18
C00805,ITEM_065,view,1,2026-05-11
C00115,ITEM_064,view,1,2026-04-06
C00445,ITEM_059,play,3,2026-03-19
C00759,ITEM_016,view,1,2026-05-28
C00774,ITEM_059,view,1,2026-06-02
C00075,ITEM_038,purchase,5,2026-02-26
C00725,ITEM_022,view,1,2026-05-27
C01133,ITEM_030,purchase,5,2026-06-22
C00943,ITEM_033,view,1,2026-01-10
C00249,ITEM_059,view,1,2026-05-17
C01095,ITEM_016,view,1,2026-01-21
C00819,ITEM_018,view,1,2026-05-21
C00068,ITEM_029,view,1,2026-05-03
C00153,ITEM_037,play,3,2026-05-31
C01105,ITEM_075,purchase,5,2026-04-14
C00251,ITEM_021,view,1,2026-02-15
C00116,ITEM_072,view,1,2026-05-06
C00541,ITEM_004,play,3,2026-03-01
C00630,ITEM_040,view,1,2026-01-06
C00687,ITEM_067,view,1,2026-01-22
C00790,ITEM_024,view,1,2026-06-06
C01198,ITEM_017,view,1,2026-03-10
C00911,ITEM_048,view,1,2026-01-26
C00031,ITEM_018,view,1,2026-01-07
C00106,ITEM_001,play,3,2026-01-08
C00000,ITEM_003,view,1,2026-05-16
C00474,ITEM_038,view,1,2026-01-24
C00420,ITEM_040,view,1,2026-05-25
C01120,ITEM_002,view,1,2026-04-11
C00439,ITEM_021,play,3,2026-02-08
C00036,ITEM_060,play,3,2026-06-12
C01060,ITEM_045,play,3,2026-03-30
C00312,ITEM_048,view,1,2026-03-12
C01095,ITEM_057,view,1,2026-05-01
C00929,ITEM_072,view,1,2026-04-29
C01056,ITEM_003,view,1,2026-05-14
C00983,ITEM_038,view,1,2026-04-21
C00171,ITEM_016,view,1,2026-06-24
C00751,ITEM_053,view,1,2026-03-16
C00494,ITEM_031,view,1,2026-02-06
C00754,ITEM_012,view,1,2026-01-23
C00895,ITEM_070,view,1,2026-02-14
C00601,ITEM_041,view,1,2026-05-20
C00375,ITEM_008,purchase,5,2026-06-03
C01099,ITEM_018,view,1,2026-02-22
C00795,ITEM_059,view,1,2026-01-18
C01062,ITEM_037,view,1,2026-05-10
C00284,ITEM_076,view,1,2026-05-22
C01005,ITEM_004,play,3,2026-01-10
C00388,ITEM_006,view,1,2026-01-25
C00552,ITEM_055,purchase,5,2026-03-02
C01032,ITEM_026,play,3,2026-03-25
C00425,ITEM_069,view,1,2026-01-20
C00300,ITEM_061,purchase,5,2026-04-17
C01098,ITEM_001,play,3,2026-03-31
C01157,ITEM_074,purchase,5,2026-05-19
C00373,ITEM_076,view,1,2026-06-21
C00367,ITEM_019,purchase,5,2026-01-21
C00273,ITEM_049,view,1,2026-03-23
C00028,ITEM_051,view,1,2026-05-29
C00663,ITEM_003,purchase,5,2026-01-02
C00305,ITEM_058,view,1,2026-06-03
C01018,ITEM_077,view,1,2026-03-13
C00205,ITEM_032,view,1,2026-05-23
C00762,ITEM_078,view,1,2026-04-19
C00608,ITEM_053,view,1,2026-06-18
C00734,ITEM_058,view,1,2026-01-28
C00135,ITEM_043,view,1,2026-06-07
C00559,ITEM_055,play,3,2026-04-12
C00751,ITEM_074,view,1,2026-05-19
C00409,ITEM_047,play,3,2026-05-20
C01049,ITEM_043,view,1,2026-04-15
C00635,ITEM_013,play,3,2026-03-23
C00435,ITEM_041,play,3,2026-05-26
C00036,ITEM_069,purchase,5,2026-04-02
C00202,ITEM_053,view,1,2026-06-25
C00571,ITEM_057,view,1,2026-05-01
C00480,ITEM_012,purchase,5,2026-04-25
C01045,ITEM_067,play,3,2026-04-15
C00943,ITEM_042,view,1,2026-02-13
C00190,ITEM_036,view,1,2026-05-15
C00709,ITEM_004,play,3,2026-02-14
C00545,ITEM_071,view,1,2026-04-21
C00121,ITEM_050,play,3,2026-05-24
C00799,ITEM_024,play,3,2026-03-23
C00644,ITEM_042,view,1,2026-06-28
C00104,ITEM_072,view,1,2026-01-30
C00561,ITEM_067,view,1,2026-02-07
C00878,ITEM_023,view,1,2026-02-24
C00392,ITEM_063,view,1,2026-06-24
C00428,ITEM_000,play,3,2026-04-07
C00132,ITEM_034,view,1,2026-02-18
C00245,ITEM_043,play,3,2026-06-23
C01177,ITEM_052,play,3,2026-03-16
C00744,ITEM_000,play,3,2026-02-17
C00211,ITEM_024,view,1,2026-06-13
C00579,ITEM_020,view,1,2026-01-28
C00231,ITEM_031,play,3,2026-06-23
C00531,ITEM_055,view,1,2026-01-09
C00174,ITEM_006,view,1,2026-04-13
C00742,ITEM_059,view,1,2026-04-15
C00684,ITEM_008,view,1,2026-06-21
C00760,ITEM_040,play,3,2026-06-17
C00532,ITEM_065,view,1,2026-06-01
C00343,ITEM_070,view,1,2026-06-14
C00299,ITEM_077,view,1,2026-06-05
C00258,ITEM_034,view,1,2026-04-03
C00515,ITEM_039,view,1,2026-06-06
C00541,ITEM_072,play,3,2026-05-19
C00808,ITEM_010,play,3,2026-03-11
C00062,ITEM_072,purchase,5,2026-06-08
C00338,ITEM_007,view,1,2026-01-06
C01023,ITEM_007,view,1,2026-01-19
C01098,ITEM_003,view,1,2026-01-30
C01117,ITEM_018,play,3,2026-04-07
C00367,ITEM_070,play,3,2026-01-14
C00164,ITEM_016,play,3,2026-02-10
C00237,ITEM_035,view,1,2026-02-13
C00158,ITEM_064,view,1,2026-02-13
C01145,ITEM_070,purchase,5,2026-01-10
C01060,ITEM_035,view,1,2026-02-10
C00972,ITEM_029,play,3,2026-02-19
C00875,ITEM_037,play,3,2026-05-17
C00411,ITEM_047,view,1,2026-04-17
C00570,ITEM_025,purchase,5,2026-02-26
C01009,ITEM_053,play,3,2026-01-26
C00977,ITEM_064,play,3,2026-04-03
C00622,ITEM_004,view,1,2026-02-26
C01005,ITEM_065,view,1,2026-05-06
C00416,ITEM_054,play,3,2026-02-10
C00496,ITEM_004,view,1,2026-06-29
C01007,ITEM_063,view,1,2026-01-18
C00451,ITEM_039,view,1,2026-05-31
C00902,ITEM_001,view,1,2026-05-02
C00543,ITEM_006,play,3,2026-05-02
C00357,ITEM_004,view,1,2026-06-10
C00262,ITEM_032,view,1,2026-03-23
C00728,ITEM_041,view,1,2026-05-09
C00575,ITEM_019,view,1,2026-04-06
C00443,ITEM_077,view,1,2026-05-04
C00891,ITEM_002,view,1,2026-04-10
C00001,ITEM_077,view,1,2026-06-26
C00110,ITEM_012,view,1,2026-02-28
C01154,ITEM_008,play,3,2026-05-12
C00796,ITEM_039,view,1,2026-01-30
C00659,ITEM_060,view,1,2026-01-09
C00017,ITEM_052,view,1,2026-05-07
C00718,ITEM_063,play,3,2026-02-09
C00521,ITEM_036,view,1,2026-01-03
C00719,ITEM_070,view,1,2026-04-25
C00049,ITEM_061,play,3,2026-04-21
C00660,ITEM_003,play,3,2026-04-26
C00693,ITEM_040,view,1,2026-03-23
C00348,ITEM_077,view,1,2026-05-30
C00065,ITEM_058,play,3,2026-01-03
C01165,ITEM_065,view,1,2026-01-29
C00851,ITEM_057,purchase,5,2026-03-09
C00746,ITEM_048,view,1,2026-06-26
C00920,ITEM_026,play,3,2026-05-10
C00805,ITEM_005,play,3,2026-04-03
C00161,ITEM_024,purchase,5,2026-06-20
C00545,ITEM_019,view,1,2026-06-15
C01066,ITEM_057,play,3,2026-01-19
C00345,ITEM_027,view,1,2026-04-06
C01166,ITEM_028,view,1,2026-06-21
C00077,ITEM_068,play,3,2026-02-03
C00396,ITEM_015,view,1,2026-01-29
C00420,ITEM_060,play,3,2026-03-05
C00740,ITEM_028,view,1,2026-06-24
C00211,ITEM_075,view,1,2026-02-09
C00274,ITEM_076,view,1,2026-04-25
C00794,ITEM_033,view,1,2026-02-17
C00341,ITEM_062,view,1,2026-05-13
C01054,ITEM_073,view,1,2026-06-10
C01044,ITEM_048,purchase,5,2026-01-08
C00363,ITEM_071,play,3,2026-03-09
C00671,ITEM_054,play,3,2026-04-15
C00399,ITEM_001,view,1,2026-02-02
C00413,ITEM_048,view,1,2026-04-25
C00804,ITEM_019,play,3,2026-03-07
C00351,ITEM_047,view,1,2026-01-07
C00179,ITEM_063,view,1,2026-04-22
C00310,ITEM_015,purchase,5,2026-01-07
C01115,ITEM_053,view,1,2026-02-06
C00311,ITEM_043,purchase,5,2026-01-30
C00436,ITEM_017,view,1,2026-01-10
C00754,ITEM_060,view,1,2026-03-16
C00121,ITEM_062,view,1,2026-06-06
C00322,ITEM_000,purchase,5,2026-02-24
C00209,ITEM_025,view,1,2026-02-13
C01109,ITEM_005,play,3,2026-05-26
C01119,ITEM_048,view,1,2026-06-18
C00906,ITEM_070,play,3,2026-02-24
C00296,ITEM_074,view,1,2026-01-09
C00739,ITEM_031,view,1,2026-05-17
C00794,ITEM_019,play,3,2026-04-28
C01043,ITEM_025,play,3,2026-06-29
C00187,ITEM_004,play,3,2026-04-30
C00883,ITEM_027,view,1,2026-06-17
C00232,ITEM_052,play,3,2026-01-29
C00682,ITEM_001,view,1,2026-01-30
C01055,ITEM_058,purchase,5,2026-04-30
C00074,ITEM_067,view,1,2026-05-15
C00177,ITEM_025,view,1,2026-03-11
C00975,ITEM_061,view,1,2026-03-19
C00022,ITEM_037,view,1,2026-03-10
C00822,ITEM_079,view,1,2026-01-09
C00601,ITEM_040,play,3,2026-06-07
C00415,ITEM_047,play,3,2026-06-13
C01035,ITEM_065,view,1,2026-06-21
C01018,ITEM_021,view,1,2026-04-01
C00391,ITEM_055,play,3,2026-01-31
C00005,ITEM_068,play,3,2026-03-14
C00153,ITEM_021,view,1,2026-05-04
C00128,ITEM_064,purchase,5,2026-02-01
C01178,ITEM_021,view,1,2026-01-28
C00716,ITEM_048,play,3,2026-06-28
C00812,ITEM_025,play,3,2026-01-07
C00277,ITEM_050,view,1,2026-04-18
C01020,ITEM_011,view,1,2026-01-27
C00867,ITEM_064,play,3,2026-01-04
C00902,ITEM_010,view,1,2026-04-25
C00561,ITEM_026,view,1,2026-02-03
C00837,ITEM_065,view,1,2026-05-11
C00652,ITEM_007,play,3,2026-05-29
C00461,ITEM_066,view,1,2026-04-02
C00713,ITEM_032,view,1,2026-01-31
C00389,ITEM_020,purchase,5,2026-06-21
C01143,ITEM_066,play,3,2026-03-09
C00860,ITEM_068,view,1,2026-05-18
C00886,ITEM_068,view,1,2026-02-04
C00860,ITEM_045,view,1,2026-01-30
C00538,ITEM_015,view,1,2026-05-02
C01140,ITEM_056,view,1,2026-02-07
C00249,ITEM_056,view,1,2026-04-06
C00682,ITEM_070,view,1,2026-04-18
C00083,ITEM_058,view,1,2026-01-23
C00353,ITEM_024,view,1,2026-03-01
C00689,ITEM_035,view,1,2026-02-04
C00587,ITEM_052,play,3,2026-01-01
C01129,ITEM_062,view,1,2026-06-20
C00736,ITEM_024,play,3,2026-01-05
C00493,ITEM_020,view,1,2026-05-30
C00512,ITEM_072,view,1,2026-03-15
C00733,ITEM_079,view,1,2026-02-19
C00949,ITEM_023,view,1,2026-04-05
C00331,ITEM_005,play,3,2026-06-14
C00701,ITEM_050,view,1,2026-04-28
C00689,ITEM_001,view,1,2026-01-15
C00011,ITEM_015,view,1,2026-05-18
C01095,ITEM_042,view,1,2026-05-18
C00683,ITEM_029,view,1,2026-06-24
C00290,ITEM_003,view,1,2026-02-06
C00760,ITEM_028,view,1,2026-05-31
C00813,ITEM_053,view,1,2026-03-08
C01098,ITEM_060,play,3,2026-03-06
C00040,ITEM_060,view,1,2026-04-24
C00496,ITEM_022,play,3,2026-04-07
C00216,ITEM_053,view,1,2026-02-11
C00689,ITEM_026,view,1,2026-02-08
C00601,ITEM_052,play,3,2026-04-28
C00569,ITEM_000,view,1,2026-06-24
C01178,ITEM_032,view,1,2026-02-11
C00637,ITEM_025,purchase,5,2026-04-07
C00493,ITEM_053,purchase,5,2026-02-25
C00080,ITEM_021,view,1,2026-02-14
C00347,ITEM_023,view,1,2026-05-24
C01076,ITEM_043,play,3,2026-05-11
C00542,ITEM_052,purchase,5,2026-03-28
C01092,ITEM_032,view,1,2026-03-29
C00639,ITEM_071,view,1,2026-03-18
C00657,ITEM_078,play,3,2026-06-29
C00515,ITEM_048,view,1,2026-06-20
C00667,ITEM_043,play,3,2026-01-14
C00080,ITEM_041,view,1,2026-05-27
C00069,ITEM_005,play,3,2026-03-02
C00570,ITEM_032,view,1,2026-04-28
C00717,ITEM_064,view,1,2026-06-19
C00661,ITEM_055,view,1,2026-03-17
C00514,ITEM_004,view,1,2026-03-25
C00352,ITEM_011,view,1,2026-04-23
C00850,ITEM_066,view,1,2026-02-26
C00725,ITEM_058,play,3,2026-02-17
C00056,ITEM_032,view,1,2026-04-19
C00542,ITEM_075,play,3,2026-02-07
C00853,ITEM_004,view,1,2026-04-30
C00941,ITEM_060,play,3,2026-02-14
C00344,ITEM_078,view,1,2026-01-17
C01109,ITEM_034,view,1,2026-01-19
C00782,ITEM_039,view,1,2026-02-16
C00525,ITEM_016,view,1,2026-01-19
C00752,ITEM_068,play,3,2026-02-25
C01045,ITEM_058,play,3,2026-03-17
C00272,ITEM_033,play,3,2026-02-14
C00180,ITEM_018,play,3,2026-04-07
C00528,ITEM_036,play,3,2026-03-10
C00100,ITEM_036,purchase,5,2026-01-15
C01002,ITEM_028,play,3,2026-03-02
C01164,ITEM_067,view,1,2026-01-03
C00726,ITEM_029,view,1,2026-05-12
C01175,ITEM_009,view,1,2026-03-21
C00082,ITEM_063,play,3,2026-04-18
C00759,ITEM_058,view,1,2026-01-26
C00531,ITEM_002,view,1,2026-03-19
C00332,ITEM_055,play,3,2026-05-26
C00374,ITEM_039,view,1,2026-02-06
C00654,ITEM_053,view,1,2026-06-27
C00769,ITEM_021,play,3,2026-03-17
C00196,ITEM_014,view,1,2026-01-25
C00737,ITEM_044,view,1,2026-02-02
C01111,ITEM_004,view,1,2026-03-25
C00012,ITEM_017,view,1,2026-06-21
C01054,ITEM_003,view,1,2026-03-26
C00729,ITEM_027,view,1,2026-02-01
C00410,ITEM_072,view,1,2026-03-11
C00881,ITEM_042,play,3,2026-06-04
C00741,ITEM_059,view,1,2026-06-27
C00922,ITEM_059,view,1,2026-04-21
C00097,ITEM_010,view,1,2026-06-05
C00070,ITEM_075,view,1,2026-05-26
C00770,ITEM_012,view,1,2026-03-18
C00364,ITEM_019,view,1,2026-06-09
C00285,ITEM_052,view,1,2026-01-14
C00505,ITEM_038,play,3,2026-05-25
C00870,ITEM_017,view,1,2026-04-15
C00215,ITEM_027,purchase,5,2026-04-17
C01167,ITEM_032,view,1,2026-06-18
C00504,ITEM_048,play,3,2026-02-18
C00180,ITEM_063,view,1,2026-02-05
C00085,ITEM_029,play,3,2026-04-29
C01028,ITEM_031,play,3,2026-05-14
C00135,ITEM_007,view,1,2026-01-01
C00502,ITEM_076,view,1,2026-03-31
C00802,ITEM_049,purchase,5,2026-03-09
C00615,ITEM_020,purchase,5,2026-05-28
C00315,ITEM_002,purchase,5,2026-06-04
C00129,ITEM_075,view,1,2026-01-25
C00853,ITEM_003,view,1,2026-04-15
C00588,ITEM_014,view,1,2026-05-10
C00057,ITEM_070,play,3,2026-02-16
C00217,ITEM_027,view,1,2026-06-18
C00675,ITEM_069,view,1,2026-06-10
C00202,ITEM_044,view,1,2026-01-31
C00469,ITEM_045,view,1,2026-01-03
C00149,ITEM_074,play,3,2026-04-15
C00956,ITEM_001,view,1,2026-06-08
C00756,ITEM_027,play,3,2026-05-03
C00940,ITEM_027,view,1,2026-05-17
C00062,ITEM_058,view,1,2026-05-10
C00450,ITEM_027,view,1,2026-01-27
C00321,ITEM_070,view,1,2026-01-13
C00747,ITEM_057,view,1,2026-01-12
C00985,ITEM_072,play,3,2026-06-27
C00273,ITEM_064,view,1,2026-06-21
C00923,ITEM_059,view,1,2026-05-31
C00696,ITEM_028,play,3,2026-01-13
C00988,ITEM_058,view,1,2026-06-09
C00097,ITEM_033,view,1,2026-06-25
C01189,ITEM_027,view,1,2026-05-22
C00521,ITEM_017,view,1,2026-03-17
C00336,ITEM_071,view,1,2026-01-17
C00219,ITEM_058,view,1,2026-03-05
C01181,ITEM_003,view,1,2026-02-06
C01060,ITEM_027,view,1,2026-04-28
C00157,ITEM_046,play,3,2026-06-08
C00533,ITEM_056,play,3,2026-03-31
C00880,ITEM_024,view,1,2026-01-09
C00708,ITEM_056,view,1,2026-03-12
C00226,ITEM_021,play,3,2026-05-24
C00432,ITEM_012,view,1,2026-04-26
C00441,ITEM_006,play,3,2026-01-08
C00346,ITEM_070,view,1,2026-03-05
C01152,ITEM_052,view,1,2026-03-05
C00243,ITEM_065,view,1,2026-01-07
C00847,ITEM_042,play,3,2026-03-04
C01094,ITEM_046,view,1,2026-05-29
C00953,ITEM_023,view,1,2026-01-24
C00959,ITEM_006,view,1,2026-04-03
C00190,ITEM_057,play,3,2026-04-29
C00159,ITEM_013,view,1,2026-05-04
C00939,ITEM_069,play,3,2026-03-01
C00896,ITEM_007,view,1,2026-04-14
C00890,ITEM_078,view,1,2026-05-11
C00502,ITEM_037,view,1,2026-04-21
C00628,ITEM_022,purchase,5,2026-05-31
C00018,ITEM_021,view,1,2026-02-09
C00349,ITEM_054,view,1,2026-01-20
C00634,ITEM_066,play,3,2026-06-18
C00150,ITEM_038,view,1,2026-05-13
C00156,ITEM_034,view,1,2026-03-22
C00054,ITEM_070,view,1,2026-04-13
C00251,ITEM_036,play,3,2026-06-15
C01191,ITEM_026,view,1,2026-06-06
C00835,ITEM_073,play,3,2026-05-26
C01137,ITEM_064,play,3,2026-04-17
C00308,ITEM_046,view,1,2026-05-10
C00718,ITEM_000,view,1,2026-04-15
C01070,ITEM_030,play,3,2026-03-24
C00422,ITEM_078,play,3,2026-05-02
C00788,ITEM_078,play,3,2026-01-05
C00831,ITEM_053,view,1,2026-05-29
C00998,ITEM_036,play,3,2026-02-26
C01163,ITEM_068,play,3,2026-04-09
C00738,ITEM_046,purchase,5,2026-04-30
C00699,ITEM_004,view,1,2026-02-28
C01042,ITEM_030,play,3,2026-03-01
C00821,ITEM_025,play,3,2026-02-01
C00434,ITEM_053,play,3,2026-01-18
C00756,ITEM_017,play,3,2026-06-08
C00658,ITEM_062,play,3,2026-04-04
C00274,ITEM_019,view,1,2026-05-03
C00619,ITEM_050,view,1,2026-01-28
C00748,ITEM_024,view,1,2026-06-03
C01084,ITEM_019,play,3,2026-02-25
C00696,ITEM_056,view,1,2026-03-24
C00197,ITEM_075,play,3,2026-04-01
C01185,ITEM_063,purchase,5,2026-05-14
C00693,ITEM_040,play,3,2026-01-21
C00344,ITEM_073,play,3,2026-06-13
C00905,ITEM_066,play,3,2026-01-21
C00461,ITEM_073,view,1,2026-04-25
C00444,ITEM_000,view,1,2026-02-07
C01007,ITEM_065,view,1,2026-06-16
C01041,ITEM_041,play,3,2026-04-17
C00628,ITEM_055,view,1,2026-06-20
C00447,ITEM_074,view,1,2026-06-17
C01035,ITEM_041,play,3,2026-02-18
C00207,ITEM_055,view,1,2026-02-13
C00896,ITEM_078,play,3,2026-01-21
C00700,ITEM_009,view,1,2026-05-10
C01024,ITEM_059,play,3,2026-01-05
C00504,ITEM_056,view,1,2026-02-04
C00998,ITEM_015,play,3,2026-06-13
C00018,ITEM_001,play,3,2026-04-25
C00909,ITEM_050,view,1,2026-03-23
C00083,ITEM_029,view,1,2026-01-25
C00770,ITEM_025,play,3,2026-06-02
C00234,ITEM_018,view,1,2026-06-02
C01156,ITEM_043,play,3,2026-01-09
C00923,ITEM_020,view,1,2026-05-14
C00125,ITEM_005,play,3,2026-03-01
C01070,ITEM_003,view,1,2026-05-03
C00302,ITEM_020,view,1,2026-02-23
C00654,ITEM_049,view,1,2026-01-03
C00102,ITEM_042,view,1,2026-05-16
C00126,ITEM_059,view,1,2026-05-31
C00289,ITEM_047,play,3,2026-05-04
C00641,ITEM_023,play,3,2026-01-28
C00651,ITEM_073,purchase,5,2026-03-23
C01026,ITEM_046,play,3,2026-04-07
C00198,ITEM_049,play,3,2026-05-23
C00899,ITEM_039,view,1,2026-05-20
C00007,ITEM_033,purchase,5,2026-06-09
C00349,ITEM_079,view,1,2026-04-24
C00210,ITEM_031,view,1,2026-06-19
C00148,ITEM_064,play,3,2026-05-28
C00701,ITEM_006,purchase,5,2026-02-06
C01080,ITEM_075,view,1,2026-05-08
C00800,ITEM_060,view,1,2026-01-16
C01024,ITEM_065,view,1,2026-05-17
C00709,ITEM_025,play,3,2026-02-09
C00064,ITEM_052,view,1,2026-02-23
C00415,ITEM_060,play,3,2026-04-14
C00988,ITEM_005,view,1,2026-03-10
C00053,ITEM_051,view,1,2026-04-27
C00116,ITEM_068,play,3,2026-04-01
C01000,ITEM_067,view,1,2026-04-25
C00075,ITEM_060,play,3,2026-04-16
C01151,ITEM_071,view,1,2026-02-07
C00910,ITEM_022,play,3,2026-05-05
C00798,ITEM_055,view,1,2026-06-22
C00643,ITEM_021,purchase,5,2026-04-11
C00107,ITEM_069,play,3,2026-04-20
C00497,ITEM_041,view,1,2026-05-08
C00969,ITEM_066,purchase,5,2026-01-16
C01084,ITEM_022,view,1,2026-01-28
C00536,ITEM_024,view,1,2026-04-11
C01007,ITEM_077,purchase,5,2026-03-13
C00931,ITEM_072,purchase,5,2026-05-05
C00069,ITEM_015,play,3,2026-06-14
C00744,ITEM_030,purchase,5,2026-05-21
C00739,ITEM_012,view,1,2026-02-09
C00651,ITEM_050,view,1,2026-02-25
C00926,ITEM_003,view,1,2026-01-26
C01067,ITEM_002,view,1,2026-01-18
C00660,ITEM_044,view,1,2026-05-15
C00384,ITEM_071,view,1,2026-05-05
C01179,ITEM_059,view,1,2026-02-04
C01156,ITEM_055,view,1,2026-05-07
C00823,ITEM_046,view,1,2026-03-24
C00768,ITEM_014,play,3,2026-06-07
C00124,ITEM_016,view,1,2026-05-09
C00481,ITEM_049,play,3,2026-02-18
C00237,ITEM_073,play,3,2026-03-29
C00617,ITEM_003,view,1,2026-02-12
C00991,ITEM_030,play,3,2026-06-12
C00269,ITEM_015,purchase,5,2026-04-03
C01196,ITEM_011,view,1,2026-06-08
C00155,ITEM_028,play,3,2026-04-03
C00118,ITEM_015,view,1,2026-04-01
C01169,ITEM_019,view,1,2026-02-03
C00120,ITEM_035,play,3,2026-06-22
C00882,ITEM_059,play,3,2026-05-02
C00916,ITEM_043,play,3,2026-02-22
C00396,ITEM_043,play,3,2026-06-01
C00077,ITEM_048,play,3,2026-02-12
C00370,ITEM_018,view,1,2026-01-18
C00082,ITEM_005,view,1,2026-05-01
C00806,ITEM_002,view,1,2026-05-15
C01066,ITEM_069,view,1,2026-04-14
C01196,ITEM_070,play,3,2026-05-09
C00960,ITEM_026,view,1,2026-02-15
C00929,ITEM_062,view,1,2026-02-19
C01057,ITEM_020,view,1,2026-03-08
C00923,ITEM_024,view,1,2026-02-07
C00780,ITEM_055,view,1,2026-02-11
C01195,ITEM_074,view,1,2026-01-09
C00387,ITEM_049,view,1,2026-02-12
C00495,ITEM_076,view,1,2026-04-09
C01087,ITEM_079,view,1,2026-03-08
C00373,ITEM_002,purchase,5,2026-03-19
C00358,ITEM_032,view,1,2026-06-16
C00182,ITEM_037,view,1,2026-01-02
C00330,ITEM_014,view,1,2026-05-31
C00712,ITEM_017,play,3,2026-01-06
C01063,ITEM_077,view,1,2026-04-03
C00163,ITEM_014,view,1,2026-01-24
C00816,ITEM_038,purchase,5,2026-03-27
C00919,ITEM_038,purchase,5,2026-06-11
C01074,ITEM_052,view,1,2026-01-06
C00900,ITEM_043,view,1,2026-04-02
C00187,ITEM_003,view,1,2026-03-25
C00586,ITEM_036,view,1,2026-03-23
C01142,ITEM_026,view,1,2026-04-23
C01090,ITEM_010,play,3,2026-02-28
C00735,ITEM_078,view,1,2026-05-21
C01155,ITEM_043,view,1,2026-02-12
C00801,ITEM_077,view,1,2026-03-06
C00077,ITEM_073,view,1,2026-03-26
C01096,ITEM_078,view,1,2026-06-15
C00201,ITEM_018,view,1,2026-04-07
C00456,ITEM_065,view,1,2026-06-01
C00285,ITEM_003,view,1,2026-01-26
C00863,ITEM_040,view,1,2026-01-15
C00035,ITEM_069,play,3,2026-04-01
C00768,ITEM_045,view,1,2026-06-12
C01037,ITEM_016,view,1,2026-02-12
C00945,ITEM_005,play,3,2026-02-10
C00368,ITEM_036,play,3,2026-01-27
C01076,ITEM_063,view,1,2026-06-16
C00434,ITEM_073,view,1,2026-01-17
C00816,ITEM_059,view,1,2026-04-24
C00608,ITEM_035,view,1,2026-03-10
C00081,ITEM_056,play,3,2026-03-16
C00003,ITEM_062,view,1,2026-05-08
C00219,ITEM_030,view,1,2026-03-20
C01121,ITEM_021,view,1,2026-01-05
C01144,ITEM_021,view,1,2026-04-12
C00492,ITEM_059,view,1,2026-01-05
C01162,ITEM_064,view,1,2026-06-01
C00059,ITEM_015,view,1,2026-06-20
C01160,ITEM_077,play,3,2026-05-31
C00277,ITEM_001,play,3,2026-03-16
C00044,ITEM_033,purchase,5,2026-03-16
C00909,ITEM_038,play,3,2026-04-16
C00458,ITEM_004,purchase,5,2026-06-02
C00350,ITEM_057,purchase,5,2026-05-16
C00911,ITEM_072,view,1,2026-03-26
C00399,ITEM_019,view,1,2026-05-27
C00903,ITEM_055,view,1,2026-03-17
C00234,ITEM_076,play,3,2026-05-19
C00103,ITEM_053,play,3,2026-02-13
C00389,ITEM_036,view,1,2026-03-23
C00731,ITEM_075,play,3,2026-05-30
C00269,ITEM_032,play,3,2026-02-14
C00171,ITEM_053,play,3,2026-04-22
C00898,ITEM_061,view,1,2026-02-20
C00591,ITEM_049,view,1,2026-03-19
C00517,ITEM_025,view,1,2026-02-28
C00287,ITEM_056,view,1,2026-04-30
C00021,ITEM_024,view,1,2026-05-16
C00063,ITEM_038,view,1,2026-06-04
C00817,ITEM_043,view,1,2026-03-06
C00096,ITEM_022,view,1,2026-02-05
C00296,ITEM_061,view,1,2026-06-17
C01093,ITEM_020,view,1,2026-03-12
C00412,ITEM_012,purchase,5,2026-04-28
C00893,ITEM_058,view,1,2026-03-10
C00411,ITEM_070,purchase,5,2026-05-31
C01118,ITEM_019,view,1,2026-01-14
C00986,ITEM_041,view,1,2026-01-08
C00563,ITEM_074,purchase,5,2026-03-02
C00821,ITEM_029,play,3,2026-03-16
C00495,ITEM_032,play,3,2026-05-18
C01133,ITEM_055,play,3,2026-03-26
C00430,ITEM_050,view,1,2026-02-15
C01003,ITEM_010,play,3,2026-01-14
C00739,ITEM_003,view,1,2026-05-26
C00772,ITEM_029,play,3,2026-04-02
C00421,ITEM_035,purchase,5,2026-06-21
C00999,ITEM_049,play,3,2026-03-01
C00895,ITEM_031,play,3,2026-02-10
C00978,ITEM_010,play,3,2026-02-18
C00961,ITEM_060,view,1,2026-03-15
C00189,ITEM_034,view,1,2026-01-26
C01051,ITEM_004,play,3,2026-01-24
C01010,ITEM_047,play,3,2026-05-23
C00291,ITEM_032,view,1,2026-05-05
C01177,ITEM_042,play,3,2026-04-01
C00632,ITEM_068,view,1,2026-03-28
C00386,ITEM_015,play,3,2026-03-31
C00268,ITEM_053,play,3,2026-04-16
C00437,ITEM_009,view,1,2026-02-21
C00045,ITEM_062,view,1,2026-05-21
C00828,ITEM_029,play,3,2026-01-02
C00849,ITEM_061,view,1,2026-05-20
C00801,ITEM_003,purchase,5,2026-05-23
C00658,ITEM_052,view,1,2026-04-03
C00435,ITEM_020,view,1,2026-02-23
C00868,ITEM_031,view,1,2026-06-08
C01045,ITEM_018,play,3,2026-05-28
C00105,ITEM_031,view,1,2026-06-17
C00459,ITEM_063,play,3,2026-01-03
C01194,ITEM_004,purchase,5,2026-04-24
C01034,ITEM_048,view,1,2026-01-02
C01193,ITEM_015,view,1,2026-01-07
C00219,ITEM_031,view,1,2026-01-12
C00557,ITEM_044,play,3,2026-05-20
C00156,ITEM_007,view,1,2026-05-11
C01039,ITEM_071,play,3,2026-06-10
C00622,ITEM_054,play,3,2026-04-25
C00292,ITEM_048,play,3,2026-04-11
C00108,ITEM_074,view,1,2026-02-02
C00885,ITEM_030,purchase,5,2026-05-07
C00974,ITEM_011,play,3,2026-06-13
C01055,ITEM_066,play,3,2026-03-06
C01165,ITEM_050,view,1,2026-05-06
C00977,ITEM_035,view,1,2026-04-01
C00943,ITEM_006,view,1,2026-04-04
C00974,ITEM_020,purchase,5,2026-05-24
C01198,ITEM_046,play,3,2026-02-22
C00555,ITEM_006,play,3,2026-06-07
C00910,ITEM_043,view,1,2026-06-27
C00983,ITEM_066,play,3,2026-01-21
C00139,ITEM_035,view,1,2026-04-03
C00828,ITEM_049,play,3,2026-01-04
C00406,ITEM_017,view,1,2026-03-02
C00158,ITEM_046,play,3,2026-03-09
C00204,ITEM_014,play,3,2026-04-30
C00137,ITEM_057,view,1,2026-03-12
C01077,ITEM_042,view,1,2026-03-07
C00926,ITEM_048,view,1,2026-05-20
C00122,ITEM_025,view,1,2026-05-17
C00750,ITEM_028,view,1,2026-01-02
C00792,ITEM_052,view,1,2026-03-02
C00623,ITEM_049,view,1,2026-05-18
C00727,ITEM_055,view,1,2026-01-19
C01088,ITEM_011,play,3,2026-04-07
C00622,ITEM_015,view,1,2026-03-30
C00791,ITEM_023,view,1,2026-05-06
C00685,ITEM_030,play,3,2026-05-02
C00475,ITEM_042,view,1,2026-04-02
C01069,ITEM_041,play,3,2026-03-16
C00496,ITEM_005,purchase,5,2026-05-23
C00959,ITEM_002,play,3,2026-03-10
C00726,ITEM_065,view,1,2026-03-20
C00821,ITEM_046,view,1,2026-03-17
C00912,ITEM_003,play,3,2026-03-04
C00883,ITEM_068,play,3,2026-04-24
C00677,ITEM_029,view,1,2026-04-25
C00738,ITEM_052,play,3,2026-06-11
C00610,ITEM_036,play,3,2026-03-22
C00406,ITEM_015,play,3,2026-05-17
C00872,ITEM_054,view,1,2026-02-24
C01054,ITEM_029,view,1,2026-06-23
C00846,ITEM_012,view,1,2026-06-14
C00926,ITEM_017,view,1,2026-04-17
C00996,ITEM_065,play,3,2026-05-11
C00440,ITEM_041,view,1,2026-04-15
C00075,ITEM_034,view,1,2026-02-05
C00405,ITEM_062,view,1,2026-06-19
C00905,ITEM_020,play,3,2026-05-14
C00978,ITEM_012,play,3,2026-03-17
C00616,ITEM_007,play,3,2026-02-15
C00934,ITEM_008,purchase,5,2026-05-01
C00089,ITEM_074,purchase,5,2026-03-19
C00772,ITEM_072,view,1,2026-05-30
C00814,ITEM_032,view,1,2026-02-09
C00609,ITEM_037,play,3,2026-04-04
C00859,ITEM_030,play,3,2026-01-21
C00589,ITEM_043,view,1,2026-05-09
C00628,ITEM_014,purchase,5,2026-03-13
C00724,ITEM_052,view,1,2026-02-04
C00952,ITEM_040,purchase,5,2026-04-10
C00298,ITEM_073,view,1,2026-04-13
C00360,ITEM_025,view,1,2026-02-24
C00502,ITEM_060,play,3,2026-06-19
C00242,ITEM_013,play,3,2026-01-14
C00401,ITEM_007,play,3,2026-03-01
C00420,ITEM_060,view,1,2026-02-14
C00377,ITEM_071,view,1,2026-06-16
C00492,ITEM_071,view,1,2026-02-14
C00605,ITEM_004,view,1,2026-02-09
C00835,ITEM_028,view,1,2026-04-17
C00363,ITEM_037,view,1,2026-02-16
C01014,ITEM_022,view,1,2026-02-20
C00575,ITEM_023,view,1,2026-02-14
C00865,ITEM_029,view,1,2026-04-07
C00137,ITEM_001,view,1,2026-05-15
C00208,ITEM_073,view,1,2026-03-26
C00544,ITEM_024,purchase,5,2026-06-10
C00439,ITEM_046,purchase,5,2026-02-17
C00595,ITEM_063,play,3,2026-06-02
C00190,ITEM_013,view,1,2026-05-14
C00568,ITEM_016,play,3,2026-01-14
C00824,ITEM_050,view,1,2026-05-01
C00874,ITEM_079,view,1,2026-06-28
C00297,ITEM_032,play,3,2026-05-03
C00413,ITEM_072,view,1,2026-02-16
C00630,ITEM_001,purchase,5,2026-03-20
C00621,ITEM_058,play,3,2026-06-06
C00950,ITEM_077,view,1,2026-02-26
C00468,ITEM_059,view,1,2026-03-27
C00805,ITEM_009,play,3,2026-04-17
C01060,ITEM_000,view,1,2026-05-29
C00358,ITEM_033,view,1,2026-06-22
C00987,ITEM_044,view,1,2026-05-07
C00399,ITEM_052,purchase,5,2026-03-20
C00401,ITEM_074,view,1,2026-03-15
C00784,ITEM_046,purchase,5,2026-04-30
C00746,ITEM_021,play,3,2026-01-14
C00659,ITEM_000,view,1,2026-03-21
C00277,ITEM_074,view,1,2026-03-05
C00115,ITEM_048,play,3,2026-06-17
C01090,ITEM_054,view,1,2026-06-03
C01048,ITEM_058,view,1,2026-02-17
C01064,ITEM_064,view,1,2026-04-28
C00615,ITEM_067,play,3,2026-03-24
C01061,ITEM_069,play,3,2026-05-30
C00568,ITEM_014,view,1,2026-03-30
C00090,ITEM_023,view,1,2026-04-26
C00238,ITEM_002,view,1,2026-05-12
C00327,ITEM_009,play,3,2026-05-29
C00452,ITEM_075,view,1,2026-05-10
C01126,ITEM_033,purchase,5,2026-02-23
C00399,ITEM_054,play,3,2026-05-14
C00735,ITEM_045,view,1,2026-02-26
C00324,ITEM_036,play,3,2026-05-12
C00771,ITEM_012,play,3,2026-06-20
C00680,ITEM_058,play,3,2026-03-26
C00180,ITEM_060,view,1,2026-06-10
C00554,ITEM_012,purchase,5,2026-01-29
C00126,ITEM_025,view,1,2026-03-18
C01067,ITEM_076,play,3,2026-06-06
C00844,ITEM_068,view,1,2026-05-12
C01129,ITEM_052,view,1,2026-02-28
C01050,ITEM_076,purchase,5,2026-04-01
C00263,ITEM_070,view,1,2026-01-20
C00848,ITEM_049,view,1,2026-05-27
C00120,ITEM_044,play,3,2026-01-24
C01152,ITEM_051,view,1,2026-04-12
C00942,ITEM_064,play,3,2026-03-31
C00816,ITEM_076,purchase,5,2026-04-22
C01193,ITEM_026,view,1,2026-03-18
C01016,ITEM_024,view,1,2026-01-16
C01036,ITEM_010,purchase,5,2026-04-30
C00120,ITEM_000,purchase,5,2026-06-11
C00028,ITEM_028,view,1,2026-04-21
C01153,ITEM_019,play,3,2026-01-08
C00301,ITEM_071,view,1,2026-01-20
C00511,ITEM_039,view,1,2026-02-19
C00052,ITEM_055,play,3,2026-02-23
C00747,ITEM_016,view,1,2026-01-23
C00984,ITEM_036,view,1,2026-06-11
C01010,ITEM_064,view,1,2026-05-13
C00697,ITEM_018,play,3,2026-05-19
C00793,ITEM_031,view,1,2026-06-23
C00616,ITEM_047,view,1,2026-06-06
C00535,ITEM_016,view,1,2026-01-31
C00665,ITEM_047,view,1,2026-01-04
C01123,ITEM_049,purchase,5,2026-05-12
C00302,ITEM_042,view,1,2026-06-14
C00564,ITEM_013,view,1,2026-05-07
C00721,ITEM_059,purchase,5,2026-06-04
C00684,ITEM_067,view,1,2026-04-20
C00036,ITEM_019,view,1,2026-03-23
C00344,ITEM_008,play,3,2026-01-24
C00775,ITEM_040,play,3,2026-05-02
C00832,ITEM_013,view,1,2026-02-22
C00881,ITEM_024,play,3,2026-02-18
C01189,ITEM_052,play,3,2026-06-07
C00807,ITEM_016,play,3,2026-04-29
C00695,ITEM_029,view,1,2026-03-22
C00398,ITEM_026,play,3,2026-05-24
C00444,ITEM_057,view,1,2026-05-12
C00991,ITEM_064,play,3,2026-03-29
C00562,ITEM_069,purchase,5,2026-06-25
C00858,ITEM_009,play,3,2026-01-06
C00148,ITEM_061,play,3,2026-03-30
C00153,ITEM_022,view,1,2026-03-16
C00258,ITEM_071,view,1,2026-01-23
C00234,ITEM_042,view,1,2026-05-11
C00728,ITEM_073,view,1,2026-01-19
C00764,ITEM_032,play,3,2026-05-07
C00669,ITEM_025,play,3,2026-05-16
C00347,ITEM_066,view,1,2026-03-29
C00692,ITEM_028,view,1,2026-02-13
C00143,ITEM_062,play,3,2026-06-27
C00567,ITEM_004,view,1,2026-05-07
C00185,ITEM_054,view,1,2026-01-22
C00092,ITEM_072,view,1,2026-05-13
C00198,ITEM_022,view,1,2026-01-29
C00133,ITEM_078,play,3,2026-04-23
C00573,ITEM_001,view,1,2026-02-16
C00654,ITEM_010,view,1,2026-04-25
C00728,ITEM_025,view,1,2026-05-25
C00527,ITEM_025,view,1,2026-05-22
C00211,ITEM_048,view,1,2026-05-18
C00025,ITEM_069,view,1,2026-05-08
C00854,ITEM_008,play,3,2026-05-20
C01179,ITEM_059,play,3,2026-06-12
C00337,ITEM_065,view,1,2026-06-08
C00245,ITEM_046,view,1,2026-05-20
C00373,ITEM_078,play,3,2026-03-21
C00257,ITEM_007,view,1,2026-02-22
C00268,ITEM_059,view,1,2026-02-27
C00593,ITEM_033,view,1,2026-04-21
C00942,ITEM_033,view,1,2026-04-19
C00854,ITEM_048,purchase,5,2026-03-18
C01151,ITEM_063,view,1,2026-03-15
C00428,ITEM_038,purchase,5,2026-05-11
C00590,ITEM_021,play,3,2026-04-05
C00456,ITEM_021,purchase,5,2026-01-04
C00050,ITEM_076,play,3,2026-01-26
C00466,ITEM_033,play,3,2026-03-01
C00312,ITEM_029,view,1,2026-03-13
C00574,ITEM_045,play,3,2026-05-12
C00189,ITEM_055,view,1,2026-03-27
C00889,ITEM_002,play,3,2026-03-18
C01011,ITEM_001,play,3,2026-01-16
C01152,ITEM_045,view,1,2026-01-12
C00101,ITEM_050,view,1,2026-06-29
C00141,ITEM_039,view,1,2026-06-05
C01159,ITEM_023,view,1,2026-01-07
C01017,ITEM_062,view,1,2026-03-23
C00706,ITEM_008,view,1,2026-06-15
C00385,ITEM_051,view,1,2026-05-09
C00621,ITEM_034,view,1,2026-01-15
C00642,ITEM_029,view,1,2026-03-19
C01016,ITEM_008,view,1,2026-06-04
C00635,ITEM_053,view,1,2026-02-23
C00033,ITEM_014,view,1,2026-04-09
C00839,ITEM_043,view,1,2026-02-28
C00932,ITEM_071,purchase,5,2026-02-05
C00357,ITEM_059,view,1,2026-06-04
C00139,ITEM_005,view,1,2026-02-11
C00170,ITEM_078,view,1,2026-04-15
C01008,ITEM_049,play,3,2026-03-05
C00537,ITEM_066,view,1,2026-04-21
C00635,ITEM_004,view,1,2026-05-23
C01152,ITEM_073,view,1,2026-04-10
C00073,ITEM_057,view,1,2026-01-27
C00247,ITEM_070,view,1,2026-02-21
C00999,ITEM_078,purchase,5,2026-02-13
C00648,ITEM_067,purchase,5,2026-05-04
C00032,ITEM_034,view,1,2026-05-05
C00843,ITEM_067,view,1,2026-01-26
C00166,ITEM_077,view,1,2026-04-21
C00938,ITEM_072,purchase,5,2026-03-25
C00957,ITEM_051,purchase,5,2026-03-17
C00989,ITEM_076,view,1,2026-06-04
C00557,ITEM_047,view,1,2026-01-11
C00321,ITEM_035,view,1,2026-05-11
C01057,ITEM_013,play,3,2026-04-11
C00670,ITEM_037,view,1,2026-02-16
C00762,ITEM_076,view,1,2026-02-11
C00163,ITEM_009,view,1,2026-01-30
C00748,ITEM_068,view,1,2026-04-21
C00696,ITEM_051,play,3,2026-04-28
C00350,ITEM_010,view,1,2026-02-19
C00920,ITEM_018,view,1,2026-03-10
C00160,ITEM_002,play,3,2026-06-26
C00863,ITEM_059,play,3,2026-05-07
C01153,ITEM_028,play,3,2026-04-17
C00680,ITEM_014,play,3,2026-01-22
C00125,ITEM_012,view,1,2026-04-13
C00663,ITEM_040,view,1,2026-03-12
C00634,ITEM_026,view,1,2026-05-31
C00662,ITEM_072,play,3,2026-02-04
C00327,ITEM_076,purchase,5,2026-06-28
C00751,ITEM_016,view,1,2026-06-19
C00316,ITEM_068,play,3,2026-05-21
C00669,ITEM_004,play,3,2026-04-01
C00713,ITEM_035,purchase,5,2026-04-17
C00775,ITEM_046,view,1,2026-06-13
C00957,ITEM_022,view,1,2026-06-05
C01059,ITEM_051,play,3,2026-05-26
C00932,ITEM_046,play,3,2026-02-02
C00955,ITEM_074,play,3,2026-03-15
C01042,ITEM_074,play,3,2026-05-18
C00290,ITEM_065,view,1,2026-01-23
C00351,ITEM_063,play,3,2026-05-03
C00639,ITEM_027,view,1,2026-03-06
C00558,ITEM_069,view,1,2026-04-12
C00842,ITEM_028,view,1,2026-06-15
C00011,ITEM_060,view,1,2026-06-06
C00166,ITEM_038,view,1,2026-03-08
C00896,ITEM_040,play,3,2026-05-08
C00986,ITEM_064,play,3,2026-01-02
C00362,ITEM_011,view,1,2026-05-10
C00373,ITEM_068,view,1,2026-01-25
C00673,ITEM_065,view,1,2026-06-13
C00572,ITEM_037,view,1,2026-02-23
C00203,ITEM_052,view,1,2026-05-06
C00600,ITEM_021,view,1,2026-04-30
C00983,ITEM_061,purchase,5,2026-02-15
C00875,ITEM_009,view,1,2026-05-31
C00980,ITEM_058,play,3,2026-02-03
C00772,ITEM_054,play,3,2026-06-12
C01052,ITEM_019,view,1,2026-04-03
C00299,ITEM_065,view,1,2026-03-25
C00055,ITEM_022,view,1,2026-02-12
C00136,ITEM_043,view,1,2026-01-02
C01190,ITEM_068,play,3,2026-05-06
C00768,ITEM_004,view,1,2026-05-12
C00297,ITEM_032,view,1,2026-06-01
C01024,ITEM_050,view,1,2026-06-23
C00371,ITEM_014,view,1,2026-02-22
C00716,ITEM_041,purchase,5,2026-04-13
C00299,ITEM_051,view,1,2026-06-14
C00113,ITEM_069,play,3,2026-04-13
C00321,ITEM_023,view,1,2026-05-15
C00273,ITEM_066,view,1,2026-05-09
C00663,ITEM_051,view,1,2026-06-27
C00024,ITEM_040,purchase,5,2026-03-03
C00287,ITEM_047,view,1,2026-02-05
C00681,ITEM_079,play,3,2026-06-14
C00472,ITEM_053,view,1,2026-03-25
C00763,ITEM_034,view,1,2026-02-04
C00786,ITEM_079,view,1,2026-04-26
C01158,ITEM_055,play,3,2026-06-03
C01003,ITEM_022,view,1,2026-05-18
C00273,ITEM_048,view,1,2026-03-02
C00831,ITEM_078,play,3,2026-06-14
C00752,ITEM_055,view,1,2026-01-08
C00713,ITEM_061,view,1,2026-06-10
C00958,ITEM_052,view,1,2026-02-02
C00177,ITEM_068,view,1,2026-02-12
C00450,ITEM_006,view,1,2026-02-26
C00979,ITEM_064,view,1,2026-03-18
C01070,ITEM_072,view,1,2026-01-09
C00044,ITEM_001,view,1,2026-05-10
C00565,ITEM_063,play,3,2026-01-24
C00317,ITEM_040,purchase,5,2026-01-24
C00201,ITEM_030,play,3,2026-01-01
C00068,ITEM_008,view,1,2026-06-22
C00645,ITEM_025,play,3,2026-01-09
C00800,ITEM_053,view,1,2026-05-15
C00637,ITEM_041,play,3,2026-04-25
C00442,ITEM_004,view,1,2026-05-30
C00925,ITEM_024,view,1,2026-03-23
C00782,ITEM_002,play,3,2026-06-13
C01090,ITEM_029,view,1,2026-03-26
C00416,ITEM_072,play,3,2026-02-02
C00286,ITEM_060,play,3,2026-06-12
C00546,ITEM_073,view,1,2026-03-17
C00608,ITEM_013,view,1,2026-01-02
C00549,ITEM_049,view,1,2026-04-28
C00998,ITEM_024,play,3,2026-02-27
C00054,ITEM_036,play,3,2026-05-29
C00633,ITEM_077,view,1,2026-01-28
C00516,ITEM_066,play,3,2026-05-13
C00253,ITEM_055,view,1,2026-05-30
C00769,ITEM_077,view,1,2026-01-22
C00961,ITEM_039,view,1,2026-04-16
C00655,ITEM_004,view,1,2026-04-27
C00101,ITEM_072,view,1,2026-06-15
C00090,ITEM_008,view,1,2026-02-22
C00505,ITEM_021,play,3,2026-03-29
C00801,ITEM_072,purchase,5,2026-03-15
C00376,ITEM_070,purchase,5,2026-03-09
C00370,ITEM_007,view,1,2026-06-28
C01032,ITEM_068,view,1,2026-04-29
C00017,ITEM_057,play,3,2026-01-29
C00095,ITEM_008,view,1,2026-06-05
C00186,ITEM_044,view,1,2026-01-19
C01180,ITEM_021,view,1,2026-06-07
C00597,ITEM_041,view,1,2026-03-15
C00189,ITEM_014,play,3,2026-05-02
C00372,ITEM_007,view,1,2026-06-05
C01163,ITEM_052,view,1,2026-06-06
C00833,ITEM_058,play,3,2026-01-30
C00268,ITEM_015,view,1,2026-03-14
C00288,ITEM_048,view,1,2026-01-15
C00089,ITEM_039,view,1,2026-04-26
C00927,ITEM_074,purchase,5,2026-03-17
C00164,ITEM_045,play,3,2026-06-29
C00343,ITEM_038,view,1,2026-04-24
C00418,ITEM_000,play,3,2026-03-20
C00745,ITEM_072,purchase,5,2026-01-28
C00727,ITEM_052,view,1,2026-02-21
C00959,ITEM_014,view,1,2026-05-25
C00356,ITEM_000,view,1,2026-01-26
C00462,ITEM_016,play,3,2026-06-02
C00466,ITEM_040,view,1,2026-04-19
C00056,ITEM_075,view,1,2026-04-05
C00885,ITEM_049,view,1,2026-03-27
C00642,ITEM_007,play,3,2026-01-06
C00570,ITEM_015,play,3,2026-02-10
C01194,ITEM_018,view,1,2026-04-03
C00214,ITEM_006,view,1,2026-03-29
C01162,ITEM_011,play,3,2026-02-08
C00816,ITEM_007,view,1,2026-05-25
C00265,ITEM_056,play,3,2026-03-22
C00814,ITEM_054,view,1,2026-03-11
C00906,ITEM_062,purchase,5,2026-05-17
C00434,ITEM_014,view,1,2026-01-27
C00413,ITEM_072,play,3,2026-01-10
C01002,ITEM_029,view,1,2026-02-28
C00192,ITEM_011,view,1,2026-01-01
C00016,ITEM_012,play,3,2026-03-08
C00799,ITEM_025,view,1,2026-01-25
C01087,ITEM_007,play,3,2026-04-29
C00601,ITEM_025,view,1,2026-01-09
C00161,ITEM_052,view,1,2026-02-07
C00647,ITEM_077,play,3,2026-02-16
C00302,ITEM_000,view,1,2026-04-18
C00992,ITEM_046,play,3,2026-03-14
C00734,ITEM_018,view,1,2026-05-19
C00403,ITEM_026,view,1,2026-05-21
C00749,ITEM_051,play,3,2026-03-11
C00800,ITEM_023,view,1,2026-01-06
C00814,ITEM_035,view,1,2026-06-22
C00439,ITEM_025,view,1,2026-03-05
C00684,ITEM_028,view,1,2026-04-07
C00051,ITEM_056,play,3,2026-06-17
C00484,ITEM_023,view,1,2026-04-28
C00453,ITEM_043,view,1,2026-04-14
C00641,ITEM_063,view,1,2026-03-03
C01140,ITEM_049,view,1,2026-05-29
C01144,ITEM_060,view,1,2026-02-05
C00579,ITEM_037,view,1,2026-03-29
C00775,ITEM_037,play,3,2026-03-04
C00129,ITEM_002,play,3,2026-01-18
C00578,ITEM_056,view,1,2026-02-19
C00825,ITEM_054,view,1,2026-02-03
C00819,ITEM_040,view,1,2026-01-17
C01156,ITEM_057,view,1,2026-05-17
C00559,ITEM_052,view,1,2026-05-08
C01089,ITEM_014,purchase,5,2026-06-05
C01174,ITEM_017,play,3,2026-01-06
C00686,ITEM_051,view,1,2026-03-26
C00109,ITEM_007,view,1,2026-04-29
C00451,ITEM_070,play,3,2026-03-30
C00917,ITEM_027,purchase,5,2026-01-05
C00696,ITEM_048,view,1,2026-03-23
C01123,ITEM_041,play,3,2026-01-23
C00979,ITEM_053,view,1,2026-01-04
C00075,ITEM_028,play,3,2026-05-12
C01033,ITEM_056,view,1,2026-01-18
C00428,ITEM_013,view,1,2026-02-23
C00982,ITEM_025,view,1,2026-06-28
C00609,ITEM_003,view,1,2026-06-20
C00546,ITEM_012,view,1,2026-01-08
C00086,ITEM_004,view,1,2026-03-14
C00142,ITEM_037,play,3,2026-03-04
C00714,ITEM_005,view,1,2026-04-22
C00683,ITEM_018,play,3,2026-05-05
C00665,ITEM_038,view,1,2026-01-14
C00187,ITEM_054,play,3,2026-03-18
C00611,ITEM_001,view,1,2026-02-20
C00073,ITEM_057,view,1,2026-06-26
C00172,ITEM_041,view,1,2026-02-22
C00598,ITEM_000,purchase,5,2026-01-06
C00740,ITEM_007,play,3,2026-04-23
C00786,ITEM_076,view,1,2026-06-07
C01178,ITEM_035,play,3,2026-05-28
C01024,ITEM_074,view,1,2026-01-25
C00455,ITEM_041,view,1,2026-05-14
C00939,ITEM_010,view,1,2026-02-06
C00114,ITEM_058,play,3,2026-01-27
C01028,ITEM_038,purchase,5,2026-04-06
C00463,ITEM_030,purchase,5,2026-05-25
C00912,ITEM_016,view,1,2026-06-06
C01164,ITEM_035,view,1,2026-04-22
C00843,ITEM_077,play,3,2026-03-16
C01104,ITEM_017,view,1,2026-04-16
C00012,ITEM_045,view,1,2026-02-22
C00204,ITEM_002,purchase,5,2026-01-25
C00751,ITEM_056,view,1,2026-03-14
C00648,ITEM_071,view,1,2026-01-31
C00144,ITEM_078,play,3,2026-01-17
C00862,ITEM_064,play,3,2026-05-15
C00070,ITEM_053,purchase,5,2026-05-31
C01188,ITEM_046,play,3,2026-05-15
C00187,ITEM_069,view,1,2026-06-14
C00534,ITEM_000,play,3,2026-03-29
C00987,ITEM_019,play,3,2026-05-02
C00616,ITEM_003,purchase,5,2026-02-06
C00892,ITEM_018,view,1,2026-03-22
C00844,ITEM_017,view,1,2026-01-19
C01138,ITEM_035,view,1,2026-04-21
C00556,ITEM_055,view,1,2026-03-20
C01174,ITEM_070,purchase,5,2026-04-10
C00620,ITEM_047,purchase,5,2026-06-03
C01071,ITEM_003,view,1,2026-01-10
C00879,ITEM_007,purchase,5,2026-03-22
C00159,ITEM_035,view,1,2026-03-12
C00772,ITEM_049,play,3,2026-05-14
C01054,ITEM_065,play,3,2026-04-29
C00154,ITEM_029,play,3,2026-05-10
C01006,ITEM_014,play,3,2026-06-02
C00126,ITEM_011,play,3,2026-02-23
C01045,ITEM_049,play,3,2026-03-06
C00946,ITEM_079,view,1,2026-03-04
C00182,ITEM_005,play,3,2026-05-28
C00871,ITEM_000,view,1,2026-03-25
C00140,ITEM_000,view,1,2026-05-17
C00681,ITEM_043,play,3,2026-02-14
C01108,ITEM_025,play,3,2026-06-17
C00247,ITEM_065,purchase,5,2026-03-29
C00208,ITEM_064,view,1,2026-06-28
C00507,ITEM_040,view,1,2026-03-22
C00442,ITEM_003,view,1,2026-01-08
C00058,ITEM_045,play,3,2026-02-17
C00547,ITEM_029,purchase,5,2026-03-20
C00311,ITEM_066,play,3,2026-01-24
C00149,ITEM_058,view,1,2026-05-20
C00331,ITEM_076,play,3,2026-03-04
C00024,ITEM_029,view,1,2026-05-29
C01098,ITEM_025,purchase,5,2026-06-23
C01192,ITEM_038,view,1,2026-01-15
C00441,ITEM_066,view,1,2026-02-20
C01051,ITEM_040,view,1,2026-04-20
C00553,ITEM_026,play,3,2026-06-05
C01094,ITEM_072,view,1,2026-06-11
C00207,ITEM_031,view,1,2026-02-04
C00341,ITEM_070,play,3,2026-02-10
C00887,ITEM_051,purchase,5,2026-02-05
C00264,ITEM_005,play,3,2026-03-04
C00988,ITEM_039,view,1,2026-04-21
C00511,ITEM_055,play,3,2026-03-13
C00484,ITEM_073,view,1,2026-05-11
C00543,ITEM_043,view,1,2026-03-13
C00957,ITEM_001,view,1,2026-04-17
C00006,ITEM_028,view,1,2026-04-12
C00900,ITEM_077,view,1,2026-02-15
C00935,ITEM_039,view,1,2026-01-11
C00985,ITEM_030,view,1,2026-02-09
C01196,ITEM_070,play,3,2026-05-21
C00938,ITEM_033,view,1,2026-05-15
C00634,ITEM_061,view,1,2026-01-23
C00559,ITEM_001,view,1,2026-03-11
C00465,ITEM_045,play,3,2026-05-27
C00992,ITEM_001,play,3,2026-05-26
C00471,ITEM_014,view,1,2026-01-04
C00687,ITEM_043,play,3,2026-05-22
C00115,ITEM_049,play,3,2026-05-22
C00380,ITEM_009,play,3,2026-01-21
C00319,ITEM_039,view,1,2026-03-05
C00522,ITEM_032,view,1,2026-01-10
C00602,ITEM_035,view,1,2026-04-29
C00859,ITEM_064,view,1,2026-06-05
C00518,ITEM_075,view,1,2026-02-02
C00180,ITEM_005,purchase,5,2026-03-05
C00654,ITEM_079,view,1,2026-04-07
C00065,ITEM_004,view,1,2026-01-13
C01018,ITEM_076,purchase,5,2026-02-23
C00924,ITEM_049,view,1,2026-02-09
C00270,ITEM_059,view,1,2026-01-01
C00315,ITEM_019,purchase,5,2026-05-01
C00033,ITEM_047,view,1,2026-05-11
C00437,ITEM_047,view,1,2026-01-15
C00045,ITEM_025,view,1,2026-01-24
C01123,ITEM_040,view,1,2026-01-13
C00161,ITEM_075,play,3,2026-06-19
C00791,ITEM_008,view,1,2026-04-13
C00684,ITEM_036,play,3,2026-04-08
C00284,ITEM_026,view,1,2026-01-16
C00969,ITEM_016,purchase,5,2026-01-01
C00130,ITEM_038,view,1,2026-06-17
C01064,ITEM_008,purchase,5,2026-06-20
C00888,ITEM_009,view,1,2026-04-09
C00762,ITEM_066,play,3,2026-01-24
C01055,ITEM_025,play,3,2026-01-06
C00483,ITEM_026,view,1,2026-05-31
C00337,ITEM_052,view,1,2026-04-06
C00185,ITEM_061,play,3,2026-03-01
C01109,ITEM_069,view,1,2026-01-03
C00481,ITEM_050,view,1,2026-04-13
C00995,ITEM_021,play,3,2026-06-08
C00398,ITEM_022,purchase,5,2026-05-31
C01145,ITEM_056,purchase,5,2026-05-12
C01044,ITEM_068,view,1,2026-01-10
C00369,ITEM_073,view,1,2026-05-17
C00584,ITEM_067,view,1,2026-05-03
C00952,ITEM_050,play,3,2026-06-01
C00271,ITEM_013,purchase,5,2026-01-27
C00028,ITEM_033,view,1,2026-06-05
C00346,ITEM_009,view,1,2026-05-09
C00708,ITEM_035,view,1,2026-05-18
C00163,ITEM_048,view,1,2026-01-29
C00400,ITEM_053,purchase,5,2026-06-03
C01102,ITEM_018,play,3,2026-01-04
C00090,ITEM_055,view,1,2026-02-10
C00060,ITEM_026,view,1,2026-01-28
C00508,ITEM_055,view,1,2026-02-11
C00015,ITEM_074,play,3,2026-04-23
C00033,ITEM_023,play,3,2026-06-16
C00219,ITEM_014,view,1,2026-06-27
C00122,ITEM_077,view,1,2026-01-20
C00973,ITEM_037,purchase,5,2026-06-24
C00147,ITEM_018,play,3,2026-01-20
C00628,ITEM_023,view,1,2026-05-15
C00846,ITEM_037,view,1,2026-02-03
C00751,ITEM_027,purchase,5,2026-05-29
C00784,ITEM_072,play,3,2026-03-04
C00429,ITEM_029,purchase,5,2026-06-07
C01066,ITEM_037,view,1,2026-04-08
C00082,ITEM_020,view,1,2026-04-06
C00128,ITEM_056,view,1,2026-03-21
C01027,ITEM_061,play,3,2026-02-11
C00082,ITEM_045,play,3,2026-04-03
C00230,ITEM_064,view,1,2026-04-29
C00207,ITEM_021,purchase,5,2026-01-26
C00039,ITEM_043,purchase,5,2026-01-26
C00140,ITEM_058,view,1,2026-03-18
C00687,ITEM_071,play,3,2026-05-30
C00793,ITEM_026,play,3,2026-03-05
C00099,ITEM_010,view,1,2026-03-16
C01130,ITEM_062,play,3,2026-06-22
C00114,ITEM_040,view,1,2026-02-17
C00824,ITEM_004,purchase,5,2026-03-07
C00960,ITEM_066,play,3,2026-06-01
C00624,ITEM_039,purchase,5,2026-04-04
C00589,ITEM_049,play,3,2026-01-21
C00130,ITEM_028,view,1,2026-02-08
C00289,ITEM_078,view,1,2026-06-25
C01020,ITEM_034,play,3,2026-05-26
C00418,ITEM_047,view,1,2026-06-21
C00041,ITEM_042,play,3,2026-03-28
C00875,ITEM_076,view,1,2026-04-20
C00820,ITEM_048,view,1,2026-01-25
C00079,ITEM_007,view,1,2026-05-09
C00061,ITEM_068,play,3,2026-04-13
C00139,ITEM_003,view,1,2026-01-07
C00061,ITEM_042,play,3,2026-06-02
C00739,ITEM_028,view,1,2026-03-20
C00159,ITEM_038,play,3,2026-06-28
C00728,ITEM_067,play,3,2026-06-09
C00211,ITEM_008,view,1,2026-03-17
C01166,ITEM_004,view,1,2026-01-03
C00871,ITEM_072,view,1,2026-01-27
C00449,ITEM_020,view,1,2026-02-22
C00514,ITEM_035,play,3,2026-02-23
C00078,ITEM_078,view,1,2026-03-05
C00065,ITEM_058,play,3,2026-06-21
C00645,ITEM_051,play,3,2026-05-02
C00027,ITEM_000,view,1,2026-02-04
C00766,ITEM_031,play,3,2026-05-07
C00458,ITEM_041,play,3,2026-01-11
C00167,ITEM_006,view,1,2026-01-12
C00642,ITEM_051,play,3,2026-04-27
C00663,ITEM_060,purchase,5,2026-02-09
C00895,ITEM_029,view,1,2026-03-20
C00237,ITEM_074,view,1,2026-05-29
C00656,ITEM_074,view,1,2026-03-11
C01013,ITEM_059,view,1,2026-02-04
C00323,ITEM_025,play,3,2026-06-29
C01002,ITEM_009,view,1,2026-02-21
C00868,ITEM_055,play,3,2026-04-29
C00515,ITEM_042,view,1,2026-01-30
C01059,ITEM_057,view,1,2026-01-30
C01160,ITEM_032,play,3,2026-05-16
C00284,ITEM_012,view,1,2026-06-11
C01175,ITEM_072,view,1,2026-01-05
C00002,ITEM_077,view,1,2026-06-25
C00155,ITEM_060,view,1,2026-02-24
C00051,ITEM_001,view,1,2026-06-27
C00441,ITEM_064,view,1,2026-04-06
C01124,ITEM_079,play,3,2026-05-18
C00720,ITEM_033,view,1,2026-01-02
C00739,ITEM_040,play,3,2026-01-29
C00101,ITEM_001,play,3,2026-06-21
C00619,ITEM_048,view,1,2026-01-30
C00459,ITEM_060,view,1,2026-06-06
C00575,ITEM_016,play,3,2026-01-22
C00313,ITEM_050,view,1,2026-04-27
C00241,ITEM_020,view,1,2026-03-08
C01142,ITEM_011,view,1,2026-03-21
C00670,ITEM_001,play,3,2026-05-08
C00493,ITEM_060,view,1,2026-01-28
C00088,ITEM_016,view,1,2026-03-03
C00915,ITEM_011,view,1,2026-04-10
C00567,ITEM_076,play,3,2026-03-06
C00464,ITEM_059,view,1,2026-02-13
C00800,ITEM_020,play,3,2026-01-08
C00158,ITEM_057,view,1,2026-04-25
C00639,ITEM_039,view,1,2026-01-12
C01035,ITEM_000,view,1,2026-01-27
C00556,ITEM_021,view,1,2026-02-12
C00000,ITEM_061,view,1,2026-05-10
C00275,ITEM_057,play,3,2026-01-22
C00067,ITEM_032,view,1,2026-02-28
C00600,ITEM_078,purchase,5,2026-01-14
C00437,ITEM_040,view,1,2026-04-01
C00158,ITEM_001,view,1,2026-02-02
C00824,ITEM_077,view,1,2026-01-30
C00211,ITEM_001,play,3,2026-02-27
C00410,ITEM_073,view,1,2026-02-16
C01185,ITEM_006,view,1,2026-01-09
C00079,ITEM_030,play,3,2026-03-23
C00297,ITEM_004,view,1,2026-04-01
C00381,ITEM_056,play,3,2026-03-24
C00610,ITEM_024,play,3,2026-03-21
C00293,ITEM_041,view,1,2026-06-29
C01164,ITEM_015,play,3,2026-02-19
C00006,ITEM_065,view,1,2026-03-02
C01137,ITEM_036,play,3,2026-04-02
C00641,ITEM_025,purchase,5,2026-01-16
C00045,ITEM_001,play,3,2026-06-27
C00139,ITEM_037,purchase,5,2026-04-05
C00123,ITEM_058,play,3,2026-05-06
C00344,ITEM_008,view,1,2026-02-27
C00399,ITEM_040,view,1,2026-05-05
C00769,ITEM_074,view,1,2026-06-07
C00373,ITEM_069,view,1,2026-04-15
C00870,ITEM_072,play,3,2026-02-07
C00352,ITEM_071,view,1,2026-05-04
C00316,ITEM_022,play,3,2026-06-04
C00330,ITEM_012,view,1,2026-05-05
C00395,ITEM_046,view,1,2026-04-30
C01005,ITEM_057,view,1,2026-03-25
C00296,ITEM_030,purchase,5,2026-02-03
C00327,ITEM_018,view,1,2026-05-10
C01148,ITEM_012,view,1,2026-03-14
C00784,ITEM_040,view,1,2026-02-11
C00228,ITEM_003,purchase,5,2026-03-30
C01041,ITEM_054,view,1,2026-01-05
C00219,ITEM_065,play,3,2026-04-04
C00194,ITEM_066,view,1,2026-04-09
C00534,ITEM_023,view,1,2026-03-13
C00829,ITEM_007,play,3,2026-05-07
C00227,ITEM_041,play,3,2026-04-16
C00903,ITEM_059,play,3,2026-03-07
C00188,ITEM_072,view,1,2026-05-10
C00938,ITEM_009,purchase,5,2026-01-22
C00115,ITEM_001,view,1,2026-04-02
C00557,ITEM_011,purchase,5,2026-01-26
C00768,ITEM_043,view,1,2026-04-19
C00318,ITEM_013,view,1,2026-01-04
C00734,ITEM_076,view,1,2026-06-04
C00826,ITEM_027,play,3,2026-01-06
C00780,ITEM_064,play,3,2026-03-31
C00476,ITEM_026,view,1,2026-04-30
C00927,ITEM_017,view,1,2026-03-16
C00877,ITEM_006,view,1,2026-02-08
C00391,ITEM_016,view,1,2026-02-14
C00880,ITEM_060,play,3,2026-06-01
C01102,ITEM_060,view,1,2026-01-24
C00980,ITEM_053,view,1,2026-05-08
C00879,ITEM_006,view,1,2026-02-22
C00919,ITEM_025,view,1,2026-01-03
C00965,ITEM_047,purchase,5,2026-03-15
C00346,ITEM_074,view,1,2026-01-18
C00865,ITEM_018,purchase,5,2026-05-18
C00239,ITEM_014,play,3,2026-05-19
C00430,ITEM_067,view,1,2026-02-09
C01121,ITEM_037,view,1,2026-05-20
C00339,ITEM_030,play,3,2026-05-07
C01012,ITEM_030,play,3,2026-05-02
C00507,ITEM_033,view,1,2026-01-15
C00251,ITEM_038,purchase,5,2026-01-24
C00116,ITEM_063,view,1,2026-01-29
C00657,ITEM_055,view,1,2026-05-28
C00541,ITEM_007,view,1,2026-02-28
C00613,ITEM_010,play,3,2026-04-06
C00051,ITEM_048,view,1,2026-03-26
C00321,ITEM_067,view,1,2026-06-29
C00004,ITEM_077,view,1,2026-02-02
C00362,ITEM_071,view,1,2026-05-21
C01117,ITEM_052,view,1,2026-01-21
C00182,ITEM_019,play,3,2026-06-26
C00827,ITEM_006,view,1,2026-04-12
C00006,ITEM_058,purchase,5,2026-02-17
C00674,ITEM_072,play,3,2026-03-16
C01105,ITEM_032,play,3,2026-05-12
C00409,ITEM_010,purchase,5,2026-03-16
C00236,ITEM_058,view,1,2026-01-13
C00684,ITEM_029,view,1,2026-02-25
C00334,ITEM_051,view,1,2026-06-14
C01069,ITEM_014,view,1,2026-03-08
C01018,ITEM_028,view,1,2026-03-30
C00782,ITEM_057,play,3,2026-02-03
C00766,ITEM_068,play,3,2026-01-05
C00722,ITEM_021,view,1,2026-02-18
C00882,ITEM_063,play,3,2026-06-06
C00552,ITEM_020,view,1,2026-04-08
C01163,ITEM_058,view,1,2026-03-09
C00414,ITEM_033,view,1,2026-04-05
C00010,ITEM_056,view,1,2026-05-27
C00838,ITEM_022,view,1,2026-06-13
C00794,ITEM_006,view,1,2026-02-27
C01177,ITEM_062,view,1,2026-05-30
C00474,ITEM_000,view,1,2026-05-25
C00509,ITEM_042,play,3,2026-01-02
C00674,ITEM_004,view,1,2026-06-10
C00470,ITEM_044,play,3,2026-02-11
C00941,ITEM_008,play,3,2026-05-18
C00513,ITEM_012,view,1,2026-06-09
C00940,ITEM_078,view,1,2026-04-14
C00510,ITEM_073,purchase,5,2026-02-26
C00270,ITEM_035,view,1,2026-06-03
C01188,ITEM_027,view,1,2026-03-27
C00631,ITEM_055,play,3,2026-05-19
C00848,ITEM_030,play,3,2026-05-02
C00709,ITEM_012,play,3,2026-02-27
C00431,ITEM_019,play,3,2026-04-08
C01166,ITEM_049,view,1,2026-02-06
C00445,ITEM_076,play,3,2026-01-01
C01191,ITEM_052,view,1,2026-05-05
C00516,ITEM_048,play,3,2026-02-07
C00027,ITEM_062,view,1,2026-04-04
C00044,ITEM_004,view,1,2026-01-19
C01168,ITEM_049,view,1,2026-04-28
C00633,ITEM_015,play,3,2026-01-31
C00465,ITEM_033,view,1,2026-02-14
C00973,ITEM_038,play,3,2026-01-27
C00740,ITEM_058,view,1,2026-06-15
C00792,ITEM_015,view,1,2026-04-23
C00822,ITEM_076,view,1,2026-04-30
C00238,ITEM_048,view,1,2026-03-15
C00105,ITEM_027,play,3,2026-06-04
C00873,ITEM_024,purchase,5,2026-01-12
C00026,ITEM_008,play,3,2026-03-16
C00863,ITEM_027,view,1,2026-01-15
C00155,ITEM_009,view,1,2026-05-06
C00315,ITEM_062,purchase,5,2026-06-21
C00849,ITEM_063,play,3,2026-05-18
C00747,ITEM_041,play,3,2026-01-28
C00937,ITEM_077,view,1,2026-05-22
C00733,ITEM_009,play,3,2026-02-15
C00057,ITEM_070,view,1,2026-03-04
C01007,ITEM_029,play,3,2026-04-14
C00258,ITEM_060,play,3,2026-03-23
C00163,ITEM_071,purchase,5,2026-02-03
C01054,ITEM_010,view,1,2026-04-06
C00233,ITEM_067,play,3,2026-02-05
C00643,ITEM_079,view,1,2026-05-10
C00583,ITEM_060,view,1,2026-01-14
C00923,ITEM_011,play,3,2026-05-26
C00052,ITEM_067,view,1,2026-06-26
C00128,ITEM_022,view,1,2026-05-15
C00498,ITEM_007,play,3,2026-04-20
C00567,ITEM_051,play,3,2026-03-21
C00945,ITEM_009,view,1,2026-04-06
C00726,ITEM_045,view,1,2026-04-03
C00178,ITEM_001,play,3,2026-06-09
C01174,ITEM_059,view,1,2026-01-23
C00551,ITEM_010,view,1,2026-04-17
C01157,ITEM_053,view,1,2026-04-09
C01187,ITEM_065,play,3,2026-02-17
C00062,ITEM_007,view,1,2026-03-16
C00607,ITEM_003,view,1,2026-03-27
C00506,ITEM_070,purchase,5,2026-01-07
C00597,ITEM_037,play,3,2026-03-27
C00371,ITEM_040,view,1,2026-01-31
C00670,ITEM_019,play,3,2026-03-13
C00590,ITEM_038,purchase,5,2026-02-20
C00223,ITEM_066,view,1,2026-05-16
C00346,ITEM_067,view,1,2026-06-22
C00176,ITEM_064,play,3,2026-01-20
C01012,ITEM_023,purchase,5,2026-02-16
C00812,ITEM_061,play,3,2026-01-29
C00465,ITEM_035,view,1,2026-03-29
C00474,ITEM_030,purchase,5,2026-03-08
C00094,ITEM_026,play,3,2026-03-23
C00347,ITEM_074,view,1,2026-01-13
C01109,ITEM_013,purchase,5,2026-06-06
C00037,ITEM_071,play,3,2026-06-27
C00175,ITEM_072,play,3,2026-06-14
C01015,ITEM_052,purchase,5,2026-03-31
C00624,ITEM_002,view,1,2026-05-01
C00038,ITEM_049,play,3,2026-01-10
C00587,ITEM_009,view,1,2026-04-20
C00899,ITEM_026,play,3,2026-04-20
C00414,ITEM_006,play,3,2026-05-13
C00458,ITEM_058,play,3,2026-05-21
C00757,ITEM_038,play,3,2026-01-01
C00718,ITEM_075,play,3,2026-03-15
C01083,ITEM_054,view,1,2026-03-29
C00297,ITEM_025,view,1,2026-03-28
C00331,ITEM_062,view,1,2026-04-09
C00186,ITEM_022,play,3,2026-05-07
C00797,ITEM_021,play,3,2026-04-16
C00640,ITEM_021,view,1,2026-02-12
C00416,ITEM_056,view,1,2026-04-30
C00834,ITEM_078,view,1,2026-04-18
C00452,ITEM_068,view,1,2026-02-05
C00234,ITEM_043,purchase,5,2026-04-24
C00647,ITEM_000,play,3,2026-04-04
C00523,ITEM_077,view,1,2026-05-25
C00486,ITEM_030,play,3,2026-03-12
C00533,ITEM_049,view,1,2026-06-10
C01097,ITEM_033,view,1,2026-04-07
C00259,ITEM_023,play,3,2026-06-19
C00330,ITEM_024,play,3,2026-01-19
C00678,ITEM_046,view,1,2026-01-23
C00056,ITEM_034,view,1,2026-02-09
C00175,ITEM_012,view,1,2026-05-27
C00679,ITEM_030,view,1,2026-04-02
C00611,ITEM_035,view,1,2026-05-02
C00783,ITEM_050,view,1,2026-01-04
C00136,ITEM_035,purchase,5,2026-03-08
C01024,ITEM_015,view,1,2026-03-05
C00582,ITEM_046,view,1,2026-06-16
C00186,ITEM_066,view,1,2026-01-19
C00373,ITEM_030,view,1,2026-06-04
C00272,ITEM_050,play,3,2026-03-08
C00542,ITEM_036,view,1,2026-05-20
C00563,ITEM_023,view,1,2026-02-22
C00520,ITEM_070,purchase,5,2026-01-11
C00553,ITEM_077,play,3,2026-05-03
C01089,ITEM_014,view,1,2026-02-01
C01150,ITEM_049,view,1,2026-01-27
C00587,ITEM_073,play,3,2026-06-15
C01155,ITEM_042,play,3,2026-02-10
C00982,ITEM_043,purchase,5,2026-06-26
C00983,ITEM_076,view,1,2026-03-04
C00270,ITEM_050,play,3,2026-02-19
C00526,ITEM_067,view,1,2026-03-23
C00422,ITEM_008,view,1,2026-02-19
C00115,ITEM_047,play,3,2026-06-16
C00090,ITEM_011,play,3,2026-04-20
C00746,ITEM_016,view,1,2026-05-14
C00504,ITEM_058,view,1,2026-01-14
C00990,ITEM_069,play,3,2026-02-13
C00802,ITEM_072,view,1,2026-04-18
C00102,ITEM_061,view,1,2026-03-29
C01005,ITEM_041,view,1,2026-06-24
C00595,ITEM_034,view,1,2026-05-11
C00679,ITEM_013,play,3,2026-02-23
C01158,ITEM_062,view,1,2026-03-23
C00768,ITEM_063,view,1,2026-05-14
C00026,ITEM_010,play,3,2026-03-15
C00212,ITEM_073,view,1,2026-04-05
C00511,ITEM_026,play,3,2026-05-24
C00044,ITEM_053,view,1,2026-02-21
C00200,ITEM_010,play,3,2026-01-18
C00950,ITEM_014,play,3,2026-03-16
C00171,ITEM_048,play,3,2026-02-09
C00200,ITEM_032,view,1,2026-04-10
C00605,ITEM_002,play,3,2026-06-03
C00109,ITEM_075,play,3,2026-05-18
C00306,ITEM_070,view,1,2026-05-12
C01125,ITEM_015,view,1,2026-04-08
C00757,ITEM_051,view,1,2026-06-09
C01156,ITEM_013,view,1,2026-06-16
C00425,ITEM_057,view,1,2026-05-17
C00739,ITEM_056,purchase,5,2026-01-22
C00286,ITEM_059,purchase,5,2026-02-23
C00454,ITEM_043,view,1,2026-06-22
C00209,ITEM_001,purchase,5,2026-01-14
C00999,ITEM_016,play,3,2026-04-10
C00220,ITEM_079,view,1,2026-04-26
C00245,ITEM_049,purchase,5,2026-03-12
C00556,ITEM_027,play,3,2026-05-07
C00515,ITEM_074,view,1,2026-01-14
C00376,ITEM_034,view,1,2026-02-09
C00428,ITEM_068,view,1,2026-02-23
C00354,ITEM_064,purchase,5,2026-01-31
C01095,ITEM_000,view,1,2026-03-20
C00696,ITEM_074,view,1,2026-03-26
C01103,ITEM_070,view,1,2026-06-18
C01184,ITEM_079,view,1,2026-03-29
C00781,ITEM_050,view,1,2026-05-17
C00990,ITEM_055,purchase,5,2026-01-16
C00132,ITEM_021,view,1,2026-01-11
C01139,ITEM_012,play,3,2026-03-13
C00578,ITEM_007,view,1,2026-03-01
C00856,ITEM_014,view,1,2026-06-16
C00294,ITEM_077,view,1,2026-03-30
C00114,ITEM_022,view,1,2026-03-29
C01061,ITEM_002,play,3,2026-06-03
C00539,ITEM_054,play,3,2026-06-05
C00166,ITEM_014,view,1,2026-05-20
C00790,ITEM_040,purchase,5,2026-03-20
C00065,ITEM_053,play,3,2026-02-08
C00540,ITEM_045,view,1,2026-01-07
C00845,ITEM_060,view,1,2026-01-10
C00864,ITEM_001,play,3,2026-05-27
C00543,ITEM_021,play,3,2026-01-24
C00443,ITEM_032,view,1,2026-03-16
C01006,ITEM_058,view,1,2026-04-01
C00221,ITEM_043,view,1,2026-04-11
C00089,ITEM_061,view,1,2026-01-17
C00188,ITEM_059,view,1,2026-04-05
C00961,ITEM_064,play,3,2026-02-14
C00563,ITEM_048,view,1,2026-03-03
C00044,ITEM_060,view,1,2026-05-28
C00202,ITEM_054,view,1,2026-03-24
C00033,ITEM_002,view,1,2026-03-14
C00977,ITEM_022,view,1,2026-01-03
C00553,ITEM_071,play,3,2026-06-29
C00081,ITEM_007,play,3,2026-04-17
C00265,ITEM_045,view,1,2026-05-17
C00739,ITEM_061,play,3,2026-03-20
C00712,ITEM_034,play,3,2026-02-17
C00983,ITEM_014,view,1,2026-02-19
C00030,ITEM_001,purchase,5,2026-01-02
C00083,ITEM_052,view,1,2026-06-09
C00042,ITEM_047,view,1,2026-04-05
C00472,ITEM_055,play,3,2026-03-05
C00872,ITEM_013,view,1,2026-05-08
C00795,ITEM_037,view,1,2026-01-24
C00252,ITEM_043,view,1,2026-03-26
C00788,ITEM_067,view,1,2026-03-20
C00787,ITEM_015,view,1,2026-06-13
C00229,ITEM_055,view,1,2026-05-24
C00899,ITEM_055,purchase,5,2026-05-19
C00506,ITEM_047,view,1,2026-02-16
C00071,ITEM_007,play,3,2026-04-04
C00468,ITEM_009,view,1,2026-06-26
C00923,ITEM_048,view,1,2026-01-04
C00835,ITEM_049,purchase,5,2026-04-28
C00322,ITEM_051,view,1,2026-03-02
C00908,ITEM_061,view,1,2026-05-14
C00467,ITEM_031,play,3,2026-03-30
C00552,ITEM_023,view,1,2026-05-07
C00103,ITEM_073,view,1,2026-02-15
C01196,ITEM_055,purchase,5,2026-06-08
C01006,ITEM_042,view,1,2026-05-31
C00233,ITEM_044,play,3,2026-04-25
C00672,ITEM_060,view,1,2026-03-18
C00936,ITEM_024,view,1,2026-01-28
C00605,ITEM_035,view,1,2026-02-06
C00252,ITEM_003,play,3,2026-03-13
C01162,ITEM_063,view,1,2026-05-21
C00322,ITEM_040,play,3,2026-06-20
C00401,ITEM_071,play,3,2026-04-20
C00445,ITEM_023,view,1,2026-06-18
C01068,ITEM_033,view,1,2026-02-05
C00600,ITEM_004,view,1,2026-05-14
C00863,ITEM_077,play,3,2026-04-06
C01081,ITEM_027,view,1,2026-01-26
C01114,ITEM_012,play,3,2026-05-06
C01027,ITEM_048,view,1,2026-06-12
C01089,ITEM_067,purchase,5,2026-03-22
C01137,ITEM_008,purchase,5,2026-02-15
C01189,ITEM_042,view,1,2026-02-24
C00771,ITEM_037,view,1,2026-04-19
C00158,ITEM_011,view,1,2026-05-05
C00135,ITEM_022,view,1,2026-02-09
C00955,ITEM_050,play,3,2026-05-04
C00379,ITEM_079,view,1,2026-05-15
C00965,ITEM_010,play,3,2026-01-04
C01121,ITEM_050,purchase,5,2026-03-11
C00773,ITEM_070,purchase,5,2026-02-12
C00917,ITEM_060,view,1,2026-05-23
C00334,ITEM_065,purchase,5,2026-04-27
C00521,ITEM_073,view,1,2026-04-07
C01158,ITEM_052,view,1,2026-02-10
C00980,ITEM_003,view,1,2026-03-28
C00245,ITEM_018,view,1,2026-06-23
C01123,ITEM_033,view,1,2026-06-29
C00599,ITEM_077,view,1,2026-01-30
C01012,ITEM_016,view,1,2026-03-29
C00625,ITEM_068,purchase,5,2026-05-15
C00724,ITEM_050,view,1,2026-02-23
C00194,ITEM_057,play,3,2026-06-29
C00406,ITEM_008,play,3,2026-03-25
C00867,ITEM_029,view,1,2026-03-04
C01010,ITEM_037,view,1,2026-06-19
C00106,ITEM_038,view,1,2026-04-19
C00092,ITEM_070,view,1,2026-01-12
C00831,ITEM_027,purchase,5,2026-01-20
C00536,ITEM_069,view,1,2026-06-26
C01018,ITEM_067,play,3,2026-04-22
C00081,ITEM_051,play,3,2026-06-06
C00419,ITEM_024,purchase,5,2026-06-27
C00042,ITEM_007,view,1,2026-05-15
C00851,ITEM_019,purchase,5,2026-06-25
C01029,ITEM_048,view,1,2026-06-21
C00188,ITEM_017,view,1,2026-03-16
C00388,ITEM_072,play,3,2026-04-25
C01015,ITEM_032,view,1,2026-05-28
C00049,ITEM_022,play,3,2026-06-20
C01142,ITEM_049,play,3,2026-05-29
C01064,ITEM_012,play,3,2026-05-26
C00183,ITEM_066,play,3,2026-02-28
C00166,ITEM_043,view,1,2026-03-19
C00830,ITEM_073,view,1,2026-05-29
C00012,ITEM_068,view,1,2026-01-23
C00606,ITEM_006,play,3,2026-01-30
C00079,ITEM_071,play,3,2026-05-22
C00637,ITEM_003,play,3,2026-06-26
C00420,ITEM_063,view,1,2026-03-17
C00847,ITEM_029,view,1,2026-06-05
C01056,ITEM_027,play,3,2026-03-05
C00586,ITEM_064,play,3,2026-04-02
C00770,ITEM_021,view,1,2026-06-25
C00720,ITEM_072,view,1,2026-03-11
C01181,ITEM_003,play,3,2026-06-09
C00277,ITEM_013,play,3,2026-06-20
C00286,ITEM_028,view,1,2026-05-13
C00454,ITEM_022,view,1,2026-01-13
C00884,ITEM_069,view,1,2026-06-22
C01038,ITEM_072,view,1,2026-03-31
C00333,ITEM_033,view,1,2026-02-22
C00131,ITEM_046,view,1,2026-03-29
C00730,ITEM_027,play,3,2026-03-21
C00717,ITEM_032,view,1,2026-03-10
C00449,ITEM_026,play,3,2026-05-02
C00221,ITEM_019,view,1,2026-01-21
C01019,ITEM_055,view,1,2026-04-24
C01015,ITEM_009,view,1,2026-02-15
C00897,ITEM_023,view,1,2026-05-23
C00694,ITEM_008,play,3,2026-06-26
C00313,ITEM_036,purchase,5,2026-03-27
C00483,ITEM_053,play,3,2026-05-26
C00082,ITEM_041,play,3,2026-02-27
C00299,ITEM_057,play,3,2026-05-31
C00540,ITEM_045,play,3,2026-04-07
C00524,ITEM_029,view,1,2026-04-02
C00096,ITEM_072,play,3,2026-01-19
C01149,ITEM_048,view,1,2026-04-30
C00321,ITEM_003,view,1,2026-05-23
C00611,ITEM_012,play,3,2026-04-01
C00558,ITEM_053,play,3,2026-01-29
C00563,ITEM_001,view,1,2026-05-02
C01014,ITEM_013,purchase,5,2026-04-23
C00895,ITEM_007,view,1,2026-06-05
C01041,ITEM_064,play,3,2026-06-21
C00454,ITEM_008,purchase,5,2026-02-13
C00318,ITEM_016,view,1,2026-02-22
C00512,ITEM_078,purchase,5,2026-06-21
C00673,ITEM_009,play,3,2026-01-22
C00404,ITEM_018,play,3,2026-06-14
C00552,ITEM_065,purchase,5,2026-01-28
C00181,ITEM_010,play,3,2026-03-17
C00700,ITEM_018,view,1,2026-01-25
C00856,ITEM_063,play,3,2026-06-25
C00632,ITEM_000,view,1,2026-04-01
C01047,ITEM_029,view,1,2026-06-08
C01194,ITEM_020,view,1,2026-01-06
C01086,ITEM_016,view,1,2026-01-08
C00111,ITEM_031,play,3,2026-04-06
C01056,ITEM_017,purchase,5,2026-01-08
C00400,ITEM_061,purchase,5,2026-04-08
C00542,ITEM_011,view,1,2026-05-08
C00494,ITEM_031,view,1,2026-03-29
C00340,ITEM_006,view,1,2026-05-22
C01052,ITEM_008,view,1,2026-01-19
C00765,ITEM_054,view,1,2026-02-14
C01160,ITEM_036,view,1,2026-01-29
C01145,ITEM_035,purchase,5,2026-03-31
C00503,ITEM_021,view,1,2026-03-13
C00872,ITEM_011,play,3,2026-04-08
C00602,ITEM_070,play,3,2026-01-28
C00593,ITEM_063,play,3,2026-03-22
C00887,ITEM_036,view,1,2026-05-18
C00826,ITEM_001,view,1,2026-01-13
C01094,ITEM_071,purchase,5,2026-05-22
C00927,ITEM_034,view,1,2026-02-09
C00746,ITEM_015,view,1,2026-06-06
C01103,ITEM_010,purchase,5,2026-05-27
C00122,ITEM_079,play,3,2026-03-22
C00915,ITEM_002,play,3,2026-01-14
C00470,ITEM_029,view,1,2026-03-11
C00519,ITEM_044,view,1,2026-04-22
C00938,ITEM_023,play,3,2026-03-03
C00328,ITEM_012,view,1,2026-04-25
C01060,ITEM_051,view,1,2026-05-29
C00599,ITEM_005,view,1,2026-06-22
C00418,ITEM_077,play,3,2026-03-13
C00393,ITEM_038,view,1,2026-06-27
C00505,ITEM_058,play,3,2026-02-14
C01131,ITEM_067,view,1,2026-06-20
C00123,ITEM_063,view,1,2026-01-26
C00609,ITEM_038,purchase,5,2026-04-08
C01002,ITEM_006,purchase,5,2026-05-02
C00566,ITEM_006,play,3,2026-01-08
C00679,ITEM_028,purchase,5,2026-03-21
C00417,ITEM_024,view,1,2026-02-19
C00163,ITEM_070,view,1,2026-05-27
C00767,ITEM_035,view,1,2026-03-27
C01103,ITEM_079,view,1,2026-01-19
C00624,ITEM_022,play,3,2026-01-08
C00518,ITEM_077,play,3,2026-01-05
C00154,ITEM_027,view,1,2026-01-07
C01133,ITEM_079,view,1,2026-03-29
C01043,ITEM_040,purchase,5,2026-02-28
C01082,ITEM_001,view,1,2026-02-07
C00430,ITEM_075,view,1,2026-03-11
C00750,ITEM_016,view,1,2026-03-20
C00519,ITEM_064,view,1,2026-04-15
C00281,ITEM_065,view,1,2026-03-31
C00246,ITEM_016,view,1,2026-06-17
C00460,ITEM_045,view,1,2026-03-09
C00664,ITEM_062,view,1,2026-03-12
C00146,ITEM_075,view,1,2026-03-16
C00842,ITEM_031,view,1,2026-01-09
C00549,ITEM_032,view,1,2026-05-15
C01057,ITEM_065,view,1,2026-04-08
C00334,ITEM_039,play,3,2026-03-13
C00061,ITEM_049,play,3,2026-03-06
C00374,ITEM_009,view,1,2026-04-04
C01167,ITEM_054,view,1,2026-06-12
C00386,ITEM_026,view,1,2026-03-13
C00844,ITEM_028,view,1,2026-03-19
C01011,ITEM_072,play,3,2026-01-25
C00341,ITEM_057,purchase,5,2026-02-27
C00771,ITEM_044,view,1,2026-05-15
C00245,ITEM_045,view,1,2026-05-11
C00434,ITEM_068,view,1,2026-05-25
C00355,ITEM_049,view,1,2026-03-30
C00806,ITEM_016,view,1,2026-06-12
C01050,ITEM_043,play,3,2026-04-10
C00302,ITEM_050,view,1,2026-01-24
C00349,ITEM_004,play,3,2026-01-28
C00985,ITEM_010,play,3,2026-03-31
C00555,ITEM_037,view,1,2026-03-09
C00615,ITEM_046,purchase,5,2026-01-20
C00846,ITEM_004,play,3,2026-01-09
C00165,ITEM_036,view,1,2026-04-22
C01046,ITEM_013,purchase,5,2026-05-16
C00438,ITEM_053,play,3,2026-02-09
C00790,ITEM_038,view,1,2026-02-14
C00518,ITEM_007,view,1,2026-04-07
C00903,ITEM_032,view,1,2026-01-22
C00733,ITEM_074,play,3,2026-05-31
C00207,ITEM_003,purchase,5,2026-04-17
C00225,ITEM_032,view,1,2026-03-07
C01052,ITEM_010,view,1,2026-04-15
C00623,ITEM_072,view,1,2026-01-30
C00330,ITEM_037,play,3,2026-02-26
C00171,ITEM_050,view,1,2026-04-06
C00154,ITEM_077,view,1,2026-06-23
C01103,ITEM_004,view,1,2026-06-01
C01171,ITEM_038,play,3,2026-04-25
C00472,ITEM_005,view,1,2026-03-02
C00241,ITEM_061,view,1,2026-06-16
C00502,ITEM_046,view,1,2026-01-24
C00163,ITEM_035,view,1,2026-02-24
C00659,ITEM_023,view,1,2026-03-19
C00751,ITEM_015,view,1,2026-04-10
C01182,ITEM_073,play,3,2026-05-02
C00382,ITEM_001,view,1,2026-03-16
C00237,ITEM_010,view,1,2026-06-19
C00160,ITEM_030,view,1,2026-03-16
C00452,ITEM_031,view,1,2026-04-24
C00721,ITEM_073,view,1,2026-01-09
C00079,ITEM_024,view,1,2026-01-29
C00910,ITEM_025,view,1,2026-02-09
C00552,ITEM_018,view,1,2026-01-01
C00951,ITEM_029,purchase,5,2026-06-06
C00556,ITEM_021,view,1,2026-04-23
C00186,ITEM_055,view,1,2026-06-02
C00025,ITEM_063,purchase,5,2026-03-01
C00668,ITEM_058,view,1,2026-01-19
C00647,ITEM_064,play,3,2026-03-01
C00976,ITEM_048,view,1,2026-01-04
C01052,ITEM_055,play,3,2026-02-24
C00193,ITEM_027,purchase,5,2026-01-19
C00377,ITEM_079,view,1,2026-02-08
C00249,ITEM_075,purchase,5,2026-04-25
C00128,ITEM_004,view,1,2026-06-23
C00002,ITEM_028,view,1,2026-02-13
C00098,ITEM_055,view,1,2026-06-26
C00629,ITEM_023,view,1,2026-05-18
C00182,ITEM_041,view,1,2026-01-22
C00233,ITEM_067,purchase,5,2026-01-02
C00141,ITEM_070,play,3,2026-01-21
C00869,ITEM_074,play,3,2026-05-09
C00762,ITEM_051,view,1,2026-05-01
C01154,ITEM_076,view,1,2026-06-09
C00133,ITEM_051,view,1,2026-04-05
C00250,ITEM_042,view,1,2026-01-09
C00546,ITEM_016,view,1,2026-06-29
C00778,ITEM_069,purchase,5,2026-06-06
C00156,ITEM_020,play,3,2026-05-09
C00254,ITEM_014,view,1,2026-06-15
C00505,ITEM_061,view,1,2026-02-20
C00021,ITEM_071,view,1,2026-04-07
C00474,ITEM_078,view,1,2026-04-06
C00910,ITEM_060,play,3,2026-02-21
C00631,ITEM_076,view,1,2026-06-29
C00520,ITEM_031,view,1,2026-04-12
C00585,ITEM_008,view,1,2026-06-15
C01136,ITEM_019,purchase,5,2026-02-25
C00624,ITEM_012,play,3,2026-03-31
C00641,ITEM_060,purchase,5,2026-06-17
C01116,ITEM_033,view,1,2026-02-02
C00188,ITEM_034,view,1,2026-04-08
C00115,ITEM_073,view,1,2026-05-24
C00539,ITEM_078,purchase,5,2026-05-24
C00382,ITEM_011,view,1,2026-05-16
C00243,ITEM_068,play,3,2026-04-20
C00143,ITEM_051,view,1,2026-01-02
C01053,ITEM_063,view,1,2026-02-21
C00737,ITEM_075,view,1,2026-05-24
C00829,ITEM_026,view,1,2026-04-01
C00141,ITEM_064,play,3,2026-03-06
C00409,ITEM_056,purchase,5,2026-06-08
C00744,ITEM_052,play,3,2026-03-03
C00633,ITEM_060,view,1,2026-03-10
C00833,ITEM_061,play,3,2026-03-14
C00803,ITEM_032,view,1,2026-03-03
C00496,ITEM_074,play,3,2026-04-02
C00939,ITEM_007,play,3,2026-06-22
C00311,ITEM_014,view,1,2026-06-29
C00096,ITEM_058,view,1,2026-03-02
C01096,ITEM_036,view,1,2026-03-08
C00027,ITEM_023,view,1,2026-06-04
C00340,ITEM_040,purchase,5,2026-04-14
C00137,ITEM_010,play,3,2026-02-02
C00278,ITEM_000,view,1,2026-04-09
C00473,ITEM_003,view,1,2026-05-23
C00155,ITEM_071,play,3,2026-03-14
C00560,ITEM_026,view,1,2026-04-21
C01112,ITEM_072,view,1,2026-05-20
C00163,ITEM_040,play,3,2026-01-22
C01111,ITEM_024,view,1,2026-06-25
C00493,ITEM_003,view,1,2026-01-12
C00710,ITEM_008,view,1,2026-01-21
C00529,ITEM_045,view,1,2026-02-23
C00379,ITEM_049,purchase,5,2026-01-04
C00130,ITEM_071,play,3,2026-04-29
C00712,ITEM_015,purchase,5,2026-04-05
C01099,ITEM_047,purchase,5,2026-03-06
C00624,ITEM_006,view,1,2026-06-27
C00718,ITEM_041,view,1,2026-02-18
C00772,ITEM_014,play,3,2026-06-08
C00466,ITEM_018,view,1,2026-04-15
C00144,ITEM_033,purchase,5,2026-05-05
C00608,ITEM_035,view,1,2026-06-21
C01042,ITEM_009,view,1,2026-02-15
C00377,ITEM_048,play,3,2026-01-22
C01045,ITEM_032,purchase,5,2026-05-23
C01025,ITEM_069,play,3,2026-04-27
C00293,ITEM_048,view,1,2026-02-05
C00690,ITEM_070,view,1,2026-06-14
C00897,ITEM_001,view,1,2026-05-10
C00593,ITEM_036,play,3,2026-04-08
C00839,ITEM_067,view,1,2026-01-24
C01093,ITEM_014,play,3,2026-06-23
C00752,ITEM_017,view,1,2026-04-05
C01005,ITEM_056,view,1,2026-04-18
C00961,ITEM_001,purchase,5,2026-01-05
C00975,ITEM_076,view,1,2026-05-02
C01022,ITEM_075,play,3,2026-05-31
C00270,ITEM_076,view,1,2026-05-23
C00022,ITEM_062,purchase,5,2026-03-09
C00183,ITEM_079,view,1,2026-02-05
C00299,ITEM_077,view,1,2026-03-21
C00828,ITEM_020,play,3,2026-04-11
C00611,ITEM_012,play,3,2026-02-18
C00562,ITEM_066,view,1,2026-04-21
C00010,ITEM_036,view,1,2026-06-16
C00820,ITEM_004,view,1,2026-01-22
C00437,ITEM_035,purchase,5,2026-02-14
C00912,ITEM_001,play,3,2026-03-23
C00135,ITEM_046,purchase,5,2026-02-01
C00354,ITEM_053,purchase,5,2026-05-19
C00065,ITEM_003,view,1,2026-01-11
C00341,ITEM_009,view,1,2026-01-08
C01108,ITEM_072,play,3,2026-03-05
C00588,ITEM_031,play,3,2026-03-16
C00527,ITEM_004,play,3,2026-05-07
C00328,ITEM_000,view,1,2026-01-27
C00317,ITEM_031,purchase,5,2026-05-22
C00800,ITEM_006,play,3,2026-02-01
C01182,ITEM_010,play,3,2026-06-20
C00896,ITEM_016,view,1,2026-04-03
C00884,ITEM_056,view,1,2026-05-18
C00566,ITEM_044,play,3,2026-01-06
C00118,ITEM_062,play,3,2026-05-10
C00868,ITEM_026,view,1,2026-03-18
C00970,ITEM_006,view,1,2026-04-01
C00612,ITEM_045,play,3,2026-01-05
C00109,ITEM_077,purchase,5,2026-04-22
C00855,ITEM_051,view,1,2026-06-16
C01105,ITEM_019,view,1,2026-06-29
C00269,ITEM_000,view,1,2026-06-08
C00191,ITEM_006,view,1,2026-05-10
C00886,ITEM_067,view,1,2026-02-08
C00398,ITEM_023,view,1,2026-03-08
C00858,ITEM_004,play,3,2026-01-12
C00843,ITEM_027,view,1,2026-02-10
C00319,ITEM_069,view,1,2026-02-15
C00050,ITEM_033,purchase,5,2026-05-01
C00667,ITEM_078,view,1,2026-01-06
C00489,ITEM_040,play,3,2026-06-17
C01026,ITEM_072,view,1,2026-05-13
C00429,ITEM_016,play,3,2026-05-02
C00299,ITEM_043,play,3,2026-04-14
C01032,ITEM_038,view,1,2026-02-15
C00883,ITEM_061,play,3,2026-04-08
C00742,ITEM_010,play,3,2026-04-25
C01144,ITEM_013,view,1,2026-06-03
C00939,ITEM_017,play,3,2026-05-03
C01039,ITEM_074,view,1,2026-05-26
C00958,ITEM_071,view,1,2026-03-24
C00481,ITEM_001,purchase,5,2026-03-15
C00074,ITEM_033,view,1,2026-05-21
C00728,ITEM_044,view,1,2026-04-20
C00917,ITEM_071,view,1,2026-03-12
C01190,ITEM_036,purchase,5,2026-03-21
C00817,ITEM_061,view,1,2026-04-11
C00682,ITEM_063,view,1,2026-04-23
C00690,ITEM_040,play,3,2026-03-06
C00138,ITEM_059,play,3,2026-01-28
C00008,ITEM_005,view,1,2026-06-11
C00054,ITEM_026,purchase,5,2026-02-24
C01085,ITEM_068,view,1,2026-01-30
C00948,ITEM_013,play,3,2026-02-15
C00312,ITEM_040,view,1,2026-06-06
C00508,ITEM_063,view,1,2026-01-31
C00580,ITEM_041,play,3,2026-05-06
C00296,ITEM_078,view,1,2026-03-16
C00507,ITEM_068,view,1,2026-04-20
C00417,ITEM_007,view,1,2026-05-11
C00833,ITEM_042,view,1,2026-02-10
C00908,ITEM_058,play,3,2026-03-13
C00118,ITEM_059,view,1,2026-05-23
C00558,ITEM_041,purchase,5,2026-06-26
C01189,ITEM_032,view,1,2026-06-03
C01042,ITEM_024,purchase,5,2026-02-24
C00952,ITEM_028,play,3,2026-02-12
C00881,ITEM_001,view,1,2026-06-20
C00005,ITEM_068,view,1,2026-05-04
C01168,ITEM_057,play,3,2026-02-04
C00882,ITEM_022,view,1,2026-04-27
C01066,ITEM_010,view,1,2026-02-27
C01090,ITEM_041,play,3,2026-01-29
C00305,ITEM_068,purchase,5,2026-01-30
C00016,ITEM_079,play,3,2026-03-10
C00790,ITEM_021,play,3,2026-02-12
C00550,ITEM_035,view,1,2026-05-22
C00024,ITEM_047,play,3,2026-01-29
C00324,ITEM_047,view,1,2026-02-03
C01189,ITEM_022,play,3,2026-04-23
C00436,ITEM_065,play,3,2026-03-20
C00313,ITEM_056,view,1,2026-02-06
C00785,ITEM_066,purchase,5,2026-01-13
C00797,ITEM_009,view,1,2026-01-16
C00398,ITEM_054,view,1,2026-02-22
C01018,ITEM_027,view,1,2026-02-17
C00696,ITEM_061,view,1,2026-04-15
C00192,ITEM_040,view,1,2026-05-03
C00389,ITEM_041,purchase,5,2026-01-30
C01017,ITEM_046,view,1,2026-03-19
C00107,ITEM_017,play,3,2026-03-25
C00014,ITEM_046,view,1,2026-01-29
C00787,ITEM_070,play,3,2026-03-29
C00530,ITEM_006,play,3,2026-01-12
C00303,ITEM_013,view,1,2026-02-26
C00566,ITEM_002,view,1,2026-05-12
C00220,ITEM_038,play,3,2026-02-14
C00448,ITEM_018,view,1,2026-05-07
C00280,ITEM_047,view,1,2026-01-20
C00703,ITEM_003,view,1,2026-03-25
C00808,ITEM_008,view,1,2026-06-12
C01097,ITEM_017,purchase,5,2026-04-05
C00081,ITEM_052,purchase,5,2026-05-27
C00392,ITEM_004,play,3,2026-02-13
C00317,ITEM_042,view,1,2026-02-03
C00695,ITEM_042,purchase,5,2026-03-29
C00639,ITEM_025,play,3,2026-02-14
C01052,ITEM_008,purchase,5,2026-05-12
C01102,ITEM_057,view,1,2026-03-05
C00927,ITEM_033,view,1,2026-05-19
C00238,ITEM_047,play,3,2026-01-07
C00048,ITEM_061,purchase,5,2026-03-03
C01078,ITEM_001,view,1,2026-02-13
C01131,ITEM_061,view,1,2026-05-03
C00300,ITEM_006,view,1,2026-02-07
C00055,ITEM_044,purchase,5,2026-03-29
C00816,ITEM_007,play,3,2026-03-06
C00706,ITEM_002,purchase,5,2026-05-14
C01066,ITEM_033,play,3,2026-03-08
C00690,ITEM_042,play,3,2026-05-05
C00912,ITEM_024,view,1,2026-01-17
C00943,ITEM_020,view,1,2026-05-16
C00011,ITEM_014,play,3,2026-04-26
C00178,ITEM_045,view,1,2026-01-30
C00936,ITEM_032,view,1,2026-01-20
C00215,ITEM_072,view,1,2026-02-27
C00247,ITEM_034,play,3,2026-06-27
C00902,ITEM_047,play,3,2026-02-17
C00245,ITEM_076,view,1,2026-03-27
C00179,ITEM_075,purchase,5,2026-03-22
C00016,ITEM_039,view,1,2026-02-23
C00563,ITEM_016,view,1,2026-03-25
C00764,ITEM_031,view,1,2026-02-01
C00877,ITEM_021,view,1,2026-05-01
C01086,ITEM_038,view,1,2026-01-29
C00781,ITEM_011,play,3,2026-04-13
C00907,ITEM_032,play,3,2026-02-27
C00252,ITEM_006,view,1,2026-04-15
C00408,ITEM_077,play,3,2026-04-09
C00364,ITEM_000,purchase,5,2026-04-24
C00078,ITEM_071,view,1,2026-04-19
C01162,ITEM_074,view,1,2026-02-19
C00289,ITEM_076,view,1,2026-04-16
C00538,ITEM_036,play,3,2026-02-10
C00428,ITEM_061,view,1,2026-03-11
C00053,ITEM_075,play,3,2026-02-08
C01084,ITEM_067,play,3,2026-04-07
C00263,ITEM_069,view,1,2026-05-21
C00120,ITEM_039,view,1,2026-04-19
C00410,ITEM_059,view,1,2026-01-18
C00172,ITEM_016,view,1,2026-01-14
C01199,ITEM_073,play,3,2026-02-26
C00226,ITEM_037,play,3,2026-04-16
C00363,ITEM_021,play,3,2026-02-20
C00325,ITEM_023,play,3,2026-06-29
C00031,ITEM_068,view,1,2026-04-17
C00015,ITEM_015,view,1,2026-06-10
C00615,ITEM_054,view,1,2026-06-16
C00279,ITEM_022,view,1,2026-01-18
C00100,ITEM_047,view,1,2026-06-08
C00349,ITEM_042,view,1,2026-01-10
C00328,ITEM_049,play,3,2026-01-19
C00508,ITEM_018,view,1,2026-04-08
C01190,ITEM_072,view,1,2026-04-08
C00368,ITEM_070,view,1,2026-04-27
C00845,ITEM_074,view,1,2026-01-07
C00922,ITEM_039,view,1,2026-01-20
C00060,ITEM_014,view,1,2026-05-23
C00601,ITEM_044,view,1,2026-04-17
C00538,ITEM_006,purchase,5,2026-03-09
C00609,ITEM_056,view,1,2026-02-02
C00205,ITEM_021,view,1,2026-02-08
C00558,ITEM_015,view,1,2026-02-25
C00147,ITEM_064,view,1,2026-03-29
C01134,ITEM_052,view,1,2026-05-27
C00704,ITEM_007,view,1,2026-03-20
C00041,ITEM_069,play,3,2026-03-20
C00606,ITEM_052,purchase,5,2026-06-19
C01111,ITEM_021,play,3,2026-01-17
C00891,ITEM_031,view,1,2026-01-06
C00327,ITEM_036,view,1,2026-06-28
C01070,ITEM_072,view,1,2026-06-20
C00222,ITEM_044,play,3,2026-03-14
C00296,ITEM_065,view,1,2026-02-12
C00185,ITEM_002,play,3,2026-01-23
C01107,ITEM_040,view,1,2026-01-27
C00860,ITEM_006,view,1,2026-06-10
C00621,ITEM_030,view,1,2026-05-14
C00801,ITEM_044,view,1,2026-06-02
C00310,ITEM_066,play,3,2026-04-05
C00084,ITEM_022,view,1,2026-04-29
C01014,ITEM_019,view,1,2026-06-11
C01157,ITEM_068,view,1,2026-03-06
C00042,ITEM_043,play,3,2026-04-08
C00062,ITEM_058,view,1,2026-02-21
C00671,ITEM_074,view,1,2026-04-01
C00051,ITEM_003,view,1,2026-02-08
C00865,ITEM_048,view,1,2026-02-07
C01134,ITEM_006,play,3,2026-03-06
C00335,ITEM_074,view,1,2026-06-20
C00353,ITEM_035,view,1,2026-02-18
C01036,ITEM_035,view,1,2026-04-30
C00427,ITEM_015,view,1,2026-04-13
C00288,ITEM_050,play,3,2026-04-19
C00101,ITEM_043,view,1,2026-01-24
C01007,ITEM_075,view,1,2026-05-23
C01111,ITEM_000,play,3,2026-05-22
C00094,ITEM_058,play,3,2026-01-19
C00963,ITEM_076,view,1,2026-03-12
C00191,ITEM_072,play,3,2026-06-05
C00166,ITEM_049,view,1,2026-02-12
C00457,ITEM_066,play,3,2026-04-01
C00524,ITEM_003,view,1,2026-05-29
C01024,ITEM_006,play,3,2026-05-25
C00839,ITEM_055,view,1,2026-03-11
C00173,ITEM_020,view,1,2026-05-09
C00700,ITEM_056,play,3,2026-06-17
C01050,ITEM_059,view,1,2026-03-23
C00794,ITEM_053,view,1,2026-06-25
C00275,ITEM_071,view,1,2026-05-19
C00154,ITEM_017,view,1,2026-04-27
C00543,ITEM_064,view,1,2026-05-10
C00566,ITEM_064,view,1,2026-02-03
C00423,ITEM_025,view,1,2026-01-01
C00131,ITEM_016,play,3,2026-05-29
C00141,ITEM_049,purchase,5,2026-05-08
C00634,ITEM_071,view,1,2026-06-18
C01133,ITEM_052,view,1,2026-04-02
C00717,ITEM_009,view,1,2026-03-11
C00525,ITEM_034,view,1,2026-06-01
C01117,ITEM_031,play,3,2026-06-19
C00828,ITEM_047,play,3,2026-05-26
C00861,ITEM_046,play,3,2026-05-29
C00690,ITEM_078,purchase,5,2026-01-31
C00915,ITEM_067,view,1,2026-06-06
C00602,ITEM_043,play,3,2026-01-04
C00746,ITEM_011,view,1,2026-05-16
C00739,ITEM_015,purchase,5,2026-02-05
C00903,ITEM_013,view,1,2026-01-08
C01078,ITEM_040,view,1,2026-05-14
C00353,ITEM_012,play,3,2026-03-03
C00839,ITEM_014,view,1,2026-06-06
C00037,ITEM_012,purchase,5,2026-02-20
C00638,ITEM_055,play,3,2026-05-07
C01078,ITEM_022,play,3,2026-04-26
C00774,ITEM_072,view,1,2026-05-28
C00321,ITEM_039,view,1,2026-06-05
C00727,ITEM_054,play,3,2026-04-16
C00429,ITEM_042,view,1,2026-03-04
C00519,ITEM_070,view,1,2026-04-02
C00273,ITEM_010,purchase,5,2026-04-19
C00749,ITEM_058,purchase,5,2026-06-24
C00238,ITEM_046,purchase,5,2026-02-01
C00532,ITEM_034,view,1,2026-01-15
C01127,ITEM_055,view,1,2026-03-25
C00909,ITEM_043,purchase,5,2026-03-17
C00497,ITEM_050,view,1,2026-06-12
C01162,ITEM_042,view,1,2026-02-20
C00016,ITEM_009,view,1,2026-01-27
C01151,ITEM_031,play,3,2026-01-22
C00422,ITEM_077,view,1,2026-06-10
C00984,ITEM_007,view,1,2026-04-20
C01137,ITEM_018,view,1,2026-06-25
C00722,ITEM_056,view,1,2026-02-17
C00732,ITEM_011,play,3,2026-01-15
C00899,ITEM_003,view,1,2026-03-25
C00287,ITEM_061,view,1,2026-02-01
C00213,ITEM_016,view,1,2026-01-25
C00412,ITEM_017,view,1,2026-06-08
C00574,ITEM_036,view,1,2026-03-12
C00891,ITEM_067,purchase,5,2026-01-13
C00308,ITEM_078,view,1,2026-02-06
C00677,ITEM_020,view,1,2026-03-08
C00004,ITEM_024,view,1,2026-06-11
C00037,ITEM_041,purchase,5,2026-04-25
C01160,ITEM_063,play,3,2026-04-05
C01020,ITEM_005,view,1,2026-04-15
C01036,ITEM_033,view,1,2026-05-24
C00394,ITEM_008,view,1,2026-02-04
C00616,ITEM_017,play,3,2026-03-29
C00809,ITEM_050,purchase,5,2026-03-11
C00304,ITEM_002,play,3,2026-01-08
C00893,ITEM_068,play,3,2026-04-10
C00831,ITEM_007,view,1,2026-05-06
C00488,ITEM_065,view,1,2026-04-30
C00521,ITEM_033,play,3,2026-01-09
C00368,ITEM_045,play,3,2026-03-13
C00964,ITEM_032,view,1,2026-03-13
C01184,ITEM_029,view,1,2026-01-29
C01199,ITEM_050,view,1,2026-04-09
C00925,ITEM_025,view,1,2026-04-06
C00418,ITEM_004,play,3,2026-05-21
C00937,ITEM_000,view,1,2026-05-18
C00293,ITEM_022,play,3,2026-06-11
C01075,ITEM_017,view,1,2026-03-18
C00320,ITEM_001,play,3,2026-02-06
C00483,ITEM_007,purchase,5,2026-04-08
C00112,ITEM_069,play,3,2026-04-30
C00097,ITEM_039,play,3,2026-03-01
C00472,ITEM_031,view,1,2026-03-26
C00660,ITEM_073,view,1,2026-06-15
C00020,ITEM_046,play,3,2026-05-19
C01015,ITEM_010,play,3,2026-04-20
C00137,ITEM_056,play,3,2026-06-19
C01198,ITEM_056,play,3,2026-01-03
C00326,ITEM_021,view,1,2026-04-06
C00454,ITEM_053,view,1,2026-02-17
C00191,ITEM_010,purchase,5,2026-02-21
C00989,ITEM_079,view,1,2026-05-22
C00878,ITEM_046,play,3,2026-05-24
C00094,ITEM_022,view,1,2026-03-29
C00126,ITEM_072,purchase,5,2026-04-05
C00730,ITEM_040,play,3,2026-04-18
C01039,ITEM_071,view,1,2026-06-08
C00131,ITEM_007,play,3,2026-01-04
C00265,ITEM_024,view,1,2026-04-12
C00654,ITEM_034,view,1,2026-01-13
C00130,ITEM_021,play,3,2026-06-18
C00365,ITEM_041,view,1,2026-02-12
C00012,ITEM_028,view,1,2026-01-04
C00598,ITEM_070,play,3,2026-05-26
C00858,ITEM_019,purchase,5,2026-05-14
C00494,ITEM_015,view,1,2026-06-12
C00307,ITEM_077,play,3,2026-03-04
C00509,ITEM_057,view,1,2026-02-19
C00611,ITEM_002,view,1,2026-05-01
C00198,ITEM_067,play,3,2026-06-20
C00133,ITEM_015,view,1,2026-06-19
C00218,ITEM_054,play,3,2026-03-13
C01182,ITEM_002,play,3,2026-04-28
C00867,ITEM_020,purchase,5,2026-05-29
C00150,ITEM_068,play,3,2026-05-15
C00361,ITEM_002,view,1,2026-04-19
C00494,ITEM_037,play,3,2026-01-29
C00217,ITEM_031,play,3,2026-04-24
C01021,ITEM_018,view,1,2026-01-31
C01128,ITEM_009,view,1,2026-03-23
C00293,ITEM_031,play,3,2026-04-14
C00019,ITEM_029,view,1,2026-01-05
C00320,ITEM_008,view,1,2026-03-19
C00699,ITEM_057,view,1,2026-02-26
C00970,ITEM_008,view,1,2026-01-21
C00407,ITEM_030,play,3,2026-04-27
C00328,ITEM_075,view,1,2026-05-12
C00298,ITEM_029,play,3,2026-06-10
C00003,ITEM_055,play,3,2026-05-06
C00016,ITEM_036,view,1,2026-02-02
C00513,ITEM_051,view,1,2026-01-17
C00741,ITEM_062,view,1,2026-05-29
C00015,ITEM_037,view,1,2026-01-09
C00240,ITEM_052,view,1,2026-03-10
C01091,ITEM_039,view,1,2026-03-10
C01188,ITEM_025,play,3,2026-02-02
C00770,ITEM_061,view,1,2026-04-24
C00626,ITEM_031,view,1,2026-05-19
C00699,ITEM_004,view,1,2026-06-10
C00444,ITEM_021,play,3,2026-03-26
C00241,ITEM_053,view,1,2026-03-20
C00451,ITEM_052,play,3,2026-02-06
C00839,ITEM_044,view,1,2026-01-16
C00795,ITEM_035,purchase,5,2026-06-01
C00812,ITEM_024,view,1,2026-06-01
C00730,ITEM_003,view,1,2026-06-26
C00072,ITEM_017,view,1,2026-01-23
C00751,ITEM_079,view,1,2026-03-17
C01057,ITEM_068,play,3,2026-04-25
C00778,ITEM_006,view,1,2026-06-08
C00695,ITEM_074,view,1,2026-03-16
C00268,ITEM_061,view,1,2026-01-25
C00950,ITEM_007,play,3,2026-06-13
C00541,ITEM_033,play,3,2026-01-15
C00315,ITEM_013,view,1,2026-05-07
C00587,ITEM_057,play,3,2026-03-07
C00146,ITEM_053,play,3,2026-01-01
C01111,ITEM_017,view,1,2026-04-05
C00842,ITEM_061,view,1,2026-03-09
C00391,ITEM_023,view,1,2026-03-20
C00952,ITEM_039,view,1,2026-02-02
C00065,ITEM_008,play,3,2026-05-02
C00463,ITEM_074,view,1,2026-02-21
C00781,ITEM_014,view,1,2026-01-28
C00028,ITEM_069,play,3,2026-03-13
C00850,ITEM_067,view,1,2026-02-03
C00981,ITEM_010,play,3,2026-04-08
C00712,ITEM_008,play,3,2026-04-06
C00247,ITEM_011,view,1,2026-05-24
C00898,ITEM_067,view,1,2026-06-26
C00406,ITEM_006,view,1,2026-01-16
C00883,ITEM_048,purchase,5,2026-01-07
C00753,ITEM_070,view,1,2026-03-21
C00112,ITEM_023,play,3,2026-01-13
C00119,ITEM_044,purchase,5,2026-06-03
C00018,ITEM_006,view,1,2026-05-26
C00086,ITEM_075,play,3,2026-03-19
C00359,ITEM_048,view,1,2026-06-22
C00030,ITEM_058,view,1,2026-04-04
C01126,ITEM_020,purchase,5,2026-04-09
C01099,ITEM_058,view,1,2026-05-21
C00207,ITEM_050,play,3,2026-04-10
C00373,ITEM_010,play,3,2026-05-09
C00890,ITEM_045,view,1,2026-02-13
C00792,ITEM_008,view,1,2026-04-02
C00697,ITEM_053,view,1,2026-05-26
C01187,ITEM_074,view,1,2026-06-24
C00755,ITEM_068,play,3,2026-02-04
C00803,ITEM_038,view,1,2026-01-07
C00602,ITEM_070,purchase,5,2026-04-17
C00630,ITEM_079,view,1,2026-01-10
C00349,ITEM_036,view,1,2026-05-03
C00625,ITEM_025,view,1,2026-03-18
C01101,ITEM_015,view,1,2026-05-25
C00452,ITEM_049,view,1,2026-01-29
C00159,ITEM_030,view,1,2026-01-09
C00719,ITEM_045,play,3,2026-02-08
C00942,ITEM_075,view,1,2026-01-12
C01150,ITEM_005,view,1,2026-01-28
C00650,ITEM_023,view,1,2026-05-17
C00945,ITEM_041,view,1,2026-05-05
C00300,ITEM_057,view,1,2026-04-22
C00509,ITEM_073,play,3,2026-03-17
C00502,ITEM_069,view,1,2026-02-10
C00398,ITEM_036,view,1,2026-05-31
C00859,ITEM_044,view,1,2026-06-07
C01060,ITEM_037,view,1,2026-02-15
C00391,ITEM_008,purchase,5,2026-06-11
C00162,ITEM_056,play,3,2026-04-23
C00990,ITEM_065,play,3,2026-03-04
C01019,ITEM_062,view,1,2026-02-08
C01121,ITEM_028,view,1,2026-04-17
C00306,ITEM_066,view,1,2026-01-03
C00862,ITEM_017,play,3,2026-02-26
C00858,ITEM_036,view,1,2026-05-05
C00948,ITEM_020,view,1,2026-03-31
C00967,ITEM_035,view,1,2026-01-27
C01143,ITEM_074,play,3,2026-01-29
C00572,ITEM_037,view,1,2026-05-05
C00091,ITEM_060,view,1,2026-05-31
C00230,ITEM_077,purchase,5,2026-05-05
C01063,ITEM_012,view,1,2026-01-29
C01013,ITEM_074,purchase,5,2026-05-01
C00013,ITEM_009,view,1,2026-02-19
C00441,ITEM_049,purchase,5,2026-04-17
C00294,ITEM_036,purchase,5,2026-04-17
C00384,ITEM_022,view,1,2026-06-09
C00766,ITEM_051,play,3,2026-05-29
C00612,ITEM_072,view,1,2026-01-14
C00577,ITEM_005,view,1,2026-01-01
C00522,ITEM_013,view,1,2026-06-17
C00769,ITEM_040,view,1,2026-02-25
C00819,ITEM_008,view,1,2026-01-12
C00052,ITEM_025,view,1,2026-02-04
C00164,ITEM_033,purchase,5,2026-03-31
C00409,ITEM_034,play,3,2026-06-09
C00522,ITEM_054,view,1,2026-06-16
C01195,ITEM_036,view,1,2026-04-29
C01070,ITEM_004,view,1,2026-02-18
C00778,ITEM_051,view,1,2026-05-09
C00043,ITEM_025,purchase,5,2026-05-31
C00120,ITEM_000,purchase,5,2026-03-15
C00548,ITEM_062,view,1,2026-04-17
C00704,ITEM_034,view,1,2026-03-30
C00792,ITEM_052,view,1,2026-06-05
C00170,ITEM_052,view,1,2026-04-21
C01065,ITEM_006,view,1,2026-01-09
C00591,ITEM_066,view,1,2026-06-06
C00712,ITEM_016,view,1,2026-04-11
C00047,ITEM_059,view,1,2026-03-19
C00989,ITEM_058,play,3,2026-02-03
C00651,ITEM_009,play,3,2026-05-06
C00267,ITEM_009,view,1,2026-01-04
C00382,ITEM_067,view,1,2026-02-01
C00423,ITEM_000,play,3,2026-05-05
C00032,ITEM_017,view,1,2026-02-19
C01130,ITEM_079,play,3,2026-05-15
C00963,ITEM_008,view,1,2026-02-17
C01063,ITEM_049,purchase,5,2026-05-13
C00424,ITEM_029,view,1,2026-05-03
C00669,ITEM_034,play,3,2026-05-11
C00549,ITEM_010,view,1,2026-05-13
C00570,ITEM_047,play,3,2026-05-24
C00706,ITEM_026,view,1,2026-03-08
C00541,ITEM_053,view,1,2026-03-26
C00927,ITEM_063,play,3,2026-01-13
C00070,ITEM_039,view,1,2026-03-04
C00231,ITEM_001,view,1,2026-03-24
C01070,ITEM_052,view,1,2026-05-19
C01058,ITEM_039,play,3,2026-06-12
C00981,ITEM_056,play,3,2026-04-30
C00442,ITEM_063,view,1,2026-01-24
C00547,ITEM_014,play,3,2026-02-06
C00030,ITEM_008,purchase,5,2026-04-07
C00335,ITEM_033,play,3,2026-03-20
C00871,ITEM_072,view,1,2026-06-17
C00411,ITEM_024,view,1,2026-02-02
C00576,ITEM_034,view,1,2026-04-13
C00147,ITEM_063,view,1,2026-05-21
C00595,ITEM_064,view,1,2026-03-20
C00866,ITEM_061,play,3,2026-02-14
C00686,ITEM_075,view,1,2026-01-24
C00668,ITEM_064,play,3,2026-04-23
C01097,ITEM_012,view,1,2026-04-24
C00280,ITEM_034,view,1,2026-05-13
C00359,ITEM_062,play,3,2026-05-31
C00747,ITEM_046,view,1,2026-06-28
C00576,ITEM_011,purchase,5,2026-02-03
C01175,ITEM_056,view,1,2026-03-19
C00071,ITEM_013,view,1,2026-02-28
C00146,ITEM_025,play,3,2026-06-07
C00410,ITEM_077,play,3,2026-01-22
C00550,ITEM_078,view,1,2026-04-30
C01068,ITEM_001,play,3,2026-02-26
C00592,ITEM_030,view,1,2026-01-02
C00524,ITEM_025,view,1,2026-04-18
C00200,ITEM_042,view,1,2026-03-12
C00521,ITEM_066,play,3,2026-05-05
C00637,ITEM_066,play,3,2026-03-12
C00700,ITEM_010,view,1,2026-02-04
C00727,ITEM_059,play,3,2026-01-22
C00515,ITEM_002,play,3,2026-02-02
C00188,ITEM_040,view,1,2026-03-20
C00183,ITEM_045,view,1,2026-02-18
C00185,ITEM_032,view,1,2026-01-21
C00742,ITEM_070,view,1,2026-02-27
C01027,ITEM_050,purchase,5,2026-05-31
C01059,ITEM_078,play,3,2026-06-01
C00373,ITEM_034,view,1,2026-03-07
C00095,ITEM_032,view,1,2026-04-04
C00756,ITEM_047,view,1,2026-02-02
C00046,ITEM_019,view,1,2026-03-16
C00752,ITEM_063,view,1,2026-04-19
C00459,ITEM_024,view,1,2026-01-04
C01007,ITEM_009,view,1,2026-06-04
C00750,ITEM_037,view,1,2026-06-12
C00887,ITEM_055,view,1,2026-06-18
C00486,ITEM_043,view,1,2026-02-08
C01008,ITEM_004,view,1,2026-06-10
C00630,ITEM_001,view,1,2026-01-21
C00750,ITEM_058,view,1,2026-06-08
C00432,ITEM_079,view,1,2026-01-25
C00539,ITEM_016,purchase,5,2026-03-04
C01008,ITEM_077,view,1,2026-06-20
C00472,ITEM_039,view,1,2026-04-01
C00025,ITEM_011,view,1,2026-02-08
C00454,ITEM_021,view,1,2026-03-08
C00470,ITEM_077,view,1,2026-03-01
C00502,ITEM_025,play,3,2026-06-16
C00084,ITEM_067,purchase,5,2026-03-16
C00155,ITEM_050,view,1,2026-01-17
C00388,ITEM_064,view,1,2026-01-30
C00508,ITEM_034,play,3,2026-04-10
C00034,ITEM_009,view,1,2026-01-03
C00467,ITEM_039,view,1,2026-02-14
C00384,ITEM_075,play,3,2026-04-19
C00041,ITEM_079,view,1,2026-06-03
C00300,ITEM_032,view,1,2026-01-18
C00330,ITEM_009,view,1,2026-03-03
C00172,ITEM_017,view,1,2026-03-12
C00902,ITEM_030,purchase,5,2026-06-05
C00086,ITEM_078,view,1,2026-05-22
C00693,ITEM_042,view,1,2026-06-17
C00798,ITEM_039,view,1,2026-04-22
C00967,ITEM_065,view,1,2026-01-31
C00654,ITEM_014,view,1,2026-06-18
C00651,ITEM_022,view,1,2026-05-16
C00912,ITEM_059,view,1,2026-04-29
C01024,ITEM_031,view,1,2026-03-04
C00253,ITEM_047,play,3,2026-05-24
C00955,ITEM_065,view,1,2026-03-14
C00554,ITEM_059,purchase,5,2026-02-28
C00117,ITEM_042,view,1,2026-02-19
C00734,ITEM_005,view,1,2026-04-29
C01172,ITEM_068,purchase,5,2026-04-21
C00168,ITEM_006,play,3,2026-02-10
C00017,ITEM_005,view,1,2026-03-03
C01099,ITEM_017,view,1,2026-02-10
C00716,ITEM_022,play,3,2026-05-14
C00262,ITEM_063,view,1,2026-03-03
C00951,ITEM_044,view,1,2026-05-21
C00472,ITEM_073,view,1,2026-02-11
C00398,ITEM_009,play,3,2026-03-13
C00347,ITEM_078,view,1,2026-01-05
C00718,ITEM_038,view,1,2026-01-01
C00161,ITEM_047,purchase,5,2026-01-06
C00434,ITEM_001,view,1,2026-01-12
C00366,ITEM_058,play,3,2026-06-17
C00072,ITEM_040,view,1,2026-02-19
C00915,ITEM_059,play,3,2026-04-06
C00010,ITEM_073,view,1,2026-06-21
C01151,ITEM_017,view,1,2026-03-29
C00113,ITEM_075,view,1,2026-03-12
C00429,ITEM_038,play,3,2026-05-12
C00118,ITEM_025,view,1,2026-05-14
C00440,ITEM_056,view,1,2026-01-19
C00733,ITEM_000,view,1,2026-06-18
C00104,ITEM_054,play,3,2026-01-23
C00631,ITEM_072,play,3,2026-03-03
C00926,ITEM_016,view,1,2026-06-21
C00546,ITEM_045,view,1,2026-04-12
C00134,ITEM_062,play,3,2026-04-13
C00830,ITEM_046,view,1,2026-06-03
C00223,ITEM_074,view,1,2026-03-22
C00020,ITEM_065,view,1,2026-04-21
C00524,ITEM_022,view,1,2026-04-09
C00325,ITEM_031,purchase,5,2026-01-21
C00034,ITEM_053,view,1,2026-02-24
C00932,ITEM_033,view,1,2026-05-19
C00719,ITEM_031,play,3,2026-03-01
C01091,ITEM_068,view,1,2026-06-12
C00576,ITEM_008,purchase,5,2026-06-22
C00526,ITEM_039,view,1,2026-05-19
C01011,ITEM_030,purchase,5,2026-01-01
C00097,ITEM_058,play,3,2026-05-16
C00434,ITEM_078,play,3,2026-06-26
C00958,ITEM_072,view,1,2026-05-17
C00351,ITEM_028,play,3,2026-04-25
C01062,ITEM_031,play,3,2026-04-21
C00340,ITEM_009,view,1,2026-03-31
C00496,ITEM_071,view,1,2026-02-14
C01076,ITEM_024,play,3,2026-03-27
C00292,ITEM_026,purchase,5,2026-06-13
C01161,ITEM_030,play,3,2026-01-16
C00052,ITEM_074,view,1,2026-01-24
C00318,ITEM_079,play,3,2026-06-07
C00709,ITEM_024,view,1,2026-05-29
C00712,ITEM_051,view,1,2026-04-02
C01091,ITEM_018,play,3,2026-03-06
C01151,ITEM_036,view,1,2026-01-20
C00813,ITEM_057,play,3,2026-05-02
C00791,ITEM_040,view,1,2026-04-08
C00380,ITEM_073,view,1,2026-05-25
C00966,ITEM_040,play,3,2026-03-07
C00771,ITEM_061,view,1,2026-05-24
C00028,ITEM_036,purchase,5,2026-06-21
C00998,ITEM_059,purchase,5,2026-01-30
C00431,ITEM_065,play,3,2026-05-18
C00570,ITEM_077,play,3,2026-04-20
C00583,ITEM_027,view,1,2026-03-15
C00983,ITEM_044,view,1,2026-02-08
C00321,ITEM_056,play,3,2026-01-28
C00470,ITEM_071,view,1,2026-01-21
C00046,ITEM_008,play,3,2026-02-17
C00418,ITEM_002,view,1,2026-04-03
C00106,ITEM_006,play,3,2026-04-07
C00699,ITEM_010,view,1,2026-06-27
C01071,ITEM_022,play,3,2026-05-14
C00557,ITEM_021,view,1,2026-06-26
C01094,ITEM_008,view,1,2026-05-16
C01172,ITEM_075,purchase,5,2026-04-14
C00064,ITEM_064,view,1,2026-05-27
C00619,ITEM_015,view,1,2026-05-19
C00633,ITEM_031,view,1,2026-05-26
C00462,ITEM_030,view,1,2026-02-14
C00996,ITEM_067,view,1,2026-05-11
C00473,ITEM_002,play,3,2026-02-10
C00066,ITEM_068,view,1,2026-02-27
C00657,ITEM_006,view,1,2026-05-08
C00242,ITEM_042,play,3,2026-04-01
C00425,ITEM_046,play,3,2026-05-22
C00602,ITEM_016,view,1,2026-05-10
C00867,ITEM_007,view,1,2026-05-14
C00333,ITEM_034,view,1,2026-01-27
C00456,ITEM_071,play,3,2026-01-19
C00081,ITEM_045,play,3,2026-02-14
C00460,ITEM_070,play,3,2026-03-06
C00696,ITEM_027,play,3,2026-05-28
C00740,ITEM_049,play,3,2026-01-08
C00351,ITEM_069,view,1,2026-04-08
C00073,ITEM_031,view,1,2026-05-22
C00692,ITEM_078,view,1,2026-03-07
C00786,ITEM_071,purchase,5,2026-02-26
C00102,ITEM_047,view,1,2026-02-06
C00605,ITEM_039,view,1,2026-03-19
C00114,ITEM_013,play,3,2026-04-21
C00543,ITEM_015,view,1,2026-04-15
C00769,ITEM_070,view,1,2026-06-03
C00863,ITEM_027,play,3,2026-01-01
C00856,ITEM_073,purchase,5,2026-02-22
C00909,ITEM_029,view,1,2026-03-05
C00289,ITEM_020,view,1,2026-03-12
C01015,ITEM_046,purchase,5,2026-05-11
C00419,ITEM_024,play,3,2026-01-19
C00449,ITEM_032,view,1,2026-02-21
C00945,ITEM_037,view,1,2026-01-10
C00392,ITEM_065,view,1,2026-04-13
C00089,ITEM_066,view,1,2026-06-23
C00857,ITEM_050,view,1,2026-06-25
C00794,ITEM_075,play,3,2026-01-09
C00698,ITEM_020,play,3,2026-01-22
C00171,ITEM_052,play,3,2026-04-13
C00758,ITEM_032,view,1,2026-02-18
C00238,ITEM_033,view,1,2026-02-11
C00666,ITEM_057,play,3,2026-05-04
C00609,ITEM_026,view,1,2026-02-25
C00927,ITEM_019,view,1,2026-04-18
C01171,ITEM_038,view,1,2026-01-08
C00228,ITEM_007,view,1,2026-06-26
C00137,ITEM_045,view,1,2026-01-16
C00666,ITEM_056,view,1,2026-01-07
C01142,ITEM_012,play,3,2026-03-17
C00189,ITEM_032,view,1,2026-06-08
C00584,ITEM_022,view,1,2026-04-25
C00488,ITEM_009,view,1,2026-03-29
C00381,ITEM_010,view,1,2026-02-19
C00796,ITEM_038,view,1,2026-02-10
C00354,ITEM_043,view,1,2026-04-28
C00591,ITEM_044,view,1,2026-04-01
C01014,ITEM_005,view,1,2026-04-21
C00455,ITEM_002,purchase,5,2026-03-16
C00025,ITEM_009,view,1,2026-02-24
C01061,ITEM_063,view,1,2026-02-02
C00329,ITEM_051,purchase,5,2026-02-22
C00927,ITEM_039,play,3,2026-02-09
C00915,ITEM_002,play,3,2026-03-29
C00631,ITEM_002,view,1,2026-02-21
C00105,ITEM_031,play,3,2026-05-24
C01140,ITEM_068,view,1,2026-04-10
C00817,ITEM_008,play,3,2026-02-25
C00509,ITEM_046,play,3,2026-01-15
C01024,ITEM_045,view,1,2026-01-22
C00945,ITEM_077,purchase,5,2026-01-16
C00912,ITEM_023,purchase,5,2026-02-27
C00201,ITEM_022,view,1,2026-03-01
C00759,ITEM_048,view,1,2026-01-09
C00342,ITEM_033,play,3,2026-05-08
C00094,ITEM_013,view,1,2026-04-06
C00405,ITEM_053,view,1,2026-06-26
C00124,ITEM_076,view,1,2026-06-09
C00126,ITEM_073,play,3,2026-01-03
C00872,ITEM_008,purchase,5,2026-05-06
C00602,ITEM_063,view,1,2026-06-25
C00477,ITEM_056,play,3,2026-05-25
C00230,ITEM_051,play,3,2026-05-04
C00925,ITEM_037,view,1,2026-01-26
C00761,ITEM_063,view,1,2026-06-12
C00702,ITEM_045,view,1,2026-05-28
C00228,ITEM_007,play,3,2026-04-07
C00148,ITEM_010,view,1,2026-06-15
C00148,ITEM_057,view,1,2026-03-25
C00030,ITEM_032,view,1,2026-04-06
C01162,ITEM_046,view,1,2026-05-22
C00441,ITEM_064,view,1,2026-05-10
C00789,ITEM_021,play,3,2026-04-10
C01178,ITEM_071,view,1,2026-05-21
C01123,ITEM_019,play,3,2026-06-11
C00384,ITEM_035,play,3,2026-04-27
C00587,ITEM_023,play,3,2026-06-10
C00555,ITEM_055,view,1,2026-03-15
C00040,ITEM_009,view,1,2026-04-06
C00921,ITEM_026,play,3,2026-04-27
C00689,ITEM_021,view,1,2026-04-14
C00445,ITEM_057,view,1,2026-02-02
C00669,ITEM_005,view,1,2026-03-24
C00882,ITEM_051,view,1,2026-01-25
C00017,ITEM_053,view,1,2026-05-05
C00775,ITEM_058,purchase,5,2026-05-24
C01033,ITEM_040,play,3,2026-05-03
C00871,ITEM_051,play,3,2026-06-05
C00743,ITEM_010,purchase,5,2026-04-28
C00108,ITEM_044,play,3,2026-03-10
C00893,ITEM_055,view,1,2026-01-12
C00900,ITEM_019,view,1,2026-01-06
C00592,ITEM_014,play,3,2026-06-23
C00699,ITEM_023,view,1,2026-05-21
C00742,ITEM_039,purchase,5,2026-03-02
C00145,ITEM_003,view,1,2026-06-21
C00308,ITEM_073,view,1,2026-02-14
C00950,ITEM_052,play,3,2026-05-19
C01168,ITEM_060,play,3,2026-02-07
C00324,ITEM_067,play,3,2026-05-08
C00480,ITEM_046,view,1,2026-01-13
C01098,ITEM_061,view,1,2026-05-03
C00194,ITEM_046,play,3,2026-03-24
C00313,ITEM_061,purchase,5,2026-04-15
C00067,ITEM_005,view,1,2026-01-08
C00281,ITEM_065,view,1,2026-03-08
C00763,ITEM_034,view,1,2026-01-29
C00417,ITEM_038,play,3,2026-04-21
C01180,ITEM_024,view,1,2026-01-01
C01069,ITEM_032,purchase,5,2026-06-12
C01074,ITEM_037,view,1,2026-02-01
C00871,ITEM_029,play,3,2026-04-04
C00842,ITEM_076,play,3,2026-06-29
C00611,ITEM_040,view,1,2026-03-15
C01188,ITEM_062,view,1,2026-04-08
C00114,ITEM_076,view,1,2026-06-22
C00867,ITEM_048,play,3,2026-01-13
C00168,ITEM_026,play,3,2026-04-12
C00407,ITEM_056,view,1,2026-04-12
C00306,ITEM_000,view,1,2026-05-11
C00721,ITEM_058,purchase,5,2026-04-19
C00944,ITEM_000,view,1,2026-03-28
C00095,ITEM_036,view,1,2026-04-09
C00721,ITEM_022,purchase,5,2026-02-21
C00266,ITEM_069,purchase,5,2026-03-02
C00092,ITEM_051,view,1,2026-06-20
C00501,ITEM_049,view,1,2026-04-29
C00697,ITEM_052,view,1,2026-05-03
C00242,ITEM_059,view,1,2026-01-26
C00467,ITEM_012,play,3,2026-03-11
C01144,ITEM_000,view,1,2026-02-09
C00416,ITEM_074,view,1,2026-06-20
C01194,ITEM_043,view,1,2026-06-29
C01001,ITEM_053,play,3,2026-03-02
C00445,ITEM_029,play,3,2026-03-16
C00692,ITEM_067,view,1,2026-05-04
C00851,ITEM_004,view,1,2026-01-27
C00557,ITEM_035,view,1,2026-04-12
C00489,ITEM_051,play,3,2026-02-09
C00395,ITEM_037,play,3,2026-04-05
C00167,ITEM_074,play,3,2026-05-11
C00029,ITEM_000,purchase,5,2026-05-14
C00404,ITEM_058,view,1,2026-01-21
C00954,ITEM_070,play,3,2026-02-22
C00280,ITEM_006,view,1,2026-03-05
C00215,ITEM_051,view,1,2026-05-11
C00393,ITEM_004,view,1,2026-03-01
C00718,ITEM_049,play,3,2026-03-25
C00258,ITEM_027,play,3,2026-02-11
C00264,ITEM_066,view,1,2026-03-04
C00134,ITEM_019,play,3,2026-03-27
C00398,ITEM_029,play,3,2026-02-07
C00260,ITEM_002,purchase,5,2026-01-20
C00997,ITEM_058,view,1,2026-01-26
C01086,ITEM_003,purchase,5,2026-03-24
C00444,ITEM_053,play,3,2026-01-30
C00102,ITEM_027,play,3,2026-01-06
C00104,ITEM_075,view,1,2026-05-31
C00389,ITEM_010,play,3,2026-06-24
C00556,ITEM_051,play,3,2026-04-03
C00634,ITEM_015,view,1,2026-04-19
C00364,ITEM_003,purchase,5,2026-01-30
C00425,ITEM_069,view,1,2026-01-14
C00340,ITEM_070,play,3,2026-01-15
C00621,ITEM_079,view,1,2026-02-04
C00836,ITEM_014,view,1,2026-01-21
C00052,ITEM_064,view,1,2026-05-13
C00574,ITEM_039,view,1,2026-05-19
C00778,ITEM_018,view,1,2026-05-12
C00807,ITEM_031,view,1,2026-02-21
C00676,ITEM_014,view,1,2026-03-07
C00630,ITEM_049,play,3,2026-03-06
C00817,ITEM_046,view,1,2026-01-27
C00454,ITEM_013,view,1,2026-03-27
C00680,ITEM_062,view,1,2026-04-07
C00383,ITEM_045,view,1,2026-02-06
C00525,ITEM_052,view,1,2026-02-19
C00148,ITEM_010,purchase,5,2026-03-26
C00420,ITEM_064,view,1,2026-01-18
C00170,ITEM_029,view,1,2026-04-17
C00271,ITEM_038,view,1,2026-03-04
C00503,ITEM_012,view,1,2026-05-08
C00600,ITEM_079,play,3,2026-05-16
C01130,ITEM_041,purchase,5,2026-03-08
C00031,ITEM_062,view,1,2026-03-05
C01078,ITEM_048,view,1,2026-04-06
C00393,ITEM_004,play,3,2026-01-08
C00868,ITEM_055,view,1,2026-02-04
C00813,ITEM_029,view,1,2026-01-22
C01165,ITEM_047,play,3,2026-02-21
C00130,ITEM_044,view,1,2026-04-18
C01160,ITEM_062,view,1,2026-02-14
C00075,ITEM_017,play,3,2026-04-04
C01052,ITEM_077,view,1,2026-05-05
C00782,ITEM_032,view,1,2026-05-02
C00578,ITEM_057,play,3,2026-04-06
C00477,ITEM_050,view,1,2026-04-13
C00112,ITEM_045,view,1,2026-03-21
C00962,ITEM_044,play,3,2026-03-31
C00873,ITEM_048,play,3,2026-05-24
C01124,ITEM_068,play,3,2026-03-27
C00876,ITEM_022,view,1,2026-03-05
C01148,ITEM_021,view,1,2026-06-23
C01064,ITEM_079,play,3,2026-06-15
C00510,ITEM_073,view,1,2026-06-05
C00844,ITEM_031,play,3,2026-05-28
C00317,ITEM_025,view,1,2026-03-10
C00954,ITEM_059,view,1,2026-06-22
C00730,ITEM_073,play,3,2026-04-28
C00528,ITEM_075,play,3,2026-06-10
C00753,ITEM_019,view,1,2026-01-04
C00332,ITEM_017,view,1,2026-01-20
C00746,ITEM_040,play,3,2026-01-04
C00569,ITEM_014,purchase,5,2026-06-29
C00386,ITEM_074,view,1,2026-02-27
C01170,ITEM_028,view,1,2026-01-08
C00076,ITEM_022,view,1,2026-05-16
C00909,ITEM_077,view,1,2026-05-23
C00252,ITEM_067,view,1,2026-06-16
C00267,ITEM_075,play,3,2026-04-15
C00185,ITEM_040,view,1,2026-05-03
C00122,ITEM_063,view,1,2026-04-22
C00148,ITEM_033,view,1,2026-05-08
C00999,ITEM_005,view,1,2026-04-04
C01111,ITEM_053,view,1,2026-01-06
C00701,ITEM_006,view,1,2026-01-31
C00016,ITEM_015,view,1,2026-06-17
C01037,ITEM_023,play,3,2026-01-09
C00722,ITEM_052,view,1,2026-01-16
C00625,ITEM_062,view,1,2026-05-25
C01136,ITEM_014,play,3,2026-06-20
C00491,ITEM_058,view,1,2026-03-22
C00432,ITEM_056,view,1,2026-01-26
C00935,ITEM_047,play,3,2026-04-16
C00632,ITEM_048,view,1,2026-01-07
C00860,ITEM_032,view,1,2026-03-06
C00834,ITEM_011,play,3,2026-04-12
C01007,ITEM_010,view,1,2026-06-08
C00380,ITEM_008,purchase,5,2026-01-21
C00086,ITEM_038,view,1,2026-04-20
C00573,ITEM_048,view,1,2026-01-06
C00777,ITEM_011,view,1,2026-03-25
C00980,ITEM_009,view,1,2026-05-01
C00320,ITEM_055,view,1,2026-01-07
C00894,ITEM_050,view,1,2026-05-13
C00998,ITEM_074,view,1,2026-06-27
C00970,ITEM_079,view,1,2026-02-22
C00969,ITEM_079,view,1,2026-05-17
C01184,ITEM_009,view,1,2026-04-07
C00793,ITEM_029,play,3,2026-06-15
C00444,ITEM_037,view,1,2026-04-16
C00523,ITEM_059,play,3,2026-05-25
C00896,ITEM_073,view,1,2026-01-29
C00283,ITEM_066,view,1,2026-02-16
C00723,ITEM_074,purchase,5,2026-03-21
C00687,ITEM_001,purchase,5,2026-06-12
C00799,ITEM_002,view,1,2026-04-25
C00505,ITEM_032,view,1,2026-02-08
C00887,ITEM_064,play,3,2026-06-09
C00085,ITEM_026,view,1,2026-04-22
C00899,ITEM_019,view,1,2026-03-17
C00974,ITEM_019,view,1,2026-03-11
C01062,ITEM_059,view,1,2026-05-06
C01107,ITEM_062,play,3,2026-06-08
C00419,ITEM_028,view,1,2026-04-01
C00055,ITEM_004,view,1,2026-06-01
C00784,ITEM_017,view,1,2026-05-08
C00108,ITEM_023,view,1,2026-01-14
C00336,ITEM_037,play,3,2026-05-23
C00842,ITEM_030,play,3,2026-04-11
C00713,ITEM_014,view,1,2026-04-06
C00727,ITEM_078,play,3,2026-04-21
C00901,ITEM_033,view,1,2026-01-11
C00197,ITEM_017,view,1,2026-06-13
C00949,ITEM_031,view,1,2026-06-07
C00703,ITEM_059,view,1,2026-06-29
C00504,ITEM_077,view,1,2026-04-19
C00556,ITEM_035,play,3,2026-02-13
C00610,ITEM_043,view,1,2026-04-19
C00660,ITEM_024,view,1,2026-02-20
C00400,ITEM_055,play,3,2026-04-02
C00267,ITEM_054,play,3,2026-05-25
C00202,ITEM_013,view,1,2026-02-01
C00408,ITEM_043,view,1,2026-03-23
C00312,ITEM_079,play,3,2026-03-29
C00619,ITEM_018,view,1,2026-06-17
C01094,ITEM_039,view,1,2026-04-07
C00129,ITEM_053,view,1,2026-03-03
C00370,ITEM_006,view,1,2026-03-11
C00058,ITEM_041,play,3,2026-02-24
C01169,ITEM_048,play,3,2026-01-27
C00840,ITEM_043,view,1,2026-05-08
C00289,ITEM_025,purchase,5,2026-05-18
C00497,ITEM_064,view,1,2026-02-05
C00867,ITEM_023,view,1,2026-03-24
C01149,ITEM_040,view,1,2026-05-16
C00688,ITEM_025,view,1,2026-05-07
C00325,ITEM_068,view,1,2026-01-15
C00836,ITEM_036,play,3,2026-01-09
C00822,ITEM_030,view,1,2026-01-13
C00772,ITEM_022,view,1,2026-04-01
C00055,ITEM_042,view,1,2026-06-14
C00848,ITEM_062,view,1,2026-01-14
C00023,ITEM_049,view,1,2026-05-07
C01086,ITEM_014,view,1,2026-05-13
C01058,ITEM_001,view,1,2026-06-23
C00676,ITEM_011,play,3,2026-04-15
C00775,ITEM_071,play,3,2026-06-21
C00081,ITEM_008,view,1,2026-03-23
C01049,ITEM_014,view,1,2026-02-17
C00324,ITEM_032,view,1,2026-06-25
C00314,ITEM_014,view,1,2026-04-04
C00849,ITEM_009,play,3,2026-02-28
C01126,ITEM_014,view,1,2026-04-26
C00592,ITEM_002,play,3,2026-03-18
C00609,ITEM_041,view,1,2026-05-15
C00658,ITEM_023,purchase,5,2026-05-13
C00349,ITEM_023,play,3,2026-01-04
C00715,ITEM_078,play,3,2026-04-05
C01153,ITEM_073,purchase,5,2026-06-03
C00459,ITEM_000,view,1,2026-04-29
C00927,ITEM_072,view,1,2026-05-10
C00928,ITEM_005,view,1,2026-06-25
C01020,ITEM_046,play,3,2026-03-03
C00868,ITEM_046,play,3,2026-05-06
C01105,ITEM_049,view,1,2026-01-06
C00857,ITEM_039,play,3,2026-01-28
C01171,ITEM_053,view,1,2026-05-06
C00858,ITEM_008,view,1,2026-02-07
C01004,ITEM_035,view,1,2026-05-22
C01068,ITEM_071,view,1,2026-06-06
C01180,ITEM_044,view,1,2026-06-10
C00714,ITEM_053,play,3,2026-01-09
C00852,ITEM_005,view,1,2026-02-28
C01160,ITEM_039,view,1,2026-04-02
C00456,ITEM_007,view,1,2026-01-03
C00143,ITEM_043,view,1,2026-06-13
C01061,ITEM_027,play,3,2026-06-23
C00758,ITEM_063,play,3,2026-05-20
C00514,ITEM_062,view,1,2026-02-20
C00860,ITEM_007,play,3,2026-01-21
C00039,ITEM_029,play,3,2026-05-29
C00572,ITEM_074,play,3,2026-05-14
C00318,ITEM_001,view,1,2026-06-20
C00345,ITEM_009,view,1,2026-03-10
C01163,ITEM_074,play,3,2026-01-31
C00660,ITEM_036,view,1,2026-06-12
C00168,ITEM_049,view,1,2026-01-20
C00437,ITEM_019,view,1,2026-04-14
C00291,ITEM_033,view,1,2026-03-26
C01090,ITEM_053,view,1,2026-04-09
C00349,ITEM_024,play,3,2026-03-14
C00428,ITEM_067,view,1,2026-01-02
C00400,ITEM_074,view,1,2026-04-22
C00210,ITEM_049,purchase,5,2026-02-14
C00936,ITEM_021,view,1,2026-01-22
C00691,ITEM_017,view,1,2026-03-16
C00524,ITEM_001,play,3,2026-02-22
C00475,ITEM_062,purchase,5,2026-05-11
C00800,ITEM_071,play,3,2026-03-07
C00115,ITEM_075,view,1,2026-04-04
C01118,ITEM_078,view,1,2026-03-29
C00677,ITEM_012,play,3,2026-06-03
C00273,ITEM_055,play,3,2026-01-19
C00645,ITEM_020,view,1,2026-01-07
C01022,ITEM_013,play,3,2026-06-06
C00207,ITEM_042,view,1,2026-02-28
C00628,ITEM_054,view,1,2026-05-10
C00717,ITEM_059,view,1,2026-04-18
C00972,ITEM_039,view,1,2026-05-18
C00680,ITEM_010,purchase,5,2026-04-29
C00883,ITEM_005,view,1,2026-02-13
C00928,ITEM_004,play,3,2026-04-01
C01069,ITEM_061,view,1,2026-02-25
C00433,ITEM_045,play,3,2026-03-13
C00844,ITEM_027,view,1,2026-04-09
C00298,ITEM_063,purchase,5,2026-01-13
C01013,ITEM_028,view,1,2026-01-06
C01141,ITEM_023,play,3,2026-05-06
C00353,ITEM_064,play,3,2026-01-16
C00673,ITEM_046,view,1,2026-06-12
C00986,ITEM_054,purchase,5,2026-04-26
C00032,ITEM_064,view,1,2026-05-26
C00846,ITEM_025,play,3,2026-03-26
C00984,ITEM_002,view,1,2026-05-07
C01045,ITEM_053,play,3,2026-02-03
C00236,ITEM_026,purchase,5,2026-04-25
C00908,ITEM_077,play,3,2026-02-25
C00943,ITEM_024,view,1,2026-05-19
C00003,ITEM_063,view,1,2026-03-08
C00846,ITEM_057,play,3,2026-05-20
C00751,ITEM_056,view,1,2026-06-10
C01162,ITEM_053,purchase,5,2026-01-02
C00051,ITEM_005,view,1,2026-01-12
C01158,ITEM_066,view,1,2026-03-06
C00685,ITEM_021,play,3,2026-04-09
C00329,ITEM_043,view,1,2026-06-06
C00464,ITEM_020,view,1,2026-03-21
C00919,ITEM_018,view,1,2026-06-03
C01195,ITEM_030,purchase,5,2026-05-12
C00380,ITEM_034,view,1,2026-05-08
C01180,ITEM_072,purchase,5,2026-06-13
C00755,ITEM_031,view,1,2026-02-25
C00230,ITEM_075,view,1,2026-05-01
C00717,ITEM_053,view,1,2026-05-24
C00962,ITEM_050,view,1,2026-06-24
C00065,ITEM_076,view,1,2026-02-11
C00094,ITEM_079,view,1,2026-05-22
C00006,ITEM_036,view,1,2026-02-10
C00684,ITEM_031,play,3,2026-06-23
C00069,ITEM_051,view,1,2026-04-07
C01118,ITEM_016,view,1,2026-06-07
C00153,ITEM_014,view,1,2026-04-13
C00085,ITEM_025,view,1,2026-01-14
C00309,ITEM_045,play,3,2026-03-05
C00915,ITEM_079,play,3,2026-04-20
C01088,ITEM_058,play,3,2026-04-19
C00301,ITEM_024,view,1,2026-04-10
C00622,ITEM_061,view,1,2026-05-08
C00928,ITEM_041,play,3,2026-04-14
C00956,ITEM_077,purchase,5,2026-02-02
C00183,ITEM_049,view,1,2026-01-15
C01005,ITEM_079,view,1,2026-02-21
C01040,ITEM_062,play,3,2026-01-25
C00881,ITEM_041,purchase,5,2026-05-06
C00632,ITEM_062,view,1,2026-06-25
C00469,ITEM_068,view,1,2026-06-16
C01067,ITEM_016,play,3,2026-04-12
C01036,ITEM_058,play,3,2026-06-09
C00621,ITEM_079,view,1,2026-04-29
C00890,ITEM_041,view,1,2026-01-24
C00479,ITEM_036,view,1,2026-04-16
C00891,ITEM_002,play,3,2026-04-13
C00107,ITEM_059,play,3,2026-04-10
C01081,ITEM_078,view,1,2026-05-25
C00618,ITEM_049,view,1,2026-06-27
C00718,ITEM_077,play,3,2026-02-12
C00227,ITEM_010,view,1,2026-01-04
C00634,ITEM_041,view,1,2026-04-26
C00003,ITEM_062,view,1,2026-01-20
C01068,ITEM_027,view,1,2026-03-18
C00898,ITEM_066,play,3,2026-06-17
C00545,ITEM_008,view,1,2026-04-30
C01003,ITEM_068,play,3,2026-06-18
C00973,ITEM_004,play,3,2026-01-06
C00142,ITEM_007,view,1,2026-05-08
C00064,ITEM_064,play,3,2026-02-26
C00304,ITEM_077,view,1,2026-01-14
C00001,ITEM_032,play,3,2026-02-25
C00687,ITEM_017,view,1,2026-06-18
C00633,ITEM_045,purchase,5,2026-03-17
C00645,ITEM_022,view,1,2026-06-15
C00088,ITEM_024,view,1,2026-01-21
C01101,ITEM_000,view,1,2026-04-29
C01171,ITEM_049,view,1,2026-03-20
C00708,ITEM_012,view,1,2026-02-23
C00006,ITEM_060,view,1,2026-04-08
C00475,ITEM_016,view,1,2026-04-21
C00861,ITEM_071,view,1,2026-01-05
C00898,ITEM_054,play,3,2026-04-28
C00292,ITEM_039,view,1,2026-02-24
C00987,ITEM_033,view,1,2026-05-25
C01161,ITEM_024,purchase,5,2026-02-01
C00610,ITEM_005,play,3,2026-02-21
C00457,ITEM_006,view,1,2026-06-24
C00631,ITEM_045,view,1,2026-02-14
C00032,ITEM_068,view,1,2026-01-24
C00628,ITEM_055,view,1,2026-04-10
C00032,ITEM_068,play,3,2026-04-23
C00041,ITEM_059,view,1,2026-04-13
C00664,ITEM_028,purchase,5,2026-03-14
C00612,ITEM_074,play,3,2026-01-20
C01184,ITEM_016,purchase,5,2026-02-21
C00609,ITEM_021,view,1,2026-01-11
C01175,ITEM_053,play,3,2026-06-03
C00968,ITEM_002,play,3,2026-02-16
C00404,ITEM_060,play,3,2026-04-30
C01111,ITEM_024,view,1,2026-02-16
C00579,ITEM_057,view,1,2026-04-22
C00713,ITEM_059,view,1,2026-01-17
C00120,ITEM_005,view,1,2026-01-17
C00255,ITEM_026,purchase,5,2026-02-26
C00626,ITEM_078,play,3,2026-02-16
C00325,ITEM_074,view,1,2026-02-27
C00719,ITEM_043,view,1,2026-02-19
C00095,ITEM_034,view,1,2026-05-05
C00301,ITEM_048,play,3,2026-03-20
C00798,ITEM_058,purchase,5,2026-01-28
C00734,ITEM_003,view,1,2026-06-15
C01180,ITEM_025,view,1,2026-04-25
C01079,ITEM_000,purchase,5,2026-03-14
C00972,ITEM_040,play,3,2026-04-02
C00001,ITEM_010,play,3,2026-03-01
C00722,ITEM_071,view,1,2026-03-12
C00274,ITEM_031,view,1,2026-01-13
C00320,ITEM_070,play,3,2026-05-30
C00251,ITEM_075,view,1,2026-03-11
C00547,ITEM_021,play,3,2026-05-06
C00148,ITEM_058,play,3,2026-01-10
C00638,ITEM_003,view,1,2026-01-17
C00199,ITEM_079,view,1,2026-03-07
C00600,ITEM_060,play,3,2026-01-07
C00751,ITEM_054,purchase,5,2026-06-24
C00215,ITEM_046,view,1,2026-01-08
C00123,ITEM_007,play,3,2026-04-11
C00967,ITEM_020,view,1,2026-03-05
C00886,ITEM_055,purchase,5,2026-02-07
C00313,ITEM_017,play,3,2026-01-26
C01064,ITEM_051,view,1,2026-02-23
C00265,ITEM_066,play,3,2026-01-10
C01111,ITEM_070,play,3,2026-04-13
C00135,ITEM_005,play,3,2026-02-12
C00792,ITEM_043,view,1,2026-01-04
C00023,ITEM_010,play,3,2026-01-21
C00236,ITEM_019,play,3,2026-06-11
C00485,ITEM_070,view,1,2026-02-13
C00102,ITEM_058,view,1,2026-04-15
C00548,ITEM_054,play,3,2026-03-15
C00278,ITEM_060,play,3,2026-03-30
C00118,ITEM_009,view,1,2026-06-03
C01154,ITEM_041,play,3,2026-05-09
C01178,ITEM_018,view,1,2026-04-10
C01154,ITEM_007,play,3,2026-02-06
C00184,ITEM_073,view,1,2026-06-02
C00458,ITEM_033,view,1,2026-01-04
C00392,ITEM_016,purchase,5,2026-04-11
C00390,ITEM_067,play,3,2026-04-21
C00499,ITEM_056,view,1,2026-06-20
C00612,ITEM_024,purchase,5,2026-01-29
C00582,ITEM_065,purchase,5,2026-02-21
C00350,ITEM_058,play,3,2026-01-03
C01175,ITEM_021,view,1,2026-02-14
C01175,ITEM_020,view,1,2026-06-17
C00397,ITEM_013,play,3,2026-01-02
C00265,ITEM_026,purchase,5,2026-05-22
C00639,ITEM_022,view,1,2026-06-18
C00442,ITEM_026,view,1,2026-01-21
C01184,ITEM_016,view,1,2026-03-06
C00515,ITEM_010,view,1,2026-06-11
C00047,ITEM_056,play,3,2026-05-10
C00150,ITEM_028,view,1,2026-01-13
C00089,ITEM_008,play,3,2026-06-05
C00459,ITEM_057,play,3,2026-05-25
C00379,ITEM_018,view,1,2026-02-26
C01028,ITEM_032,play,3,2026-03-16
C01068,ITEM_067,view,1,2026-02-24
C00168,ITEM_023,view,1,2026-04-04
C01133,ITEM_014,view,1,2026-05-21
C00700,ITEM_056,view,1,2026-05-01
C00368,ITEM_006,view,1,2026-06-24
C00487,ITEM_041,purchase,5,2026-01-18
C00529,ITEM_065,view,1,2026-06-16
C00204,ITEM_034,view,1,2026-06-13
C01040,ITEM_012,play,3,2026-03-10
C00014,ITEM_063,purchase,5,2026-01-26
C00083,ITEM_058,view,1,2026-02-10
C00328,ITEM_030,view,1,2026-06-19
C00172,ITEM_012,view,1,2026-01-02
C00074,ITEM_043,view,1,2026-01-17
C00460,ITEM_062,view,1,2026-01-14
C00452,ITEM_002,play,3,2026-01-31
C00150,ITEM_039,view,1,2026-05-23
C00972,ITEM_027,view,1,2026-01-11
C01059,ITEM_028,play,3,2026-06-23
C00863,ITEM_018,view,1,2026-03-13
C00626,ITEM_052,view,1,2026-04-06
C01136,ITEM_070,play,3,2026-04-17
C00420,ITEM_007,view,1,2026-05-27
C00512,ITEM_001,view,1,2026-04-23
C00018,ITEM_031,view,1,2026-01-11
C00849,ITEM_056,view,1,2026-05-30
C00110,ITEM_006,view,1,2026-01-16
C00798,ITEM_060,view,1,2026-04-06
C00938,ITEM_057,view,1,2026-06-05
C00260,ITEM_026,view,1,2026-04-02
C00734,ITEM_026,view,1,2026-03-17
C00364,ITEM_020,play,3,2026-02-28
C00477,ITEM_056,purchase,5,2026-05-22
C00635,ITEM_013,view,1,2026-04-28
C00299,ITEM_026,view,1,2026-05-26
C00955,ITEM_022,play,3,2026-06-13
C00473,ITEM_029,view,1,2026-04-17
C00554,ITEM_073,view,1,2026-03-05
C00977,ITEM_001,purchase,5,2026-04-17
C00273,ITEM_003,view,1,2026-03-06
C00542,ITEM_032,view,1,2026-02-06
C01192,ITEM_036,view,1,2026-03-03
C00479,ITEM_079,view,1,2026-03-28
C00138,ITEM_021,view,1,2026-02-10
C00341,ITEM_044,view,1,2026-02-26
C01147,ITEM_055,play,3,2026-04-13
C00910,ITEM_055,view,1,2026-01-25
C00970,ITEM_026,purchase,5,2026-01-20
C00304,ITEM_068,view,1,2026-05-20
C01006,ITEM_027,view,1,2026-05-31
C00472,ITEM_034,view,1,2026-02-26
C00953,ITEM_004,view,1,2026-01-25
C01057,ITEM_079,play,3,2026-03-25
C00249,ITEM_072,view,1,2026-02-01
C01126,ITEM_019,view,1,2026-06-07
C00759,ITEM_041,view,1,2026-01-13
C00877,ITEM_066,view,1,2026-04-01
C00908,ITEM_005,view,1,2026-03-10
C00202,ITEM_053,view,1,2026-03-25
C00894,ITEM_060,view,1,2026-05-17
C00255,ITEM_051,play,3,2026-02-17
C00325,ITEM_062,play,3,2026-06-13
C00139,ITEM_017,view,1,2026-06-26
C00217,ITEM_036,view,1,2026-03-20
C01174,ITEM_050,view,1,2026-03-11
C00393,ITEM_078,view,1,2026-02-12
C00464,ITEM_004,view,1,2026-05-27
C00575,ITEM_018,view,1,2026-05-11
C00855,ITEM_026,purchase,5,2026-03-22
C00688,ITEM_067,play,3,2026-05-04
C00643,ITEM_061,view,1,2026-03-08
C01004,ITEM_067,view,1,2026-05-03
C00595,ITEM_051,view,1,2026-05-28
C00922,ITEM_041,view,1,2026-03-21
C01093,ITEM_032,view,1,2026-04-30
C00811,ITEM_043,view,1,2026-04-12
C00042,ITEM_008,view,1,2026-01-14
C00316,ITEM_008,view,1,2026-01-12
C00741,ITEM_005,play,3,2026-02-17
C00574,ITEM_010,view,1,2026-02-15
C00341,ITEM_026,purchase,5,2026-02-04
C00402,ITEM_033,view,1,2026-06-16
C00094,ITEM_079,view,1,2026-04-20
C00281,ITEM_073,view,1,2026-01-08
C00939,ITEM_061,view,1,2026-06-12
C00012,ITEM_017,view,1,2026-02-24
C01004,ITEM_042,view,1,2026-06-27
C00407,ITEM_038,view,1,2026-02-10
C00969,ITEM_050,view,1,2026-01-16
C00307,ITEM_005,view,1,2026-01-24
C00994,ITEM_004,play,3,2026-03-11
C00686,ITEM_023,view,1,2026-06-16
C01021,ITEM_006,play,3,2026-04-10
C00074,ITEM_029,purchase,5,2026-01-23
C00956,ITEM_031,view,1,2026-02-27
C00324,ITEM_077,play,3,2026-03-30
C00430,ITEM_054,view,1,2026-04-08
C00053,ITEM_015,view,1,2026-06-01
C01144,ITEM_047,play,3,2026-01-09
C00769,ITEM_008,view,1,2026-01-01
C01177,ITEM_077,view,1,2026-05-10
C00681,ITEM_004,view,1,2026-01-20
C00189,ITEM_018,view,1,2026-05-03
C00404,ITEM_041,view,1,2026-03-03
C00527,ITEM_054,play,3,2026-03-11
C00176,ITEM_041,view,1,2026-01-27
C01117,ITEM_075,view,1,2026-05-20
C01149,ITEM_015,view,1,2026-02-02
C00676,ITEM_079,purchase,5,2026-01-02
C00701,ITEM_019,purchase,5,2026-04-17
C00844,ITEM_058,play,3,2026-01-28
C00814,ITEM_025,view,1,2026-01-31
C00075,ITEM_054,view,1,2026-02-09
C00637,ITEM_000,view,1,2026-04-25
C00932,ITEM_057,play,3,2026-05-16
C00967,ITEM_065,view,1,2026-06-14
C00715,ITEM_027,play,3,2026-06-26
C01075,ITEM_061,view,1,2026-02-11
C00703,ITEM_042,play,3,2026-02-08
C00459,ITEM_025,view,1,2026-02-08
C00531,ITEM_046,view,1,2026-02-03
C00828,ITEM_045,view,1,2026-01-03
C01063,ITEM_027,view,1,2026-04-16
C00275,ITEM_026,play,3,2026-01-03
C00352,ITEM_035,view,1,2026-01-07
C00782,ITEM_002,purchase,5,2026-03-13
C00916,ITEM_046,view,1,2026-05-26
C00478,ITEM_047,view,1,2026-03-30
C00771,ITEM_043,view,1,2026-03-13
C00008,ITEM_057,view,1,2026-02-02
C00350,ITEM_039,play,3,2026-05-03
C01146,ITEM_026,view,1,2026-02-28
C00691,ITEM_064,view,1,2026-06-29
C01042,ITEM_019,view,1,2026-01-26
C00261,ITEM_000,play,3,2026-05-22
C00349,ITEM_021,purchase,5,2026-05-03
C01169,ITEM_057,play,3,2026-03-07
C01197,ITEM_027,view,1,2026-03-12
C01052,ITEM_013,view,1,2026-06-23
C00380,ITEM_037,view,1,2026-05-13
C00961,ITEM_015,purchase,5,2026-01-08
C00550,ITEM_060,view,1,2026-04-10
C01012,ITEM_008,purchase,5,2026-05-14
C01021,ITEM_015,play,3,2026-03-09
C00521,ITEM_062,play,3,2026-05-05
C00365,ITEM_056,play,3,2026-04-23
C01169,ITEM_019,view,1,2026-03-01
C00540,ITEM_077,view,1,2026-01-02
C00518,ITEM_005,view,1,2026-01-07
C00798,ITEM_014,view,1,2026-05-05
C01124,ITEM_018,play,3,2026-05-20
C00156,ITEM_040,view,1,2026-03-08
C01181,ITEM_040,play,3,2026-03-27
C00506,ITEM_028,play,3,2026-04-03
C00030,ITEM_018,view,1,2026-06-08
C00371,ITEM_048,view,1,2026-04-05
C00554,ITEM_032,view,1,2026-04-13
C00812,ITEM_070,view,1,2026-04-11
C00679,ITEM_006,play,3,2026-01-24
C00163,ITEM_070,play,3,2026-05-07
C00585,ITEM_065,play,3,2026-06-13
C00279,ITEM_035,view,1,2026-01-20
C00323,ITEM_055,play,3,2026-01-13
C00853,ITEM_060,view,1,2026-03-30
C00963,ITEM_070,purchase,5,2026-05-18
C00187,ITEM_040,play,3,2026-01-15
C00722,ITEM_006,play,3,2026-05-14
C00506,ITEM_061,view,1,2026-02-12
C00403,ITEM_012,play,3,2026-02-03
C00855,ITEM_070,view,1,2026-02-04
C00298,ITEM_065,view,1,2026-04-05
C00918,ITEM_056,view,1,2026-04-18
C00480,ITEM_027,view,1,2026-03-25
C00113,ITEM_004,view,1,2026-04-20
C00950,ITEM_034,view,1,2026-05-25
C01022,ITEM_019,play,3,2026-05-30
C00675,ITEM_077,play,3,2026-05-12
C00868,ITEM_062,purchase,5,2026-04-04
C00177,ITEM_014,play,3,2026-02-09
C00407,ITEM_001,view,1,2026-05-15
C00419,ITEM_073,play,3,2026-05-02
C00916,ITEM_041,view,1,2026-06-10
C00422,ITEM_058,view,1,2026-05-09
C00873,ITEM_048,purchase,5,2026-01-25
C00368,ITEM_024,purchase,5,2026-04-13
C00721,ITEM_065,view,1,2026-05-10
C00251,ITEM_017,play,3,2026-06-29
C00670,ITEM_064,view,1,2026-03-01
C00096,ITEM_077,purchase,5,2026-06-04
C00881,ITEM_005,play,3,2026-02-20
C00034,ITEM_062,view,1,2026-03-09
C01199,ITEM_054,play,3,2026-06-23
C01006,ITEM_061,view,1,2026-01-30
C00694,ITEM_063,view,1,2026-02-07
C01091,ITEM_074,play,3,2026-05-31
C00970,ITEM_008,play,3,2026-06-14
C00171,ITEM_024,view,1,2026-01-19
C00893,ITEM_038,play,3,2026-05-29
C00452,ITEM_070,view,1,2026-04-17
C01026,ITEM_051,view,1,2026-06-08
C01036,ITEM_048,play,3,2026-03-31
C01145,ITEM_027,view,1,2026-04-16
C00541,ITEM_009,view,1,2026-02-11
C00231,ITEM_029,purchase,5,2026-04-16
C00150,ITEM_038,play,3,2026-03-17
C00198,ITEM_008,view,1,2026-03-14
C01190,ITEM_012,view,1,2026-02-20
C00703,ITEM_061,play,3,2026-03-14
C00422,ITEM_019,play,3,2026-01-31
C00539,ITEM_018,view,1,2026-06-03
C00207,ITEM_008,view,1,2026-03-14
C00684,ITEM_034,view,1,2026-03-11
C00510,ITEM_003,view,1,2026-06-26
C00957,ITEM_041,view,1,2026-03-29
C00025,ITEM_005,view,1,2026-05-07
C01118,ITEM_006,play,3,2026-06-29
C00072,ITEM_078,purchase,5,2026-06-05
C00500,ITEM_034,view,1,2026-03-05
C00408,ITEM_023,view,1,2026-04-06
C00861,ITEM_012,view,1,2026-05-29
C00789,ITEM_035,view,1,2026-04-01
C00236,ITEM_018,view,1,2026-02-19
C00588,ITEM_017,purchase,5,2026-04-06
C00641,ITEM_028,view,1,2026-01-05
C00556,ITEM_010,play,3,2026-06-08
C00026,ITEM_039,view,1,2026-04-17
C00213,ITEM_032,view,1,2026-02-16
C00604,ITEM_034,play,3,2026-03-28
C00312,ITEM_062,purchase,5,2026-01-06
C00654,ITEM_005,view,1,2026-05-22
C00196,ITEM_021,purchase,5,2026-04-06
C00882,ITEM_028,view,1,2026-01-01
C00226,ITEM_030,play,3,2026-03-24
C00779,ITEM_003,view,1,2026-01-13
C01003,ITEM_020,view,1,2026-03-11
C00430,ITEM_020,play,3,2026-06-04
C00167,ITEM_073,play,3,2026-04-28
C00006,ITEM_006,play,3,2026-03-28
C00432,ITEM_039,view,1,2026-04-03
C00138,ITEM_013,play,3,2026-04-02
C01058,ITEM_078,view,1,2026-01-18
C01167,ITEM_040,view,1,2026-02-10
C01176,ITEM_026,view,1,2026-05-27
C01106,ITEM_074,view,1,2026-06-16
C00704,ITEM_051,view,1,2026-01-27
C00390,ITEM_015,play,3,2026-06-14
C00535,ITEM_056,view,1,2026-01-06
C00310,ITEM_058,view,1,2026-04-04
C01008,ITEM_040,view,1,2026-05-29
C00523,ITEM_003,play,3,2026-02-09
C00462,ITEM_059,view,1,2026-06-20
C00827,ITEM_026,view,1,2026-06-26
C00448,ITEM_008,play,3,2026-03-18
C00428,ITEM_032,purchase,5,2026-06-10
C00272,ITEM_039,purchase,5,2026-01-15
C00080,ITEM_008,view,1,2026-04-04
C00045,ITEM_017,purchase,5,2026-02-22
C00483,ITEM_050,view,1,2026-04-23
C01194,ITEM_053,purchase,5,2026-02-15
C00312,ITEM_011,view,1,2026-03-21
C00769,ITEM_019,view,1,2026-05-12
C00389,ITEM_064,view,1,2026-02-07
C00363,ITEM_007,play,3,2026-06-01
C00195,ITEM_047,view,1,2026-05-03
C00676,ITEM_033,view,1,2026-02-15
C00790,ITEM_059,view,1,2026-05-01
C00420,ITEM_002,purchase,5,2026-02-27
C00631,ITEM_013,view,1,2026-04-09
C00571,ITEM_065,play,3,2026-04-20
C00325,ITEM_025,view,1,2026-05-27
C00830,ITEM_030,purchase,5,2026-03-04
C00664,ITEM_056,view,1,2026-03-23
C00079,ITEM_037,view,1,2026-03-21
C00591,ITEM_036,view,1,2026-06-04
C00467,ITEM_004,view,1,2026-06-01
C00955,ITEM_050,play,3,2026-02-09
C00367,ITEM_011,play,3,2026-01-19
C01147,ITEM_033,view,1,2026-06-23
C00738,ITEM_028,view,1,2026-01-31
C00156,ITEM_053,view,1,2026-02-06
C00484,ITEM_054,view,1,2026-01-22
C01060,ITEM_051,purchase,5,2026-01-29
C00305,ITEM_049,play,3,2026-01-12
C00845,ITEM_023,view,1,2026-04-19
C00940,ITEM_027,view,1,2026-04-02
C00831,ITEM_070,play,3,2026-01-17
C00108,ITEM_056,play,3,2026-04-28
C00449,ITEM_058,purchase,5,2026-01-31
C00417,ITEM_069,view,1,2026-04-07
C00412,ITEM_005,view,1,2026-05-12
C01054,ITEM_000,view,1,2026-03-18
C00006,ITEM_003,play,3,2026-02-25
C00646,ITEM_039,view,1,2026-06-11
C01178,ITEM_057,play,3,2026-05-25
C01050,ITEM_076,view,1,2026-06-01
C00727,ITEM_050,play,3,2026-01-28
C01197,ITEM_058,view,1,2026-02-19
C00482,ITEM_073,play,3,2026-03-11
C00733,ITEM_013,view,1,2026-01-31
C00652,ITEM_054,play,3,2026-03-11
C00056,ITEM_053,view,1,2026-02-14
C00048,ITEM_016,play,3,2026-03-28
C01076,ITEM_037,play,3,2026-05-08
C00208,ITEM_003,view,1,2026-03-15
C00425,ITEM_038,view,1,2026-05-10
C00748,ITEM_042,view,1,2026-03-11
C00690,ITEM_030,view,1,2026-03-30
C00617,ITEM_039,play,3,2026-03-01
C01175,ITEM_050,view,1,2026-01-16
C00944,ITEM_074,view,1,2026-01-03
C01130,ITEM_031,view,1,2026-02-02
C00790,ITEM_056,view,1,2026-04-21
C01174,ITEM_035,view,1,2026-01-18
C00721,ITEM_072,play,3,2026-03-27
C00650,ITEM_045,view,1,2026-01-24
C00978,ITEM_060,purchase,5,2026-03-09
C01042,ITEM_023,play,3,2026-02-18
C00081,ITEM_052,view,1,2026-02-08
C01092,ITEM_020,play,3,2026-04-03
C00829,ITEM_045,view,1,2026-06-10
C01077,ITEM_015,view,1,2026-04-28
C00858,ITEM_046,view,1,2026-02-12
C01112,ITEM_014,play,3,2026-06-02
C00330,ITEM_040,view,1,2026-06-15
C00225,ITEM_038,view,1,2026-05-17
C00234,ITEM_067,view,1,2026-02-09
C00302,ITEM_008,view,1,2026-01-31
C00256,ITEM_018,view,1,2026-06-24
C00529,ITEM_056,view,1,2026-06-10
C00237,ITEM_073,view,1,2026-03-17
C00189,ITEM_064,play,3,2026-03-24
C00628,ITEM_044,view,1,2026-04-06
C00952,ITEM_021,view,1,2026-06-09
C00162,ITEM_034,view,1,2026-02-23
C00613,ITEM_068,purchase,5,2026-05-03
C00791,ITEM_016,play,3,2026-06-19
C00846,ITEM_078,view,1,2026-02-23
C00126,ITEM_022,play,3,2026-02-20
C00880,ITEM_038,play,3,2026-01-25
C00032,ITEM_046,play,3,2026-05-12
C00284,ITEM_023,play,3,2026-02-18
C00383,ITEM_012,play,3,2026-01-04
C01023,ITEM_024,play,3,2026-04-01
C00230,ITEM_000,view,1,2026-04-11
C00938,ITEM_050,view,1,2026-01-04
C01186,ITEM_020,view,1,2026-05-14
C01151,ITEM_035,view,1,2026-04-11
C00363,ITEM_024,purchase,5,2026-03-26
C00114,ITEM_016,play,3,2026-03-03
C00266,ITEM_075,play,3,2026-04-26
C00922,ITEM_027,play,3,2026-05-16
C00236,ITEM_046,purchase,5,2026-05-19
C00774,ITEM_027,play,3,2026-03-11
C00448,ITEM_032,view,1,2026-04-01
C00920,ITEM_019,view,1,2026-02-15
C00727,ITEM_078,view,1,2026-02-09
C00702,ITEM_048,view,1,2026-06-05
C00938,ITEM_029,view,1,2026-03-13
C01145,ITEM_044,view,1,2026-02-19
C00437,ITEM_076,view,1,2026-05-12
C00634,ITEM_049,view,1,2026-05-06
C00751,ITEM_075,purchase,5,2026-02-18
C00987,ITEM_053,view,1,2026-02-01
C00578,ITEM_055,play,3,2026-04-24
C00449,ITEM_029,view,1,2026-06-15
C01015,ITEM_042,purchase,5,2026-01-27
C01143,ITEM_048,play,3,2026-02-13
C00682,ITEM_065,purchase,5,2026-06-17
C00124,ITEM_059,view,1,2026-05-12
C00347,ITEM_025,play,3,2026-04-19
C00555,ITEM_034,view,1,2026-03-02
C00844,ITEM_029,view,1,2026-03-26
C00803,ITEM_078,play,3,2026-02-04
C00984,ITEM_016,view,1,2026-05-27
C00035,ITEM_046,view,1,2026-04-01
C00558,ITEM_020,play,3,2026-05-24
C00841,ITEM_010,view,1,2026-06-07
C01184,ITEM_010,play,3,2026-01-18
C00170,ITEM_001,view,1,2026-06-05
C01054,ITEM_068,view,1,2026-02-25
C00009,ITEM_066,view,1,2026-03-01
C00236,ITEM_000,view,1,2026-03-24
C01016,ITEM_021,play,3,2026-02-23
C00944,ITEM_033,play,3,2026-03-03
C01167,ITEM_012,view,1,2026-05-05
C00721,ITEM_029,view,1,2026-02-27
C00739,ITEM_073,play,3,2026-04-20
C00641,ITEM_031,view,1,2026-03-05
C00614,ITEM_040,view,1,2026-02-28
C00616,ITEM_067,view,1,2026-01-26
C00351,ITEM_000,play,3,2026-06-05
C01024,ITEM_065,view,1,2026-01-22
C00427,ITEM_036,view,1,2026-04-10
C00733,ITEM_053,purchase,5,2026-02-16
C00803,ITEM_076,purchase,5,2026-06-27
C00645,ITEM_055,play,3,2026-01-13
C00733,ITEM_024,play,3,2026-03-18
C00058,ITEM_064,purchase,5,2026-04-02
C00379,ITEM_019,play,3,2026-06-27
C00537,ITEM_030,play,3,2026-01-28
C00473,ITEM_051,view,1,2026-05-30
C01089,ITEM_036,view,1,2026-01-13
C01076,ITEM_068,play,3,2026-02-22
C00854,ITEM_019,play,3,2026-05-31
C00422,ITEM_051,view,1,2026-03-09
C00061,ITEM_019,play,3,2026-04-16
C00906,ITEM_047,play,3,2026-03-12
C01060,ITEM_074,view,1,2026-06-11
C00587,ITEM_077,play,3,2026-01-17
C00992,ITEM_060,view,1,2026-06-27
C01116,ITEM_050,play,3,2026-02-12
C00656,ITEM_036,purchase,5,2026-04-17
C00251,ITEM_025,play,3,2026-02-17
C00026,ITEM_003,play,3,2026-05-24
C00908,ITEM_040,play,3,2026-05-07
C00674,ITEM_059,view,1,2026-01-29
C00184,ITEM_066,play,3,2026-02-14
C00065,ITEM_075,view,1,2026-05-06
C01163,ITEM_014,view,1,2026-04-01
C00384,ITEM_074,view,1,2026-04-09
C00392,ITEM_022,view,1,2026-03-07
C00754,ITEM_057,view,1,2026-05-02
C00437,ITEM_059,view,1,2026-06-17
C01095,ITEM_051,view,1,2026-01-19
C00817,ITEM_033,view,1,2026-05-05
C00429,ITEM_009,view,1,2026-06-18
C00319,ITEM_040,view,1,2026-02-09
C01032,ITEM_006,purchase,5,2026-03-17
C00710,ITEM_050,view,1,2026-04-13
C01102,ITEM_021,play,3,2026-05-20
C00414,ITEM_015,view,1,2026-05-04
C00025,ITEM_045,play,3,2026-06-28
C01078,ITEM_019,play,3,2026-04-11
C00287,ITEM_073,purchase,5,2026-06-07
C01014,ITEM_007,play,3,2026-04-04
C00851,ITEM_069,play,3,2026-02-26
C00278,ITEM_061,view,1,2026-05-02
C00908,ITEM_024,view,1,2026-03-14
C00097,ITEM_045,view,1,2026-04-29
C00470,ITEM_029,play,3,2026-04-27
C00427,ITEM_019,play,3,2026-01-14
C00788,ITEM_024,view,1,2026-04-07
C00641,ITEM_027,play,3,2026-01-03
C00734,ITEM_042,view,1,2026-03-15
C00571,ITEM_046,play,3,2026-04-29
C00887,ITEM_064,view,1,2026-04-28
C00192,ITEM_045,view,1,2026-01-19
C00862,ITEM_062,play,3,2026-06-13
C00060,ITEM_073,view,1,2026-05-13
C00103,ITEM_070,play,3,2026-02-25
C00868,ITEM_032,play,3,2026-03-22
C00189,ITEM_041,view,1,2026-01-24
C00924,ITEM_064,view,1,2026-03-07
C00159,ITEM_052,view,1,2026-05-02
C00176,ITEM_010,view,1,2026-06-08
C01118,ITEM_076,play,3,2026-04-17
C00212,ITEM_061,view,1,2026-02-20
C01096,ITEM_054,view,1,2026-06-13
C00417,ITEM_079,view,1,2026-04-08
C00956,ITEM_013,view,1,2026-05-14
C01127,ITEM_070,view,1,2026-05-08
C00140,ITEM_026,play,3,2026-03-13
C00396,ITEM_065,view,1,2026-01-04
C00689,ITEM_006,play,3,2026-04-24
C01038,ITEM_044,view,1,2026-06-10
C00224,ITEM_008,view,1,2026-06-05
C00224,ITEM_075,view,1,2026-06-04
C00442,ITEM_039,view,1,2026-03-04
C00245,ITEM_068,view,1,2026-06-12
C00320,ITEM_059,play,3,2026-01-03
C00155,ITEM_038,purchase,5,2026-02-26
C00994,ITEM_015,view,1,2026-04-23
C00956,ITEM_037,view,1,2026-02-26
C00173,ITEM_025,play,3,2026-01-05
C00644,ITEM_020,view,1,2026-02-01
C00775,ITEM_026,play,3,2026-06-18
C00753,ITEM_018,view,1,2026-03-19
C01180,ITEM_067,play,3,2026-01-31
C00769,ITEM_072,view,1,2026-04-22
C00824,ITEM_014,view,1,2026-03-09
C00039,ITEM_016,play,3,2026-03-12
C00095,ITEM_002,view,1,2026-06-20
C00742,ITEM_033,play,3,2026-04-08
C01089,ITEM_049,play,3,2026-01-15
C00478,ITEM_021,view,1,2026-06-19
C00771,ITEM_042,view,1,2026-01-01
C00252,ITEM_026,view,1,2026-05-04
C00547,ITEM_000,view,1,2026-01-19
C00901,ITEM_019,play,3,2026-02-18
C00791,ITEM_061,play,3,2026-06-27
C00137,ITEM_070,view,1,2026-01-31
C01054,ITEM_033,play,3,2026-06-24
C01112,ITEM_046,play,3,2026-02-22
C00572,ITEM_043,play,3,2026-03-11
C00408,ITEM_024,view,1,2026-06-18
C00637,ITEM_053,view,1,2026-05-14
C00961,ITEM_032,view,1,2026-02-22
C00542,ITEM_004,play,3,2026-05-13
C00036,ITEM_030,play,3,2026-03-27
C00087,ITEM_013,play,3,2026-01-18
C00973,ITEM_038,view,1,2026-02-15
C00944,ITEM_037,play,3,2026-02-12
C00926,ITEM_037,play,3,2026-03-27
C00151,ITEM_013,view,1,2026-06-10
C00204,ITEM_075,view,1,2026-04-13
C00473,ITEM_009,view,1,2026-01-30
C00277,ITEM_023,view,1,2026-04-20
C00464,ITEM_025,view,1,2026-04-04
C00670,ITEM_036,view,1,2026-03-11
C00336,ITEM_034,view,1,2026-02-13
C00148,ITEM_078,play,3,2026-05-09
C00483,ITEM_067,play,3,2026-04-11
C00867,ITEM_004,play,3,2026-03-19
C00741,ITEM_047,play,3,2026-02-05
C00385,ITEM_041,view,1,2026-01-22
C00373,ITEM_074,play,3,2026-02-08
C00700,ITEM_027,view,1,2026-04-22
C00207,ITEM_036,play,3,2026-01-09
C01000,ITEM_074,play,3,2026-01-13
C01043,ITEM_037,play,3,2026-06-28
C00030,ITEM_048,view,1,2026-02-18
C01164,ITEM_024,view,1,2026-01-21
C00028,ITEM_062,view,1,2026-06-23
C00550,ITEM_006,view,1,2026-03-16
C00800,ITEM_078,view,1,2026-01-01
C00392,ITEM_013,view,1,2026-03-17
C00244,ITEM_046,view,1,2026-01-04
C00056,ITEM_005,play,3,2026-02-24
C00872,ITEM_007,play,3,2026-06-20
C00044,ITEM_056,play,3,2026-05-23
C00581,ITEM_062,view,1,2026-03-17
C00471,ITEM_027,view,1,2026-03-02
C01161,ITEM_004,view,1,2026-04-16
C01116,ITEM_002,play,3,2026-04-23
C00981,ITEM_074,view,1,2026-05-17
C00876,ITEM_060,play,3,2026-04-08
C00651,ITEM_030,view,1,2026-01-14
C00419,ITEM_020,view,1,2026-06-05
C00199,ITEM_056,view,1,2026-03-02
C01161,ITEM_071,view,1,2026-05-28
C00461,ITEM_052,view,1,2026-05-26
C00514,ITEM_065,play,3,2026-02-09
C00169,ITEM_068,view,1,2026-04-03
C00332,ITEM_024,view,1,2026-05-16
C00761,ITEM_058,view,1,2026-03-06
C00511,ITEM_018,purchase,5,2026-05-23
C00703,ITEM_017,play,3,2026-04-05
C00253,ITEM_079,play,3,2026-06-15
C00098,ITEM_026,view,1,2026-06-11
C01062,ITEM_065,play,3,2026-06-23
C00518,ITEM_027,view,1,2026-02-09
C00433,ITEM_074,play,3,2026-05-13
C00343,ITEM_022,play,3,2026-05-16
C00789,ITEM_001,view,1,2026-03-22
C00675,ITEM_037,view,1,2026-01-31
C00466,ITEM_047,view,1,2026-02-22
C01117,ITEM_030,view,1,2026-04-03
C01082,ITEM_021,view,1,2026-06-05
C00238,ITEM_066,view,1,2026-06-14
C00770,ITEM_029,view,1,2026-06-14
C01162,ITEM_056,play,3,2026-06-20
C00585,ITEM_007,view,1,2026-01-18
C00036,ITEM_069,play,3,2026-06-29
C00158,ITEM_059,view,1,2026-04-10
C00801,ITEM_013,view,1,2026-01-18
C01082,ITEM_042,view,1,2026-01-24
C00154,ITEM_059,play,3,2026-02-15
C00656,ITEM_063,view,1,2026-02-15
C00596,ITEM_033,play,3,2026-01-20
C00342,ITEM_009,play,3,2026-03-10
C00758,ITEM_004,play,3,2026-04-09
C01053,ITEM_079,view,1,2026-02-26
C00287,ITEM_008,view,1,2026-05-01
C00065,ITEM_027,view,1,2026-05-09
C00430,ITEM_068,play,3,2026-03-13
C00376,ITEM_076,play,3,2026-01-15
C00872,ITEM_037,play,3,2026-02-26
C00644,ITEM_054,view,1,2026-04-21
C00021,ITEM_040,play,3,2026-03-12
C00407,ITEM_008,view,1,2026-04-15
C00882,ITEM_039,purchase,5,2026-06-01
C00572,ITEM_062,play,3,2026-05-22
C00675,ITEM_050,view,1,2026-04-23
C00317,ITEM_044,play,3,2026-01-18
C00383,ITEM_066,view,1,2026-05-15
C00156,ITEM_015,view,1,2026-03-01
C00097,ITEM_045,view,1,2026-03-16
C00044,ITEM_014,view,1,2026-05-06
C00749,ITEM_004,view,1,2026-05-30
C00189,ITEM_076,play,3,2026-05-09
C00688,ITEM_062,view,1,2026-02-24
C01143,ITEM_079,play,3,2026-03-22
C00836,ITEM_036,view,1,2026-03-07
C00690,ITEM_046,play,3,2026-03-25
C00140,ITEM_004,play,3,2026-05-17
C00586,ITEM_014,play,3,2026-06-23
C01069,ITEM_006,view,1,2026-03-12
C00461,ITEM_027,purchase,5,2026-02-28
C00991,ITEM_032,view,1,2026-06-08
C00850,ITEM_016,play,3,2026-01-28
C00320,ITEM_062,view,1,2026-03-12
C00169,ITEM_048,view,1,2026-06-21
C00020,ITEM_034,play,3,2026-06-08
C00331,ITEM_032,view,1,2026-05-26
C00399,ITEM_045,view,1,2026-06-09
C00787,ITEM_030,view,1,2026-02-12
C00687,ITEM_061,view,1,2026-01-11
C00574,ITEM_064,purchase,5,2026-06-04
C00867,ITEM_014,play,3,2026-03-30
C00924,ITEM_077,view,1,2026-02-15
C00856,ITEM_036,play,3,2026-03-27
C01076,ITEM_015,view,1,2026-05-29
C00431,ITEM_068,play,3,2026-03-30
C00988,ITEM_033,view,1,2026-04-24
C00504,ITEM_011,view,1,2026-04-03
C00221,ITEM_042,view,1,2026-03-28
C00174,ITEM_032,play,3,2026-06-21
C00109,ITEM_019,play,3,2026-06-17
C01146,ITEM_058,play,3,2026-03-18
C00203,ITEM_032,view,1,2026-05-26
C01002,ITEM_042,play,3,2026-05-11
C00940,ITEM_004,view,1,2026-01-24
C00527,ITEM_029,play,3,2026-06-02
C01096,ITEM_003,view,1,2026-05-08
C01089,ITEM_022,play,3,2026-06-04
C01110,ITEM_062,purchase,5,2026-05-23
C00596,ITEM_074,view,1,2026-06-18
C00357,ITEM_027,play,3,2026-04-08
C00052,ITEM_055,view,1,2026-01-12
C01008,ITEM_056,view,1,2026-02-19
C01047,ITEM_062,view,1,2026-01-27
C00643,ITEM_006,play,3,2026-02-12
C00085,ITEM_023,view,1,2026-04-14
C00987,ITEM_053,view,1,2026-06-25
C00357,ITEM_023,play,3,2026-05-18
C00658,ITEM_052,view,1,2026-03-20
C00791,ITEM_071,play,3,2026-03-30
C00175,ITEM_065,view,1,2026-04-04
C00075,ITEM_039,view,1,2026-03-15
C00095,ITEM_016,play,3,2026-04-18
C01150,ITEM_025,view,1,2026-06-19
C01148,ITEM_044,view,1,2026-01-19
C00512,ITEM_059,play,3,2026-03-06
C00510,ITEM_072,purchase,5,2026-01-15
C00488,ITEM_067,view,1,2026-06-03
C00420,ITEM_017,purchase,5,2026-02-05
C00652,ITEM_008,play,3,2026-04-28
C00427,ITEM_009,view,1,2026-01-12
C00739,ITEM_017,view,1,2026-03-27
C00454,ITEM_027,view,1,2026-06-11
C00755,ITEM_003,view,1,2026-06-21
C01133,ITEM_077,view,1,2026-01-27
C00246,ITEM_027,view,1,2026-04-30
C00075,ITEM_012,view,1,2026-02-10
C00631,ITEM_042,purchase,5,2026-05-12
C00142,ITEM_009,view,1,2026-04-07
C00277,ITEM_068,view,1,2026-05-24
C00947,ITEM_079,view,1,2026-06-11
C00501,ITEM_073,view,1,2026-03-05
C00659,ITEM_031,view,1,2026-01-09
C00931,ITEM_050,play,3,2026-02-27
C00154,ITEM_011,play,3,2026-02-08
C00574,ITEM_003,view,1,2026-01-23
C00041,ITEM_044,play,3,2026-05-10
C00598,ITEM_059,view,1,2026-06-12
C00269,ITEM_001,play,3,2026-04-04
C01093,ITEM_079,view,1,2026-04-06
C00312,ITEM_034,play,3,2026-04-18
C00240,ITEM_049,purchase,5,2026-06-11
C00017,ITEM_002,play,3,2026-01-04
C00159,ITEM_070,view,1,2026-04-05
C00259,ITEM_045,view,1,2026-06-06
C00273,ITEM_038,play,3,2026-01-30
C00885,ITEM_049,view,1,2026-04-15
C01065,ITEM_066,view,1,2026-01-02
C01026,ITEM_000,view,1,2026-05-31
C01147,ITEM_003,view,1,2026-04-28
C01077,ITEM_041,view,1,2026-06-23
C00546,ITEM_062,view,1,2026-02-23
C00467,ITEM_075,play,3,2026-05-12
C00779,ITEM_007,view,1,2026-05-19
C00383,ITEM_031,view,1,2026-01-06
C00724,ITEM_062,view,1,2026-05-17
C01199,ITEM_076,purchase,5,2026-05-09
C00237,ITEM_020,view,1,2026-04-21
C00923,ITEM_077,play,3,2026-04-12
C01122,ITEM_064,play,3,2026-05-25
C00644,ITEM_019,play,3,2026-01-19
C00427,ITEM_065,view,1,2026-03-12
C00305,ITEM_046,play,3,2026-02-18
C00201,ITEM_067,view,1,2026-06-02
C00385,ITEM_066,view,1,2026-01-31
C00895,ITEM_016,view,1,2026-01-11
C00618,ITEM_056,purchase,5,2026-06-16
C00265,ITEM_036,view,1,2026-03-13
C00650,ITEM_060,view,1,2026-05-24
C00970,ITEM_010,play,3,2026-02-11
C00016,ITEM_020,view,1,2026-05-07
C00024,ITEM_018,view,1,2026-06-16
C01151,ITEM_073,play,3,2026-05-18
C00897,ITEM_029,play,3,2026-02-23
C00690,ITEM_018,play,3,2026-04-19
C01087,ITEM_058,view,1,2026-05-30
C00706,ITEM_051,view,1,2026-06-03
C00624,ITEM_050,view,1,2026-02-23
C00253,ITEM_070,view,1,2026-02-11
C00972,ITEM_072,view,1,2026-03-20
C00917,ITEM_028,view,1,2026-02-15
C00354,ITEM_076,view,1,2026-05-10
C00884,ITEM_044,view,1,2026-04-17
C00872,ITEM_071,view,1,2026-03-28
C00114,ITEM_055,view,1,2026-05-26
C00192,ITEM_006,view,1,2026-02-08
C00713,ITEM_074,view,1,2026-05-31
C00748,ITEM_046,view,1,2026-04-12
C00789,ITEM_035,view,1,2026-06-25
C00447,ITEM_027,view,1,2026-04-18
C01002,ITEM_048,play,3,2026-05-18
C00534,ITEM_073,view,1,2026-02-04
C00247,ITEM_011,view,1,2026-02-11
C00138,ITEM_017,view,1,2026-04-11
C01053,ITEM_005,view,1,2026-02-11
C00848,ITEM_015,view,1,2026-01-08
C00553,ITEM_001,view,1,2026-03-22
C00251,ITEM_016,view,1,2026-02-17
C00115,ITEM_038,play,3,2026-04-28
C00183,ITEM_066,play,3,2026-04-14
C00126,ITEM_043,view,1,2026-04-03
C00635,ITEM_018,view,1,2026-05-30
C00237,ITEM_006,purchase,5,2026-01-13
C00153,ITEM_070,view,1,2026-05-22
C00339,ITEM_014,purchase,5,2026-03-28
C00839,ITEM_061,play,3,2026-05-06
C00595,ITEM_021,view,1,2026-05-28
C00184,ITEM_050,view,1,2026-02-24
C00898,ITEM_071,view,1,2026-02-13
C00587,ITEM_072,play,3,2026-05-16
C00224,ITEM_007,view,1,2026-04-25
C00829,ITEM_040,play,3,2026-02-03
C01191,ITEM_039,view,1,2026-02-18
C00648,ITEM_070,play,3,2026-06-03
C00193,ITEM_063,play,3,2026-04-11
C00371,ITEM_011,view,1,2026-06-14
C00719,ITEM_069,view,1,2026-05-07
C01199,ITEM_029,view,1,2026-02-07
C01114,ITEM_055,play,3,2026-02-07
C01119,ITEM_014,play,3,2026-06-23
C00999,ITEM_021,view,1,2026-05-14
C00689,ITEM_005,play,3,2026-04-18
C00777,ITEM_009,view,1,2026-05-02
C00880,ITEM_074,view,1,2026-03-16
C00858,ITEM_012,play,3,2026-02-26
C00766,ITEM_049,view,1,2026-05-29
C00161,ITEM_061,play,3,2026-06-11
C01055,ITEM_006,view,1,2026-06-13
C00011,ITEM_023,view,1,2026-05-21
C00511,ITEM_038,view,1,2026-06-06
C00520,ITEM_027,view,1,2026-04-04
C01195,ITEM_070,view,1,2026-02-26
C00107,ITEM_014,play,3,2026-01-15
C00570,ITEM_057,view,1,2026-02-25
C00429,ITEM_034,view,1,2026-03-21
C00117,ITEM_031,view,1,2026-01-16
C00268,ITEM_026,view,1,2026-03-01
C00506,ITEM_054,view,1,2026-06-17
C01099,ITEM_028,play,3,2026-02-17
C00465,ITEM_050,play,3,2026-03-12
C01056,ITEM_002,view,1,2026-04-26
C00880,ITEM_021,view,1,2026-06-09
C00982,ITEM_037,view,1,2026-06-15
C01024,ITEM_017,view,1,2026-05-27
C00856,ITEM_008,play,3,2026-01-27
C00880,ITEM_017,view,1,2026-01-21
C00184,ITEM_042,purchase,5,2026-05-14
C00860,ITEM_076,view,1,2026-06-09
C00058,ITEM_053,play,3,2026-04-22
C00884,ITEM_072,play,3,2026-06-14
C00784,ITEM_043,play,3,2026-05-01
C00908,ITEM_002,play,3,2026-03-05
C00770,ITEM_011,view,1,2026-06-02
C00442,ITEM_060,play,3,2026-05-17
C00443,ITEM_049,view,1,2026-03-09
C00715,ITEM_067,view,1,2026-04-17
C00567,ITEM_033,view,1,2026-04-15
C00408,ITEM_074,view,1,2026-01-18
C00586,ITEM_028,purchase,5,2026-02-19
C00643,ITEM_067,view,1,2026-02-11
C00287,ITEM_011,view,1,2026-02-21
C00765,ITEM_036,view,1,2026-04-05
C00376,ITEM_079,play,3,2026-04-03
C00321,ITEM_063,play,3,2026-06-04
C00502,ITEM_031,purchase,5,2026-01-02
C00123,ITEM_071,view,1,2026-05-29
C00723,ITEM_036,view,1,2026-02-14
C00880,ITEM_075,view,1,2026-03-05
C01146,ITEM_007,view,1,2026-01-28
C00340,ITEM_066,view,1,2026-01-03
C00646,ITEM_054,purchase,5,2026-01-22
C00604,ITEM_014,view,1,2026-02-10
C00877,ITEM_022,view,1,2026-03-11
C00749,ITEM_065,play,3,2026-02-26
C00968,ITEM_059,view,1,2026-01-19
C01020,ITEM_015,play,3,2026-03-02
C00136,ITEM_005,view,1,2026-01-28
C00426,ITEM_025,view,1,2026-05-04
C00783,ITEM_023,view,1,2026-05-01
C00652,ITEM_050,view,1,2026-01-12
C00578,ITEM_059,play,3,2026-04-28
C00207,ITEM_022,view,1,2026-06-13
C00686,ITEM_031,view,1,2026-06-20
C00888,ITEM_014,purchase,5,2026-01-11
C00046,ITEM_002,view,1,2026-06-15
C00709,ITEM_073,view,1,2026-03-15
C01087,ITEM_063,purchase,5,2026-06-07
C00688,ITEM_063,view,1,2026-02-06
C01143,ITEM_077,play,3,2026-05-05
C00423,ITEM_003,view,1,2026-05-25
C00004,ITEM_030,play,3,2026-02-17
C00818,ITEM_059,view,1,2026-05-13
C00255,ITEM_049,view,1,2026-02-02
C00011,ITEM_062,purchase,5,2026-05-08
C00216,ITEM_029,view,1,2026-06-20
C01120,ITEM_007,view,1,2026-02-23
C00937,ITEM_044,view,1,2026-06-22
C00330,ITEM_059,view,1,2026-05-01
C00717,ITEM_059,view,1,2026-04-01
C00407,ITEM_014,view,1,2026-02-28
C00212,ITEM_050,view,1,2026-04-09
C01186,ITEM_050,purchase,5,2026-06-27
C00976,ITEM_025,play,3,2026-01-01
C00436,ITEM_020,purchase,5,2026-06-05
C00424,ITEM_015,view,1,2026-01-27
C00978,ITEM_008,view,1,2026-06-07
C00553,ITEM_043,view,1,2026-04-09
C00452,ITEM_025,view,1,2026-06-11
C00464,ITEM_052,view,1,2026-02-02
C00536,ITEM_047,play,3,2026-01-09
C00625,ITEM_045,play,3,2026-03-28
C00048,ITEM_077,view,1,2026-05-21
C00576,ITEM_010,view,1,2026-05-24
C00527,ITEM_002,view,1,2026-05-18
C00329,ITEM_028,view,1,2026-05-25
C00426,ITEM_001,view,1,2026-05-20
C00509,ITEM_059,play,3,2026-06-05
C00439,ITEM_029,view,1,2026-01-31
C01090,ITEM_011,view,1,2026-02-12
C00634,ITEM_006,play,3,2026-01-01
C00603,ITEM_070,purchase,5,2026-03-19
C00315,ITEM_030,play,3,2026-02-17
C01099,ITEM_037,view,1,2026-04-23
C00027,ITEM_013,view,1,2026-04-10
C00660,ITEM_063,play,3,2026-04-15
C00202,ITEM_059,play,3,2026-04-29
C00922,ITEM_027,purchase,5,2026-06-29
C00453,ITEM_068,view,1,2026-01-20
C00352,ITEM_028,play,3,2026-02-19
C00069,ITEM_072,view,1,2026-03-17
C00948,ITEM_077,view,1,2026-01-13
C00475,ITEM_037,view,1,2026-05-28
C00317,ITEM_045,view,1,2026-03-11
C01013,ITEM_067,view,1,2026-01-31
C00023,ITEM_008,view,1,2026-04-04
C00562,ITEM_038,play,3,2026-02-04
C00192,ITEM_076,view,1,2026-03-11
C00152,ITEM_016,view,1,2026-04-27
C00025,ITEM_029,play,3,2026-02-27
C00224,ITEM_068,view,1,2026-05-30
C01136,ITEM_056,view,1,2026-02-16
C00534,ITEM_039,purchase,5,2026-01-21
C01199,ITEM_010,view,1,2026-03-18
C00320,ITEM_014,view,1,2026-02-04
C00914,ITEM_068,play,3,2026-05-05
C00107,ITEM_040,view,1,2026-04-05
C00129,ITEM_076,view,1,2026-01-27
C00019,ITEM_008,play,3,2026-03-02
C01078,ITEM_030,view,1,2026-06-05
C00805,ITEM_007,view,1,2026-05-28
C00892,ITEM_011,play,3,2026-04-26
C01112,ITEM_000,view,1,2026-06-12
C00398,ITEM_044,view,1,2026-01-20
C00867,ITEM_018,view,1,2026-05-12
C00602,ITEM_012,view,1,2026-01-05
C00651,ITEM_070,purchase,5,2026-04-18
C00794,ITEM_035,play,3,2026-01-10
C00563,ITEM_043,view,1,2026-03-03
C00028,ITEM_049,view,1,2026-01-17
C00090,ITEM_034,view,1,2026-02-15
C00601,ITEM_011,play,3,2026-04-26
C00683,ITEM_039,view,1,2026-05-21
C00878,ITEM_075,purchase,5,2026-06-19
C00686,ITEM_054,view,1,2026-06-27
C00225,ITEM_056,view,1,2026-01-24
C00440,ITEM_045,purchase,5,2026-06-15
C00532,ITEM_028,play,3,2026-02-21
C01180,ITEM_037,view,1,2026-06-09
C00639,ITEM_033,view,1,2026-06-05
C00761,ITEM_046,play,3,2026-06-15
C00882,ITEM_067,play,3,2026-04-02
C00434,ITEM_001,play,3,2026-05-16
C01157,ITEM_038,play,3,2026-03-18
C00809,ITEM_021,purchase,5,2026-01-15
C01017,ITEM_078,view,1,2026-03-27
C00899,ITEM_011,view,1,2026-02-06
C00745,ITEM_004,view,1,2026-01-19
C00037,ITEM_056,play,3,2026-01-25
C00700,ITEM_021,view,1,2026-02-09
C00155,ITEM_017,view,1,2026-05-24
C00723,ITEM_041,play,3,2026-06-23
C00841,ITEM_074,view,1,2026-06-03
C00654,ITEM_010,purchase,5,2026-04-26
C00370,ITEM_043,view,1,2026-06-08
C00071,ITEM_028,play,3,2026-02-21
C00805,ITEM_014,view,1,2026-06-13
C00837,ITEM_041,view,1,2026-06-20
C00573,ITEM_076,view,1,2026-01-27
C00859,ITEM_020,view,1,2026-03-13
C00934,ITEM_017,play,3,2026-02-20
C00614,ITEM_013,play,3,2026-01-26
C00057,ITEM_049,view,1,2026-02-01
C01044,ITEM_021,view,1,2026-06-23
C00560,ITEM_047,purchase,5,2026-02-02
C00806,ITEM_006,view,1,2026-04-30
C01093,ITEM_056,purchase,5,2026-06-07
C00435,ITEM_015,view,1,2026-05-16
C00746,ITEM_006,view,1,2026-03-23
C00023,ITEM_004,view,1,2026-01-05
C01062,ITEM_063,view,1,2026-03-17
C00070,ITEM_076,play,3,2026-02-20
C00649,ITEM_033,play,3,2026-06-05
C00422,ITEM_012,play,3,2026-06-20
C00042,ITEM_065,play,3,2026-02-11
C00554,ITEM_000,play,3,2026-01-28
C01122,ITEM_025,play,3,2026-05-28
C00200,ITEM_076,play,3,2026-06-07
C00350,ITEM_031,play,3,2026-06-26
C00227,ITEM_060,view,1,2026-05-19
C00149,ITEM_028,view,1,2026-03-25
C00276,ITEM_021,view,1,2026-03-10
C00686,ITEM_025,view,1,2026-01-11
C00936,ITEM_070,view,1,2026-06-09
C00828,ITEM_035,view,1,2026-06-28
C00925,ITEM_069,view,1,2026-06-16
C00858,ITEM_079,view,1,2026-04-14
C00459,ITEM_059,play,3,2026-06-06
C01080,ITEM_023,play,3,2026-01-01
C00206,ITEM_047,view,1,2026-03-15
C00839,ITEM_029,purchase,5,2026-01-20
C00133,ITEM_046,purchase,5,2026-04-16
C00918,ITEM_056,play,3,2026-01-01
C00104,ITEM_077,view,1,2026-02-25
C00259,ITEM_062,view,1,2026-03-17
C00469,ITEM_037,view,1,2026-01-24
C00833,ITEM_069,play,3,2026-01-16
C00054,ITEM_064,play,3,2026-06-12
C00308,ITEM_023,play,3,2026-02-19
C00400,ITEM_008,play,3,2026-06-26
C00877,ITEM_033,purchase,5,2026-03-08
C01153,ITEM_056,view,1,2026-01-11
C00737,ITEM_019,purchase,5,2026-01-19
C00609,ITEM_079,play,3,2026-05-04
C00403,ITEM_077,view,1,2026-01-03
C00987,ITEM_000,play,3,2026-06-20
C00128,ITEM_031,view,1,2026-02-15
C00155,ITEM_020,view,1,2026-04-20
C00241,ITEM_069,purchase,5,2026-03-21
C00321,ITEM_062,view,1,2026-01-09
C00553,ITEM_053,view,1,2026-05-07
C01135,ITEM_058,purchase,5,2026-01-03
C00780,ITEM_063,view,1,2026-05-24
C00460,ITEM_058,view,1,2026-04-01
C00253,ITEM_053,view,1,2026-02-24
C00778,ITEM_078,view,1,2026-06-19
C00303,ITEM_043,view,1,2026-02-06
C01171,ITEM_007,view,1,2026-02-20
C00573,ITEM_034,play,3,2026-04-27
C00660,ITEM_054,view,1,2026-03-05
C01084,ITEM_069,view,1,2026-03-29
C00366,ITEM_051,view,1,2026-05-24
C00566,ITEM_022,view,1,2026-06-14
C00638,ITEM_016,play,3,2026-05-25
C00325,ITEM_067,view,1,2026-01-15
C00065,ITEM_017,view,1,2026-06-19
C00340,ITEM_002,view,1,2026-03-17
C00134,ITEM_052,view,1,2026-05-31
C00810,ITEM_041,view,1,2026-02-21
C00008,ITEM_052,view,1,2026-04-17
C00379,ITEM_036,view,1,2026-06-23
C01061,ITEM_048,view,1,2026-06-18
C00682,ITEM_028,view,1,2026-04-28
C00805,ITEM_036,play,3,2026-04-21
C00802,ITEM_013,view,1,2026-01-06
C00357,ITEM_054,view,1,2026-04-19
C00758,ITEM_047,view,1,2026-03-17
C00265,ITEM_025,view,1,2026-01-03
C00762,ITEM_045,view,1,2026-06-20
C00819,ITEM_018,view,1,2026-03-23
C01051,ITEM_058,view,1,2026-05-19
C01103,ITEM_047,view,1,2026-01-08
C00028,ITEM_052,view,1,2026-02-14
C00358,ITEM_049,purchase,5,2026-06-11
C00656,ITEM_067,play,3,2026-06-18
C00385,ITEM_064,view,1,2026-01-02
C00742,ITEM_021,purchase,5,2026-06-10
C01025,ITEM_033,view,1,2026-02-25
C00309,ITEM_043,view,1,2026-02-08
C01072,ITEM_061,view,1,2026-06-29
C01058,ITEM_003,purchase,5,2026-04-07
C01096,ITEM_073,view,1,2026-05-24
C00088,ITEM_025,play,3,2026-01-25
C00351,ITEM_034,play,3,2026-05-17
C00148,ITEM_021,view,1,2026-03-07
C00144,ITEM_043,view,1,2026-05-09
C00063,ITEM_021,view,1,2026-04-29
C00527,ITEM_072,play,3,2026-01-10
C00104,ITEM_025,view,1,2026-06-07
C00354,ITEM_024,view,1,2026-02-21
C01177,ITEM_001,view,1,2026-03-07
C01060,ITEM_057,play,3,2026-05-24
C01124,ITEM_073,play,3,2026-06-07
C00043,ITEM_046,view,1,2026-06-11
C00793,ITEM_072,view,1,2026-03-23
C00760,ITEM_033,view,1,2026-03-05
C00159,ITEM_055,view,1,2026-05-28
C01087,ITEM_069,view,1,2026-02-16
C00485,ITEM_059,play,3,2026-04-26
C01172,ITEM_012,view,1,2026-02-12
C00136,ITEM_077,view,1,2026-02-07
C00780,ITEM_002,view,1,2026-04-09
C00156,ITEM_009,view,1,2026-06-05
C01139,ITEM_016,view,1,2026-02-22
C00729,ITEM_057,play,3,2026-05-11
C00090,ITEM_070,view,1,2026-01-04
C00257,ITEM_043,view,1,2026-05-06
C00431,ITEM_027,view,1,2026-03-12
C00015,ITEM_036,view,1,2026-01-14
C00010,ITEM_054,play,3,2026-04-10
C01110,ITEM_017,play,3,2026-02-13
C01177,ITEM_018,play,3,2026-04-25
C00643,ITEM_023,play,3,2026-01-08
C01083,ITEM_039,play,3,2026-03-03
C00786,ITEM_058,view,1,2026-02-12
C00033,ITEM_041,view,1,2026-02-26
C00857,ITEM_007,play,3,2026-01-02
C00021,ITEM_019,view,1,2026-02-21
C00979,ITEM_003,view,1,2026-01-16
C00440,ITEM_030,purchase,5,2026-04-23
C00169,ITEM_040,view,1,2026-03-24
C00310,ITEM_020,view,1,2026-02-21
C00820,ITEM_003,view,1,2026-04-21
C01016,ITEM_008,view,1,2026-06-15
C00684,ITEM_055,view,1,2026-04-08
C00192,ITEM_034,view,1,2026-02-20
C01080,ITEM_077,view,1,2026-03-14
C00948,ITEM_045,view,1,2026-05-23
C00491,ITEM_024,view,1,2026-01-18
C00665,ITEM_007,view,1,2026-02-27
C01156,ITEM_058,view,1,2026-03-26
C00452,ITEM_028,view,1,2026-04-25
C00030,ITEM_047,play,3,2026-04-14
C00174,ITEM_037,view,1,2026-05-06
C00720,ITEM_006,purchase,5,2026-06-19
C01197,ITEM_074,play,3,2026-02-01
C00887,ITEM_009,view,1,2026-03-28
C00741,ITEM_048,view,1,2026-03-10
C00387,ITEM_011,view,1,2026-01-16
C00527,ITEM_075,view,1,2026-01-23
C00046,ITEM_022,purchase,5,2026-04-24
C00445,ITEM_041,play,3,2026-04-02
C00748,ITEM_006,play,3,2026-02-22
C01086,ITEM_064,play,3,2026-06-13
C01106,ITEM_017,purchase,5,2026-02-25
C00985,ITEM_007,play,3,2026-04-18
C00025,ITEM_022,view,1,2026-06-27
C00973,ITEM_045,view,1,2026-05-07
C00262,ITEM_026,view,1,2026-05-12
C00739,ITEM_028,view,1,2026-02-20
C01135,ITEM_006,view,1,2026-06-14
C01065,ITEM_058,view,1,2026-03-26
C00797,ITEM_027,play,3,2026-02-24
C00359,ITEM_070,view,1,2026-05-14
C00625,ITEM_032,play,3,2026-04-06
C00844,ITEM_056,view,1,2026-01-24
C00617,ITEM_025,view,1,2026-01-04
C00485,ITEM_007,play,3,2026-01-22
C00483,ITEM_051,view,1,2026-01-29
C00719,ITEM_049,play,3,2026-02-10
C00042,ITEM_078,play,3,2026-03-04
C01197,ITEM_059,view,1,2026-02-12
C00122,ITEM_050,view,1,2026-06-12
C01181,ITEM_002,view,1,2026-06-23
C00042,ITEM_066,view,1,2026-06-25
C00615,ITEM_013,purchase,5,2026-01-29
C00501,ITEM_058,play,3,2026-04-07
C00688,ITEM_054,view,1,2026-01-19
C00520,ITEM_064,play,3,2026-05-08
C01076,ITEM_025,purchase,5,2026-01-25
C00019,ITEM_039,view,1,2026-02-22
C01182,ITEM_004,view,1,2026-02-06
C00827,ITEM_028,play,3,2026-03-28
C00934,ITEM_071,play,3,2026-03-08
C00167,ITEM_016,view,1,2026-04-08
C00078,ITEM_076,view,1,2026-02-05
C00476,ITEM_004,view,1,2026-04-02
C00387,ITEM_029,view,1,2026-01-16
C00939,ITEM_030,play,3,2026-01-08
C01075,ITEM_079,view,1,2026-01-25
C00512,ITEM_043,play,3,2026-02-17
C00922,ITEM_068,view,1,2026-05-23
C00071,ITEM_067,play,3,2026-03-01
C00890,ITEM_044,play,3,2026-04-04
C00119,ITEM_057,view,1,2026-05-03
C00801,ITEM_059,view,1,2026-05-15
C00458,ITEM_040,view,1,2026-04-16
C00498,ITEM_074,play,3,2026-02-01
C00331,ITEM_034,play,3,2026-04-30
C00483,ITEM_058,view,1,2026-02-24
C01049,ITEM_028,purchase,5,2026-04-17
C00970,ITEM_026,play,3,2026-06-26
C00408,ITEM_028,view,1,2026-01-14
C00352,ITEM_015,view,1,2026-01-16
C00610,ITEM_064,view,1,2026-02-14
C00821,ITEM_034,view,1,2026-03-20
C00218,ITEM_053,purchase,5,2026-03-28
C00871,ITEM_014,play,3,2026-02-23
C01138,ITEM_054,view,1,2026-06-12
C01013,ITEM_001,view,1,2026-01-02
C00657,ITEM_051,view,1,2026-04-09
C00383,ITEM_036,view,1,2026-04-10
C00388,ITEM_009,view,1,2026-05-19
C00890,ITEM_026,play,3,2026-04-10
C00545,ITEM_003,play,3,2026-01-25
C00127,ITEM_007,purchase,5,2026-02-27
C00813,ITEM_065,view,1,2026-02-01
C00165,ITEM_069,view,1,2026-03-27
C01184,ITEM_066,play,3,2026-06-14
C00500,ITEM_009,view,1,2026-03-12
C00410,ITEM_046,view,1,2026-03-07
C00066,ITEM_050,purchase,5,2026-03-25
C00201,ITEM_027,play,3,2026-01-30
C01137,ITEM_045,play,3,2026-06-02
C00644,ITEM_021,view,1,2026-04-30
C01082,ITEM_078,view,1,2026-05-09
C01147,ITEM_019,view,1,2026-03-04
C00058,ITEM_020,view,1,2026-02-20
C00456,ITEM_061,view,1,2026-03-27
C01005,ITEM_018,play,3,2026-02-13
C00594,ITEM_072,view,1,2026-01-04
C00610,ITEM_050,view,1,2026-05-11
C00684,ITEM_072,play,3,2026-06-04
C00842,ITEM_044,play,3,2026-02-10
C01126,ITEM_077,view,1,2026-04-23
C01064,ITEM_064,view,1,2026-06-13
C00750,ITEM_064,view,1,2026-05-14
C00692,ITEM_013,view,1,2026-05-30
C00433,ITEM_064,view,1,2026-06-10
C00139,ITEM_024,play,3,2026-02-15
C00850,ITEM_066,play,3,2026-01-14
C00003,ITEM_000,purchase,5,2026-05-25
C00837,ITEM_004,view,1,2026-05-23
C00596,ITEM_057,view,1,2026-02-04
C00943,ITEM_005,view,1,2026-06-12
C01139,ITEM_026,purchase,5,2026-01-05
C00663,ITEM_037,play,3,2026-03-09
C00687,ITEM_018,purchase,5,2026-06-23
C00584,ITEM_059,view,1,2026-03-05
C00447,ITEM_048,view,1,2026-05-18
C00106,ITEM_052,view,1,2026-01-07
C00037,ITEM_020,view,1,2026-03-30
C00867,ITEM_001,view,1,2026-05-21
C01097,ITEM_004,view,1,2026-06-01
C00064,ITEM_020,view,1,2026-03-20
C00392,ITEM_018,view,1,2026-01-14
C00729,ITEM_049,purchase,5,2026-04-06
C00845,ITEM_067,play,3,2026-05-14
C00882,ITEM_022,play,3,2026-03-23
C00833,ITEM_047,view,1,2026-06-22
C00100,ITEM_073,play,3,2026-02-26
C00304,ITEM_037,view,1,2026-05-28
C00563,ITEM_016,view,1,2026-05-16
C00076,ITEM_039,view,1,2026-03-19
C00411,ITEM_005,view,1,2026-01-18
C00462,ITEM_079,play,3,2026-03-04
C01173,ITEM_073,play,3,2026-05-19
C00380,ITEM_002,view,1,2026-06-10
C01165,ITEM_021,view,1,2026-03-24
C00840,ITEM_012,view,1,2026-02-22
C00830,ITEM_070,view,1,2026-05-18
C00983,ITEM_069,play,3,2026-06-18
C01010,ITEM_027,play,3,2026-01-26
C00266,ITEM_042,play,3,2026-02-27
C00505,ITEM_051,view,1,2026-05-24
C00633,ITEM_079,view,1,2026-01-23
C01172,ITEM_065,view,1,2026-06-25
C00048,ITEM_054,view,1,2026-02-12
C00572,ITEM_036,view,1,2026-03-29
C00257,ITEM_057,view,1,2026-04-04
C00248,ITEM_051,view,1,2026-03-09
C00914,ITEM_046,view,1,2026-01-24
C00242,ITEM_016,play,3,2026-01-06
C00952,ITEM_001,view,1,2026-03-10
C01192,ITEM_041,view,1,2026-02-18
C00931,ITEM_072,purchase,5,2026-06-13
C00203,ITEM_079,play,3,2026-04-30
C00170,ITEM_041,view,1,2026-01-17
C00524,ITEM_077,view,1,2026-05-16
C00661,ITEM_000,view,1,2026-04-21
C00934,ITEM_065,purchase,5,2026-01-23
C00507,ITEM_016,view,1,2026-03-14
C00200,ITEM_028,view,1,2026-05-13
C01189,ITEM_028,play,3,2026-04-27
C01085,ITEM_017,play,3,2026-04-14
C00784,ITEM_022,view,1,2026-03-30
C00834,ITEM_043,view,1,2026-05-05
C01122,ITEM_002,view,1,2026-06-07
C00569,ITEM_017,view,1,2026-01-31
C00174,ITEM_022,view,1,2026-03-14
C00727,ITEM_006,play,3,2026-06-02
C00541,ITEM_071,play,3,2026-04-02
C00959,ITEM_035,play,3,2026-02-01
C00925,ITEM_047,play,3,2026-01-24
C00565,ITEM_046,view,1,2026-05-11
C00441,ITEM_026,view,1,2026-03-30
C00506,ITEM_021,play,3,2026-05-23
C00759,ITEM_007,view,1,2026-01-21
C00764,ITEM_065,view,1,2026-04-20
C00614,ITEM_060,view,1,2026-04-15
C00638,ITEM_052,play,3,2026-03-24
C01190,ITEM_057,view,1,2026-03-18
C00304,ITEM_064,view,1,2026-02-18
C00208,ITEM_000,view,1,2026-05-22
C00959,ITEM_053,play,3,2026-03-01
C01122,ITEM_079,view,1,2026-03-17
C00730,ITEM_066,view,1,2026-06-04
C00481,ITEM_021,play,3,2026-04-24
C00418,ITEM_047,play,3,2026-01-07
C00561,ITEM_020,view,1,2026-01-11
C00062,ITEM_010,view,1,2026-04-07
C00634,ITEM_024,purchase,5,2026-05-08
C00323,ITEM_027,view,1,2026-03-26
C00318,ITEM_076,play,3,2026-06-22
C00672,ITEM_037,play,3,2026-06-03
C01156,ITEM_067,play,3,2026-03-22
C00247,ITEM_076,view,1,2026-02-12
C01093,ITEM_050,view,1,2026-01-02
C00623,ITEM_039,view,1,2026-01-07
C01167,ITEM_039,view,1,2026-04-19
C00458,ITEM_062,view,1,2026-03-02
C01196,ITEM_026,view,1,2026-01-27
C00791,ITEM_036,view,1,2026-01-14
C00803,ITEM_026,play,3,2026-03-26
C00675,ITEM_020,view,1,2026-04-16
C00542,ITEM_026,view,1,2026-01-06
C00630,ITEM_007,view,1,2026-03-17
C01020,ITEM_069,play,3,2026-03-21
C00950,ITEM_069,view,1,2026-01-11
C00028,ITEM_054,play,3,2026-06-07
C00833,ITEM_060,view,1,2026-02-11
C01001,ITEM_032,view,1,2026-01-25
C00892,ITEM_042,play,3,2026-01-25
C00596,ITEM_079,view,1,2026-03-31
C00402,ITEM_004,play,3,2026-05-08
C00807,ITEM_014,purchase,5,2026-02-15
C00796,ITEM_066,view,1,2026-05-18
C00448,ITEM_006,view,1,2026-02-16
C00487,ITEM_062,purchase,5,2026-02-03
C00442,ITEM_029,play,3,2026-04-26
C00053,ITEM_056,view,1,2026-05-20
C00038,ITEM_078,view,1,2026-05-15
C00099,ITEM_045,view,1,2026-04-11
C00508,ITEM_001,play,3,2026-06-07
C00612,ITEM_042,play,3,2026-06-02
C00490,ITEM_006,view,1,2026-02-20
C01146,ITEM_075,view,1,2026-04-23
C00269,ITEM_027,play,3,2026-01-13
C00471,ITEM_076,view,1,2026-01-15
C00296,ITEM_078,purchase,5,2026-03-21
C00359,ITEM_025,view,1,2026-05-07
C00700,ITEM_027,view,1,2026-04-16
C00371,ITEM_069,view,1,2026-01-30
C00381,ITEM_054,view,1,2026-05-14
C00804,ITEM_040,view,1,2026-04-20
C00996,ITEM_069,view,1,2026-05-17
C00255,ITEM_020,view,1,2026-04-21
C00133,ITEM_053,view,1,2026-06-05
C00287,ITEM_027,play,3,2026-03-07
C00693,ITEM_007,view,1,2026-01-06
C01151,ITEM_028,view,1,2026-04-18
C00192,ITEM_011,play,3,2026-06-26
C00051,ITEM_079,view,1,2026-01-18
C00633,ITEM_020,view,1,2026-06-24
C01189,ITEM_074,play,3,2026-05-19
C00663,ITEM_063,view,1,2026-01-07
C01109,ITEM_029,view,1,2026-04-08
C00770,ITEM_064,play,3,2026-02-26
C00037,ITEM_004,purchase,5,2026-04-28
C00512,ITEM_013,play,3,2026-05-18
C00924,ITEM_064,view,1,2026-03-09
C00611,ITEM_030,view,1,2026-03-28
C00233,ITEM_012,view,1,2026-01-08
C00217,ITEM_011,view,1,2026-01-01
C00796,ITEM_064,view,1,2026-05-17
C00555,ITEM_037,play,3,2026-03-05
C00688,ITEM_035,view,1,2026-06-08
C00447,ITEM_029,play,3,2026-04-15
C00406,ITEM_007,purchase,5,2026-03-13
C00799,ITEM_079,view,1,2026-06-08
C00009,ITEM_017,view,1,2026-01-11
C00521,ITEM_031,purchase,5,2026-05-30
C00444,ITEM_066,view,1,2026-01-14
C00935,ITEM_004,play,3,2026-06-20
C00874,ITEM_046,view,1,2026-04-12
C00511,ITEM_041,view,1,2026-03-26
C00315,ITEM_057,view,1,2026-04-28
C00282,ITEM_072,view,1,2026-05-24
C00253,ITEM_007,purchase,5,2026-02-21
C00328,ITEM_029,view,1,2026-01-19
C00912,ITEM_029,view,1,2026-06-24
C00054,ITEM_065,play,3,2026-04-04
C00031,ITEM_036,purchase,5,2026-02-21
C00647,ITEM_033,view,1,2026-06-14
C00268,ITEM_021,play,3,2026-01-08
C00997,ITEM_045,view,1,2026-05-31
C00902,ITEM_049,play,3,2026-01-04
C00922,ITEM_040,play,3,2026-04-29
C00548,ITEM_049,play,3,2026-01-07
C00525,ITEM_069,play,3,2026-01-27
C00510,ITEM_068,purchase,5,2026-02-28
C00235,ITEM_045,view,1,2026-02-02
C00680,ITEM_075,play,3,2026-01-09
C01036,ITEM_030,play,3,2026-05-03
C00307,ITEM_001,view,1,2026-05-18
C00068,ITEM_061,purchase,5,2026-02-28
C00677,ITEM_061,play,3,2026-05-06
C00479,ITEM_004,play,3,2026-03-01
C00956,ITEM_026,view,1,2026-02-08
C01027,ITEM_021,play,3,2026-06-02
C01140,ITEM_042,view,1,2026-04-05
C00471,ITEM_022,purchase,5,2026-01-04
C01082,ITEM_059,view,1,2026-05-06
C00141,ITEM_045,view,1,2026-03-12
C00447,ITEM_069,view,1,2026-01-14
C00319,ITEM_066,play,3,2026-02-12
C01107,ITEM_023,view,1,2026-02-27
C00720,ITEM_044,play,3,2026-01-05
C00439,ITEM_049,play,3,2026-05-12
C00182,ITEM_036,view,1,2026-02-08
C00939,ITEM_077,play,3,2026-01-29
C00785,ITEM_005,play,3,2026-02-03
C01023,ITEM_073,view,1,2026-05-09
C00525,ITEM_077,view,1,2026-04-01
C00179,ITEM_029,view,1,2026-05-27
C00401,ITEM_023,view,1,2026-03-20
C00744,ITEM_003,view,1,2026-05-03
C00289,ITEM_010,view,1,2026-03-26
C00084,ITEM_018,view,1,2026-04-17
C00987,ITEM_066,purchase,5,2026-06-08
C00636,ITEM_061,view,1,2026-04-21
C00476,ITEM_071,play,3,2026-03-30
C00663,ITEM_025,play,3,2026-06-05
C00886,ITEM_023,play,3,2026-04-26
C00001,ITEM_065,view,1,2026-06-17
C00528,ITEM_043,view,1,2026-04-27
C00305,ITEM_004,play,3,2026-05-04
C00110,ITEM_062,play,3,2026-04-04
C00043,ITEM_007,play,3,2026-06-02
C00528,ITEM_001,view,1,2026-02-24
C00652,ITEM_074,view,1,2026-04-08
C00609,ITEM_078,view,1,2026-06-12
C00939,ITEM_056,play,3,2026-02-08
C00549,ITEM_025,play,3,2026-03-20
C00707,ITEM_013,view,1,2026-01-05
C00979,ITEM_038,view,1,2026-04-13
C00788,ITEM_041,view,1,2026-03-04
C01093,ITEM_004,view,1,2026-04-11
C00265,ITEM_052,view,1,2026-02-12
C00944,ITEM_003,view,1,2026-05-29
C00836,ITEM_039,view,1,2026-06-27
C00699,ITEM_008,play,3,2026-04-07
C00004,ITEM_003,play,3,2026-04-20
C00649,ITEM_025,view,1,2026-03-24
C01030,ITEM_047,view,1,2026-02-23
C00773,ITEM_073,play,3,2026-03-24
C00006,ITEM_004,view,1,2026-03-30
C00345,ITEM_041,view,1,2026-05-21
C00683,ITEM_061,view,1,2026-05-05
C00974,ITEM_026,purchase,5,2026-03-01
C00533,ITEM_064,view,1,2026-04-22
C01028,ITEM_036,purchase,5,2026-06-18
C00955,ITEM_000,view,1,2026-03-17
C00320,ITEM_021,view,1,2026-06-02
C00233,ITEM_033,view,1,2026-03-27
C01083,ITEM_049,play,3,2026-01-25
C00707,ITEM_012,view,1,2026-02-02
C01018,ITEM_040,view,1,2026-02-27
C01106,ITEM_062,purchase,5,2026-04-15
C00509,ITEM_030,view,1,2026-06-13
C00054,ITEM_015,view,1,2026-03-12
C01090,ITEM_054,play,3,2026-02-20
C00700,ITEM_050,view,1,2026-04-28
C00144,ITEM_031,view,1,2026-02-27
C00635,ITEM_066,play,3,2026-03-20
C00033,ITEM_064,view,1,2026-02-09
C00347,ITEM_008,view,1,2026-02-23
C00417,ITEM_047,view,1,2026-01-10
C00545,ITEM_050,view,1,2026-04-13
C00678,ITEM_016,view,1,2026-03-28
C01007,ITEM_014,view,1,2026-01-31
C00421,ITEM_013,view,1,2026-05-16
C00882,ITEM_026,view,1,2026-02-06
C01130,ITEM_020,view,1,2026-04-29
C00898,ITEM_056,view,1,2026-01-21
C00305,ITEM_073,view,1,2026-01-05
C00813,ITEM_036,purchase,5,2026-01-23
C00337,ITEM_065,view,1,2026-04-05
C00573,ITEM_040,view,1,2026-02-02
C00761,ITEM_077,play,3,2026-03-01
C00351,ITEM_030,view,1,2026-04-07
C00004,ITEM_059,purchase,5,2026-04-26
C01004,ITEM_067,play,3,2026-05-22
C00873,ITEM_073,view,1,2026-03-14
C00147,ITEM_031,view,1,2026-01-20
C00452,ITEM_028,view,1,2026-06-26
C00314,ITEM_001,play,3,2026-05-20
C01173,ITEM_049,view,1,2026-05-30
C01130,ITEM_044,play,3,2026-06-16
C00829,ITEM_031,play,3,2026-05-07
C00528,ITEM_017,play,3,2026-06-28
C00062,ITEM_069,view,1,2026-04-03
C00296,ITEM_079,play,3,2026-04-11
C00111,ITEM_079,play,3,2026-04-17
C00947,ITEM_036,view,1,2026-04-02
C00105,ITEM_059,play,3,2026-03-21
C00813,ITEM_066,view,1,2026-03-01
C01143,ITEM_062,purchase,5,2026-05-24
C00369,ITEM_028,view,1,2026-03-01
C00820,ITEM_070,view,1,2026-06-13
C01054,ITEM_052,play,3,2026-05-15
C00513,ITEM_007,view,1,2026-06-29
C00538,ITEM_013,view,1,2026-04-27
C00240,ITEM_038,view,1,2026-04-18
C00513,ITEM_075,play,3,2026-03-02
C01048,ITEM_058,view,1,2026-05-03
C00796,ITEM_051,play,3,2026-04-15
C00241,ITEM_048,view,1,2026-03-13
C00631,ITEM_073,view,1,2026-01-13
C00848,ITEM_043,view,1,2026-01-02
C00092,ITEM_032,view,1,2026-02-11
C00915,ITEM_030,purchase,5,2026-05-07
C00241,ITEM_041,play,3,2026-06-15
C00353,ITEM_017,purchase,5,2026-06-18
C00499,ITEM_076,play,3,2026-04-05
C00605,ITEM_073,play,3,2026-06-04
C01099,ITEM_030,purchase,5,2026-01-01
C00267,ITEM_058,view,1,2026-06-08
C00307,ITEM_061,purchase,5,2026-06-23
C00454,ITEM_049,view,1,2026-03-14
C01028,ITEM_008,view,1,2026-01-09
C01158,ITEM_006,view,1,2026-05-09
C00545,ITEM_057,view,1,2026-01-03
C00831,ITEM_008,view,1,2026-04-25
C01100,ITEM_065,view,1,2026-02-27
C01015,ITEM_034,view,1,2026-04-08
C00817,ITEM_064,play,3,2026-06-15
C00648,ITEM_010,view,1,2026-01-28
C01181,ITEM_031,view,1,2026-01-07
C00286,ITEM_011,play,3,2026-04-14
C00435,ITEM_039,play,3,2026-05-06
C00855,ITEM_006,play,3,2026-02-23
C00025,ITEM_022,view,1,2026-01-30
C00600,ITEM_023,view,1,2026-05-07
C01025,ITEM_040,purchase,5,2026-05-05
C00212,ITEM_000,view,1,2026-06-20
C00963,ITEM_025,play,3,2026-06-05
C00494,ITEM_058,view,1,2026-05-11
C01032,ITEM_032,view,1,2026-01-04
C00761,ITEM_047,play,3,2026-02-16
C00188,ITEM_068,view,1,2026-04-28
C00882,ITEM_040,view,1,2026-03-25
C00067,ITEM_070,play,3,2026-01-10
C00291,ITEM_078,view,1,2026-04-12
C01066,ITEM_042,view,1,2026-05-17
C01051,ITEM_038,view,1,2026-05-11
C00055,ITEM_025,view,1,2026-06-16
C00455,ITEM_069,play,3,2026-01-27
C00112,ITEM_062,view,1,2026-06-21
C00325,ITEM_015,view,1,2026-04-05
C01160,ITEM_052,view,1,2026-02-25
C00234,ITEM_021,play,3,2026-06-04
C00769,ITEM_079,view,1,2026-01-19
C00965,ITEM_026,purchase,5,2026-01-05
C01057,ITEM_006,view,1,2026-05-12
C00424,ITEM_079,view,1,2026-05-11
C00836,ITEM_048,play,3,2026-01-17
C00580,ITEM_072,view,1,2026-06-08
C00128,ITEM_071,view,1,2026-06-01
C00267,ITEM_035,purchase,5,2026-05-24
C00897,ITEM_035,play,3,2026-03-12
C00823,ITEM_067,view,1,2026-06-17
C00625,ITEM_030,play,3,2026-01-24
C00937,ITEM_018,view,1,2026-05-21
C00829,ITEM_045,play,3,2026-06-01
C00407,ITEM_047,view,1,2026-04-04
C00352,ITEM_065,view,1,2026-03-04
C01134,ITEM_012,view,1,2026-03-27
C01166,ITEM_038,view,1,2026-01-09
C00036,ITEM_046,play,3,2026-01-06
C00948,ITEM_076,view,1,2026-03-02
C00159,ITEM_017,view,1,2026-01-04
C01033,ITEM_049,play,3,2026-04-25
C00706,ITEM_046,view,1,2026-04-26
C00825,ITEM_076,purchase,5,2026-06-03
C00841,ITEM_034,view,1,2026-02-19
C00725,ITEM_014,view,1,2026-05-27
C00300,ITEM_044,view,1,2026-02-25
C00968,ITEM_068,view,1,2026-04-08
C00664,ITEM_012,view,1,2026-05-26
C00654,ITEM_057,play,3,2026-03-05
C00382,ITEM_040,view,1,2026-01-21
C00012,ITEM_063,purchase,5,2026-05-27
C00664,ITEM_025,view,1,2026-02-21
C00414,ITEM_068,play,3,2026-02-09
C00791,ITEM_011,view,1,2026-05-04
C00437,ITEM_042,view,1,2026-04-07
C01167,ITEM_040,view,1,2026-01-06
C00817,ITEM_022,view,1,2026-06-14
C00546,ITEM_011,view,1,2026-04-04
C00849,ITEM_075,view,1,2026-02-18
C00777,ITEM_034,view,1,2026-01-16
C00744,ITEM_074,purchase,5,2026-05-04
C00693,ITEM_025,view,1,2026-05-18
C01118,ITEM_051,view,1,2026-05-15
C00381,ITEM_043,view,1,2026-04-25
C00518,ITEM_032,view,1,2026-06-07
C00303,ITEM_038,view,1,2026-04-20
C00683,ITEM_020,play,3,2026-02-13
C01185,ITEM_010,view,1,2026-02-09
C00730,ITEM_053,play,3,2026-03-11
C00248,ITEM_022,view,1,2026-05-11
C01105,ITEM_042,view,1,2026-01-05
C00948,ITEM_044,play,3,2026-02-24
C00528,ITEM_079,view,1,2026-03-19
C00175,ITEM_066,view,1,2026-04-13
C00483,ITEM_014,view,1,2026-01-27
C00965,ITEM_004,play,3,2026-01-17
C00692,ITEM_077,view,1,2026-06-13
C00222,ITEM_007,purchase,5,2026-01-18
C00190,ITEM_057,view,1,2026-01-15
C01160,ITEM_063,purchase,5,2026-02-04
C00536,ITEM_069,view,1,2026-03-03
C00823,ITEM_027,play,3,2026-02-08
C00432,ITEM_027,view,1,2026-05-27
C00108,ITEM_020,play,3,2026-01-23
C00494,ITEM_013,view,1,2026-01-26
C00831,ITEM_018,play,3,2026-01-22
C00400,ITEM_016,play,3,2026-04-28
C00724,ITEM_077,view,1,2026-06-08
C00525,ITEM_038,view,1,2026-01-30
C00405,ITEM_040,view,1,2026-04-10
C00306,ITEM_050,purchase,5,2026-03-09
C00312,ITEM_012,purchase,5,2026-04-22
C00306,ITEM_079,view,1,2026-04-27
C00862,ITEM_032,view,1,2026-02-21
C00404,ITEM_040,view,1,2026-04-19
C00889,ITEM_020,view,1,2026-01-10
C00373,ITEM_023,view,1,2026-03-29
C00392,ITEM_013,play,3,2026-06-24
C01109,ITEM_040,view,1,2026-06-11
C01051,ITEM_078,play,3,2026-01-10
C00480,ITEM_001,purchase,5,2026-01-11
C00322,ITEM_035,view,1,2026-05-29
C00858,ITEM_031,view,1,2026-02-07
C00083,ITEM_055,view,1,2026-04-30
C00547,ITEM_059,view,1,2026-04-08
C00719,ITEM_071,play,3,2026-03-15
C00810,ITEM_020,view,1,2026-02-25
C00128,ITEM_016,view,1,2026-05-15
C00003,ITEM_038,play,3,2026-02-16
C00331,ITEM_010,view,1,2026-05-18
C00143,ITEM_038,view,1,2026-02-11
C00608,ITEM_020,purchase,5,2026-06-08
C01103,ITEM_025,view,1,2026-05-07
C00343,ITEM_057,view,1,2026-04-09
C00544,ITEM_011,view,1,2026-01-18
C00257,ITEM_030,view,1,2026-02-08
C00052,ITEM_054,view,1,2026-04-24
C00843,ITEM_039,play,3,2026-04-14
C00307,ITEM_068,view,1,2026-01-19
C00656,ITEM_001,view,1,2026-01-18
C00819,ITEM_032,view,1,2026-04-20
C01007,ITEM_000,view,1,2026-03-09
C00222,ITEM_004,purchase,5,2026-03-27
C00697,ITEM_032,play,3,2026-04-20
C01092,ITEM_020,play,3,2026-06-02
C00580,ITEM_012,view,1,2026-02-15
C00048,ITEM_076,view,1,2026-05-05
C00313,ITEM_063,play,3,2026-06-05
C00953,ITEM_034,play,3,2026-06-14
C00950,ITEM_076,play,3,2026-06-25
C00377,ITEM_006,view,1,2026-01-01
C00236,ITEM_074,view,1,2026-01-14
C00350,ITEM_070,view,1,2026-06-06
C00290,ITEM_037,view,1,2026-02-07
C00889,ITEM_056,view,1,2026-02-22
C01009,ITEM_022,view,1,2026-03-27
C00055,ITEM_077,view,1,2026-04-29
C00889,ITEM_038,view,1,2026-01-07
C00902,ITEM_017,view,1,2026-04-27
C00735,ITEM_008,view,1,2026-01-17
C01045,ITEM_055,view,1,2026-03-08
C00046,ITEM_075,view,1,2026-06-12
C00839,ITEM_055,purchase,5,2026-01-23
C00152,ITEM_053,view,1,2026-01-09
C01076,ITEM_063,play,3,2026-03-27
C00599,ITEM_022,view,1,2026-02-14
C00109,ITEM_027,play,3,2026-02-14
C00895,ITEM_060,view,1,2026-03-18
C00899,ITEM_051,play,3,2026-01-31
C00556,ITEM_019,play,3,2026-01-04
C00372,ITEM_004,view,1,2026-06-16
C00020,ITEM_060,play,3,2026-05-26
C01089,ITEM_068,play,3,2026-03-16
C00221,ITEM_032,play,3,2026-05-30
C01011,ITEM_066,view,1,2026-06-29
C00706,ITEM_069,view,1,2026-03-13
C00822,ITEM_056,play,3,2026-01-29
C00833,ITEM_079,play,3,2026-02-06
C01029,ITEM_077,purchase,5,2026-06-22
C00040,ITEM_025,view,1,2026-06-10
C01189,ITEM_071,play,3,2026-05-06
C00051,ITEM_044,play,3,2026-05-03
C01198,ITEM_030,play,3,2026-02-25
C00313,ITEM_019,play,3,2026-04-05
C01015,ITEM_055,view,1,2026-03-08
C00100,ITEM_064,play,3,2026-03-12
C00553,ITEM_016,view,1,2026-05-11
C00650,ITEM_039,view,1,2026-04-08
C01145,ITEM_071,view,1,2026-03-19
C00148,ITEM_078,play,3,2026-02-14
C00043,ITEM_035,view,1,2026-04-28
C00777,ITEM_070,view,1,2026-03-22
C00059,ITEM_068,play,3,2026-01-10
C00932,ITEM_021,purchase,5,2026-05-04
C00045,ITEM_036,play,3,2026-03-02
C01164,ITEM_009,view,1,2026-03-16
C00639,ITEM_000,view,1,2026-06-27
C01138,ITEM_049,view,1,2026-05-04
C00151,ITEM_000,view,1,2026-01-13
C00328,ITEM_025,play,3,2026-05-13
C00545,ITEM_014,view,1,2026-02-22
C00035,ITEM_020,view,1,2026-05-16
C00123,ITEM_019,play,3,2026-03-04
C00395,ITEM_043,view,1,2026-04-13
C00884,ITEM_061,view,1,2026-05-06
C00850,ITEM_043,view,1,2026-02-03
C00104,ITEM_060,view,1,2026-01-25
C00071,ITEM_043,view,1,2026-05-07
C00787,ITEM_055,purchase,5,2026-01-13
C00431,ITEM_023,play,3,2026-05-28
C00950,ITEM_026,play,3,2026-03-19
C00357,ITEM_012,play,3,2026-01-17
C00435,ITEM_041,view,1,2026-05-18
C00263,ITEM_014,play,3,2026-06-11
C00319,ITEM_050,view,1,2026-01-13
C00847,ITEM_057,view,1,2026-06-19
C00565,ITEM_070,view,1,2026-03-16
C00790,ITEM_037,view,1,2026-05-01
C00094,ITEM_079,view,1,2026-02-17
C00642,ITEM_037,view,1,2026-01-20
C00550,ITEM_057,view,1,2026-06-27
C01092,ITEM_078,view,1,2026-04-28
C00508,ITEM_042,view,1,2026-02-15
C00123,ITEM_073,view,1,2026-03-06
C00836,ITEM_046,view,1,2026-05-17
C00179,ITEM_005,view,1,2026-02-24
C01090,ITEM_039,view,1,2026-05-04
C00460,ITEM_063,view,1,2026-01-07
C00941,ITEM_051,play,3,2026-06-27
C00787,ITEM_019,play,3,2026-05-11
C00557,ITEM_022,view,1,2026-03-02
C00700,ITEM_057,view,1,2026-04-13
C00219,ITEM_063,play,3,2026-02-01
C00088,ITEM_013,view,1,2026-03-23
C00919,ITEM_036,view,1,2026-03-05
C01150,ITEM_011,view,1,2026-03-11
C01034,ITEM_023,play,3,2026-05-27
C00366,ITEM_075,view,1,2026-03-16
C00429,ITEM_002,purchase,5,2026-01-02
C00430,ITEM_044,play,3,2026-03-23
C00843,ITEM_036,view,1,2026-01-10
C00748,ITEM_027,view,1,2026-03-27
C00955,ITEM_071,view,1,2026-05-03
C01134,ITEM_071,view,1,2026-01-18
C00470,ITEM_001,view,1,2026-01-12
C00795,ITEM_023,view,1,2026-03-10
C00600,ITEM_018,play,3,2026-03-28
C01145,ITEM_005,play,3,2026-01-12
C00424,ITEM_040,purchase,5,2026-02-28
C00225,ITEM_031,view,1,2026-05-20
C00454,ITEM_031,play,3,2026-04-13
C00742,ITEM_056,play,3,2026-04-05
C01144,ITEM_077,play,3,2026-01-19
C00994,ITEM_052,play,3,2026-05-24
C00022,ITEM_049,view,1,2026-04-17
C00610,ITEM_037,play,3,2026-03-19
C00190,ITEM_032,view,1,2026-04-21
C00434,ITEM_040,play,3,2026-01-28
C01132,ITEM_021,view,1,2026-05-02
C01181,ITEM_042,view,1,2026-02-23
C00184,ITEM_030,view,1,2026-01-08
C00169,ITEM_029,view,1,2026-02-12
C00835,ITEM_069,view,1,2026-03-07
C00493,ITEM_006,play,3,2026-03-21
C00519,ITEM_065,view,1,2026-02-11
C01048,ITEM_012,view,1,2026-05-23
C01104,ITEM_030,view,1,2026-02-17
C01080,ITEM_057,view,1,2026-01-21
C00939,ITEM_073,view,1,2026-02-10
C01176,ITEM_064,play,3,2026-03-14
C00863,ITEM_058,purchase,5,2026-01-09
C01061,ITEM_031,view,1,2026-01-17
C00648,ITEM_028,view,1,2026-01-29
C00061,ITEM_026,play,3,2026-03-12
C00979,ITEM_066,view,1,2026-06-21
C01115,ITEM_048,play,3,2026-04-15
C00374,ITEM_005,view,1,2026-01-15
C00513,ITEM_001,play,3,2026-01-13
C00686,ITEM_009,view,1,2026-01-19
C00781,ITEM_045,purchase,5,2026-01-12
C00809,ITEM_078,purchase,5,2026-04-01
C00473,ITEM_037,view,1,2026-05-12
C01025,ITEM_019,view,1,2026-03-20
C00976,ITEM_035,view,1,2026-03-15
C01130,ITEM_056,view,1,2026-04-18
C00691,ITEM_000,purchase,5,2026-03-05
C00092,ITEM_052,view,1,2026-05-26
C01014,ITEM_075,view,1,2026-05-04
C00095,ITEM_074,view,1,2026-06-27
C00232,ITEM_013,view,1,2026-01-16
C00342,ITEM_078,play,3,2026-03-20
C00221,ITEM_009,play,3,2026-06-04
C00868,ITEM_037,play,3,2026-05-02
C00528,ITEM_030,view,1,2026-05-20
C00263,ITEM_053,play,3,2026-03-26
C00005,ITEM_062,view,1,2026-03-12
C00259,ITEM_048,view,1,2026-05-16
C00831,ITEM_061,view,1,2026-03-26
C00953,ITEM_078,purchase,5,2026-03-15
C00355,ITEM_040,play,3,2026-03-13
C00087,ITEM_046,play,3,2026-01-23
C00668,ITEM_043,view,1,2026-05-22
C00939,ITEM_021,view,1,2026-06-03
C00084,ITEM_036,view,1,2026-01-06
C00954,ITEM_044,play,3,2026-03-14
C00204,ITEM_002,play,3,2026-05-01
C00309,ITEM_031,view,1,2026-01-28
C00747,ITEM_022,view,1,2026-02-24
C00061,ITEM_053,view,1,2026-06-23
C00366,ITEM_031,view,1,2026-05-21
C00166,ITEM_010,play,3,2026-06-07
C00257,ITEM_044,purchase,5,2026-06-27
C00928,ITEM_036,view,1,2026-05-03
C00274,ITEM_052,play,3,2026-02-20
C00052,ITEM_059,play,3,2026-06-21
C00257,ITEM_079,view,1,2026-03-22
C00104,ITEM_049,view,1,2026-04-08
C00747,ITEM_040,view,1,2026-04-09
C01167,ITEM_022,purchase,5,2026-04-09
C00201,ITEM_053,view,1,2026-04-10
C00874,ITEM_032,view,1,2026-05-20
C00435,ITEM_076,view,1,2026-01-29
C00086,ITEM_054,play,3,2026-03-21
C00825,ITEM_022,view,1,2026-04-15
C00251,ITEM_075,purchase,5,2026-04-11
C00616,ITEM_036,view,1,2026-05-11
C00608,ITEM_049,purchase,5,2026-03-02
C00716,ITEM_057,view,1,2026-06-19
C00161,ITEM_052,view,1,2026-01-03
C00301,ITEM_045,play,3,2026-05-11
C00884,ITEM_058,view,1,2026-01-31
C01119,ITEM_071,view,1,2026-04-19
C00014,ITEM_013,play,3,2026-01-05
C00496,ITEM_045,view,1,2026-02-11
C01057,ITEM_048,view,1,2026-03-12
C00344,ITEM_073,play,3,2026-01-18
C00537,ITEM_046,play,3,2026-03-01
C01085,ITEM_011,view,1,2026-04-25
C01162,ITEM_061,view,1,2026-01-30
C00786,ITEM_064,view,1,2026-04-23
C00832,ITEM_067,view,1,2026-03-26
C00736,ITEM_017,view,1,2026-06-01
C00340,ITEM_012,view,1,2026-04-25
C01064,ITEM_003,play,3,2026-03-22
C00040,ITEM_034,view,1,2026-05-29
C00070,ITEM_008,view,1,2026-01-31
C00722,ITEM_061,play,3,2026-04-13
C01005,ITEM_046,play,3,2026-02-10
C00977,ITEM_025,play,3,2026-03-23
C00813,ITEM_023,view,1,2026-03-27
C00451,ITEM_035,view,1,2026-04-18
C00431,ITEM_011,purchase,5,2026-02-26
C00510,ITEM_033,view,1,2026-04-30
C00307,ITEM_050,view,1,2026-02-02
C00502,ITEM_036,view,1,2026-01-31
C00125,ITEM_039,play,3,2026-01-20
C00383,ITEM_066,view,1,2026-03-28
C01129,ITEM_030,view,1,2026-03-16
C00848,ITEM_009,view,1,2026-05-29
C00170,ITEM_042,purchase,5,2026-03-02
C00343,ITEM_013,view,1,2026-04-15
C00311,ITEM_068,view,1,2026-06-23
C00338,ITEM_012,purchase,5,2026-04-21
C00829,ITEM_057,view,1,2026-06-04
C01074,ITEM_036,view,1,2026-04-02
C00852,ITEM_039,view,1,2026-02-03
C00586,ITEM_070,view,1,2026-03-22
C00192,ITEM_065,view,1,2026-05-16
C00171,ITEM_013,view,1,2026-01-21
C00976,ITEM_069,view,1,2026-03-28
C00813,ITEM_025,play,3,2026-04-04
C00612,ITEM_030,view,1,2026-06-16
C00692,ITEM_066,view,1,2026-06-25
C01018,ITEM_011,play,3,2026-04-20
C00976,ITEM_032,purchase,5,2026-02-08
C00104,ITEM_009,view,1,2026-02-06
C00474,ITEM_045,view,1,2026-04-18
C00051,ITEM_051,view,1,2026-02-05
C00461,ITEM_046,play,3,2026-05-02
C00764,ITEM_074,play,3,2026-06-24
C00250,ITEM_056,view,1,2026-02-03
C00180,ITEM_003,view,1,2026-06-15
C00589,ITEM_016,view,1,2026-01-07
C00629,ITEM_039,play,3,2026-03-28
C00856,ITEM_036,view,1,2026-03-11
C00016,ITEM_015,view,1,2026-04-12
C00297,ITEM_042,view,1,2026-03-29
C00935,ITEM_042,play,3,2026-04-09
C00818,ITEM_036,purchase,5,2026-01-22
C01079,ITEM_068,view,1,2026-05-18
C00977,ITEM_030,purchase,5,2026-06-19
C01006,ITEM_062,view,1,2026-03-27
C00612,ITEM_055,play,3,2026-06-04
C01150,ITEM_077,play,3,2026-01-23
C00499,ITEM_050,view,1,2026-05-12
C01083,ITEM_038,view,1,2026-02-28
C00470,ITEM_000,view,1,2026-05-01
C00532,ITEM_053,play,3,2026-04-13
C00822,ITEM_042,view,1,2026-01-08
C00478,ITEM_071,view,1,2026-03-05
C00176,ITEM_047,view,1,2026-03-20
C01075,ITEM_055,view,1,2026-05-27
C00543,ITEM_072,view,1,2026-01-20
C01112,ITEM_077,play,3,2026-06-20
C00478,ITEM_017,view,1,2026-01-09
C01167,ITEM_019,view,1,2026-02-13
C00723,ITEM_062,view,1,2026-01-26
C00921,ITEM_010,purchase,5,2026-06-10
C00906,ITEM_065,view,1,2026-04-13
C00242,ITEM_011,view,1,2026-05-09
C00978,ITEM_029,view,1,2026-05-04
C01133,ITEM_068,view,1,2026-04-16
C00793,ITEM_011,view,1,2026-02-23
C01136,ITEM_004,view,1,2026-01-24
C01015,ITEM_060,view,1,2026-03-20
C00799,ITEM_064,play,3,2026-03-15
C00572,ITEM_060,view,1,2026-03-20
C01028,ITEM_037,view,1,2026-06-29
C00222,ITEM_061,play,3,2026-01-24
C00673,ITEM_055,view,1,2026-04-27
C00978,ITEM_030,view,1,2026-01-29
C01132,ITEM_059,purchase,5,2026-04-17
C00320,ITEM_015,view,1,2026-05-02
C00112,ITEM_033,play,3,2026-01-07
C00400,ITEM_066,view,1,2026-03-24
C01036,ITEM_011,purchase,5,2026-02-27
C00628,ITEM_033,view,1,2026-03-29
C00066,ITEM_049,view,1,2026-03-29
C00143,ITEM_047,play,3,2026-03-27
C00406,ITEM_076,view,1,2026-04-26
C00411,ITEM_052,view,1,2026-02-06
C00162,ITEM_002,view,1,2026-06-04
C00592,ITEM_079,view,1,2026-06-01
C00574,ITEM_018,play,3,2026-03-24
C00239,ITEM_047,view,1,2026-06-13
C00278,ITEM_069,view,1,2026-02-19
C00797,ITEM_048,view,1,2026-02-06
C01142,ITEM_005,view,1,2026-02-20
C01195,ITEM_028,play,3,2026-05-21
C00671,ITEM_000,view,1,2026-01-25
C00046,ITEM_033,view,1,2026-02-24
C01077,ITEM_070,view,1,2026-01-27
C01140,ITEM_020,view,1,2026-03-21
C00333,ITEM_061,view,1,2026-02-24
C00480,ITEM_003,play,3,2026-05-28
C00031,ITEM_020,view,1,2026-05-18
C00961,ITEM_045,view,1,2026-06-09
C00930,ITEM_077,purchase,5,2026-03-16
C00024,ITEM_049,view,1,2026-04-06
C00842,ITEM_056,play,3,2026-06-04
C00494,ITEM_061,view,1,2026-05-09
C00654,ITEM_009,view,1,2026-06-20
C00262,ITEM_076,view,1,2026-06-26
C00978,ITEM_036,view,1,2026-01-14
C00485,ITEM_024,play,3,2026-02-12
C01008,ITEM_069,view,1,2026-05-08
C00177,ITEM_039,view,1,2026-01-18
C00705,ITEM_053,play,3,2026-01-16
C00372,ITEM_029,view,1,2026-01-25
C01159,ITEM_046,view,1,2026-01-13
C00668,ITEM_012,view,1,2026-04-30
C00863,ITEM_033,view,1,2026-02-19
C00103,ITEM_036,purchase,5,2026-06-19
C00812,ITEM_019,view,1,2026-01-19
C00121,ITEM_072,play,3,2026-03-24
C00433,ITEM_049,view,1,2026-04-30
C00266,ITEM_069,view,1,2026-03-06
C00002,ITEM_012,view,1,2026-05-09
C00703,ITEM_033,view,1,2026-06-01
C00289,ITEM_064,view,1,2026-04-26
C00615,ITEM_013,view,1,2026-04-20
C00916,ITEM_016,view,1,2026-04-14
C00213,ITEM_073,view,1,2026-06-28
C00851,ITEM_009,view,1,2026-05-21
C00356,ITEM_036,view,1,2026-01-11
C00397,ITEM_005,play,3,2026-05-20
C00692,ITEM_027,view,1,2026-01-30
C00750,ITEM_065,view,1,2026-06-06
C00786,ITEM_029,play,3,2026-02-28
C00234,ITEM_037,view,1,2026-05-05
C00695,ITEM_073,view,1,2026-05-13
C00316,ITEM_031,play,3,2026-03-06
C00332,ITEM_048,view,1,2026-06-23
C01136,ITEM_041,view,1,2026-04-05
C00121,ITEM_057,view,1,2026-03-18
C00495,ITEM_046,view,1,2026-03-30
C00527,ITEM_066,view,1,2026-02-25
C00293,ITEM_070,view,1,2026-01-20
C00942,ITEM_078,view,1,2026-06-26
C00584,ITEM_027,view,1,2026-05-27
C00863,ITEM_014,view,1,2026-05-27
C00464,ITEM_014,view,1,2026-06-14
C01076,ITEM_063,view,1,2026-04-21
C00875,ITEM_069,view,1,2026-06-27
C00399,ITEM_019,view,1,2026-06-27
C01154,ITEM_038,view,1,2026-02-14
C01038,ITEM_001,play,3,2026-03-21
C00710,ITEM_046,purchase,5,2026-01-18
C00019,ITEM_056,view,1,2026-05-07
C00709,ITEM_012,view,1,2026-01-20
C00829,ITEM_074,play,3,2026-05-18
C00437,ITEM_068,play,3,2026-05-25
C00172,ITEM_076,purchase,5,2026-03-16
C00677,ITEM_075,play,3,2026-04-24
C00961,ITEM_006,play,3,2026-06-20
C00383,ITEM_035,view,1,2026-05-17
C00547,ITEM_034,view,1,2026-03-21
C00001,ITEM_001,view,1,2026-06-12
C00844,ITEM_074,view,1,2026-01-08
C01039,ITEM_002,play,3,2026-02-10
C00931,ITEM_055,purchase,5,2026-02-28
C00515,ITEM_024,view,1,2026-03-07
C00054,ITEM_047,view,1,2026-05-02
C00590,ITEM_039,play,3,2026-05-23
C01128,ITEM_017,play,3,2026-01-10
C00100,ITEM_034,play,3,2026-02-16
C00256,ITEM_056,play,3,2026-05-28
C01004,ITEM_045,purchase,5,2026-04-02
C00681,ITEM_017,view,1,2026-02-25
C00204,ITEM_020,view,1,2026-03-21
C00029,ITEM_055,view,1,2026-04-20
C00492,ITEM_016,view,1,2026-04-18
C00713,ITEM_047,play,3,2026-05-30
C01008,ITEM_077,view,1,2026-06-27
C01060,ITEM_046,view,1,2026-05-26
C00549,ITEM_022,view,1,2026-01-19
C00506,ITEM_053,play,3,2026-03-17
C01117,ITEM_075,view,1,2026-03-29
C00932,ITEM_051,view,1,2026-04-24
C00251,ITEM_045,view,1,2026-06-22
C00817,ITEM_049,view,1,2026-03-22
C00858,ITEM_005,view,1,2026-03-04
C00280,ITEM_001,view,1,2026-06-11
C01173,ITEM_047,view,1,2026-05-14
C00356,ITEM_038,purchase,5,2026-03-24
C00659,ITEM_078,purchase,5,2026-06-17
C00592,ITEM_038,view,1,2026-02-24
C00830,ITEM_067,view,1,2026-02-13
C01081,ITEM_052,view,1,2026-01-04
C00471,ITEM_024,view,1,2026-01-15
C00461,ITEM_069,view,1,2026-06-05
C00901,ITEM_007,play,3,2026-01-14
C01142,ITEM_055,purchase,5,2026-05-18
C01090,ITEM_036,view,1,2026-01-14
C00903,ITEM_057,play,3,2026-02-11
C00843,ITEM_007,play,3,2026-03-05
C00922,ITEM_016,view,1,2026-02-08
C01123,ITEM_023,play,3,2026-01-23
C00012,ITEM_045,purchase,5,2026-06-27
C00706,ITEM_073,purchase,5,2026-03-14
C00040,ITEM_072,play,3,2026-03-18
C00692,ITEM_052,view,1,2026-05-16
C00473,ITEM_009,view,1,2026-06-14
C00365,ITEM_062,purchase,5,2026-02-23
C01069,ITEM_067,view,1,2026-03-23
C00851,ITEM_043,view,1,2026-03-28
C00680,ITEM_005,view,1,2026-02-16
C01058,ITEM_013,view,1,2026-01-23
C00117,ITEM_064,view,1,2026-06-15
C00775,ITEM_012,play,3,2026-05-06
C00187,ITEM_027,view,1,2026-05-03
C00279,ITEM_061,view,1,2026-02-27
C00222,ITEM_012,view,1,2026-04-29
C00652,ITEM_034,view,1,2026-01-25
C00754,ITEM_054,play,3,2026-01-22
C00907,ITEM_039,purchase,5,2026-06-21
C00528,ITEM_070,play,3,2026-02-11
C01127,ITEM_014,view,1,2026-05-19
C00448,ITEM_045,play,3,2026-02-20
C00187,ITEM_028,view,1,2026-04-28
C00043,ITEM_044,play,3,2026-04-21
C00152,ITEM_010,play,3,2026-05-11
C00534,ITEM_054,view,1,2026-06-21
C00495,ITEM_016,view,1,2026-03-18
C01025,ITEM_064,play,3,2026-06-05
C00150,ITEM_071,view,1,2026-02-23
C00314,ITEM_027,play,3,2026-06-23
C01176,ITEM_057,view,1,2026-03-31
C00034,ITEM_043,view,1,2026-06-01
C00509,ITEM_068,play,3,2026-05-29
C00237,ITEM_074,view,1,2026-04-25
C00640,ITEM_069,view,1,2026-06-23
C01168,ITEM_020,view,1,2026-05-02
C00272,ITEM_047,view,1,2026-04-19
C00444,ITEM_007,view,1,2026-02-15
C00538,ITEM_024,play,3,2026-03-09
C00958,ITEM_029,view,1,2026-01-02
C01181,ITEM_039,view,1,2026-05-10
C00115,ITEM_066,view,1,2026-04-20
C00586,ITEM_001,view,1,2026-05-06
C00903,ITEM_039,view,1,2026-04-24
C00010,ITEM_065,purchase,5,2026-02-14
C00967,ITEM_018,view,1,2026-06-29
C00291,ITEM_064,view,1,2026-03-20
C00622,ITEM_006,view,1,2026-05-06
C01174,ITEM_040,view,1,2026-01-25
C00762,ITEM_078,view,1,2026-04-18
C01186,ITEM_030,view,1,2026-03-14
C00724,ITEM_051,view,1,2026-06-16
C00252,ITEM_013,view,1,2026-05-18
C00831,ITEM_033,play,3,2026-06-18
C00738,ITEM_006,play,3,2026-02-26
C00372,ITEM_009,view,1,2026-04-29
C00092,ITEM_025,play,3,2026-04-24
C00777,ITEM_078,view,1,2026-02-15
C00692,ITEM_074,view,1,2026-02-28
C00928,ITEM_004,play,3,2026-05-02
C00151,ITEM_005,view,1,2026-01-27
C00646,ITEM_055,purchase,5,2026-03-14
C00982,ITEM_075,view,1,2026-05-14
C01069,ITEM_040,view,1,2026-06-01
C01127,ITEM_042,view,1,2026-04-17
C00254,ITEM_048,play,3,2026-05-01
C00207,ITEM_035,view,1,2026-05-29
C00691,ITEM_059,play,3,2026-02-11
C00555,ITEM_009,view,1,2026-05-03
C00281,ITEM_004,view,1,2026-05-13
C00122,ITEM_005,play,3,2026-05-28
C00172,ITEM_017,view,1,2026-04-20
C00406,ITEM_043,view,1,2026-01-28
C00887,ITEM_021,view,1,2026-01-10
C00078,ITEM_047,purchase,5,2026-04-21
C00126,ITEM_001,play,3,2026-02-19
C00317,ITEM_034,view,1,2026-03-08
C01048,ITEM_011,play,3,2026-03-25
C01188,ITEM_022,view,1,2026-05-15
C00528,ITEM_051,view,1,2026-03-05
C00053,ITEM_001,play,3,2026-04-15
C00014,ITEM_061,play,3,2026-03-31
C01030,ITEM_021,play,3,2026-01-10
C00533,ITEM_068,play,3,2026-05-05
C00092,ITEM_057,view,1,2026-04-07
C01000,ITEM_072,purchase,5,2026-02-09
C00634,ITEM_048,view,1,2026-05-14
C00419,ITEM_032,view,1,2026-01-18
C00542,ITEM_012,play,3,2026-02-17
C00270,ITEM_005,view,1,2026-02-13
C01117,ITEM_063,view,1,2026-04-28
C00945,ITEM_051,play,3,2026-06-28
C00238,ITEM_011,view,1,2026-06-01
C00881,ITEM_007,view,1,2026-01-25
C00215,ITEM_063,view,1,2026-01-12
C00543,ITEM_004,view,1,2026-05-23
C00898,ITEM_041,view,1,2026-04-15
C00043,ITEM_025,view,1,2026-03-06
C00870,ITEM_057,play,3,2026-06-09
C00271,ITEM_004,view,1,2026-02-02
C00839,ITEM_006,play,3,2026-01-23
C00599,ITEM_011,purchase,5,2026-03-31
C00031,ITEM_059,view,1,2026-02-18
C00914,ITEM_056,purchase,5,2026-02-11
C00311,ITEM_057,view,1,2026-04-23
C01142,ITEM_046,play,3,2026-02-24
C01007,ITEM_014,purchase,5,2026-04-16
C00231,ITEM_018,play,3,2026-04-13
C00721,ITEM_011,view,1,2026-05-23
C00434,ITEM_010,view,1,2026-06-25
C00722,ITEM_059,view,1,2026-04-24
C00668,ITEM_036,purchase,5,2026-02-21
C00355,ITEM_033,view,1,2026-04-14
C00781,ITEM_011,view,1,2026-03-28
C00312,ITEM_051,view,1,2026-03-23
C01088,ITEM_066,view,1,2026-03-04
C01135,ITEM_000,view,1,2026-01-15
C00199,ITEM_074,view,1,2026-02-14
C00873,ITEM_014,view,1,2026-04-17
C01115,ITEM_072,view,1,2026-01-13
C00152,ITEM_059,view,1,2026-01-29
C00887,ITEM_071,view,1,2026-04-13
C01125,ITEM_015,view,1,2026-06-29
C00270,ITEM_045,play,3,2026-01-31
C00698,ITEM_006,view,1,2026-01-15
C00957,ITEM_035,view,1,2026-03-04
C00400,ITEM_014,view,1,2026-01-14
C00285,ITEM_005,view,1,2026-06-11
C00476,ITEM_066,play,3,2026-05-22
C00402,ITEM_060,play,3,2026-01-22
C00870,ITEM_027,view,1,2026-01-19
C00445,ITEM_033,view,1,2026-04-08
C00451,ITEM_042,view,1,2026-03-14
C01133,ITEM_048,play,3,2026-05-05
C00694,ITEM_046,view,1,2026-06-16
C01115,ITEM_024,purchase,5,2026-03-02
C00852,ITEM_029,view,1,2026-05-22
C01062,ITEM_079,purchase,5,2026-03-01
C00234,ITEM_007,view,1,2026-02-11
C01125,ITEM_032,view,1,2026-06-24
C01133,ITEM_020,view,1,2026-02-15
C00048,ITEM_019,view,1,2026-01-26
C00427,ITEM_012,purchase,5,2026-04-17
C00495,ITEM_007,view,1,2026-04-18
C00503,ITEM_072,view,1,2026-03-29
C00934,ITEM_069,purchase,5,2026-01-16
C00838,ITEM_059,view,1,2026-01-22
C00255,ITEM_074,view,1,2026-05-17
C00730,ITEM_065,view,1,2026-01-29
C01169,ITEM_010,view,1,2026-02-19
C00528,ITEM_064,purchase,5,2026-05-25
C01113,ITEM_064,view,1,2026-03-02
C00779,ITEM_000,play,3,2026-03-04
C01109,ITEM_070,view,1,2026-06-14
C01083,ITEM_059,view,1,2026-05-24
C00020,ITEM_079,play,3,2026-05-08
C00960,ITEM_038,play,3,2026-02-04
C00226,ITEM_059,view,1,2026-02-21
C00989,ITEM_061,view,1,2026-04-18
C00969,ITEM_053,view,1,2026-05-31
C00310,ITEM_076,play,3,2026-04-01
C00079,ITEM_011,view,1,2026-05-14
C00503,ITEM_028,view,1,2026-02-28
C00363,ITEM_007,view,1,2026-03-07
C00664,ITEM_048,play,3,2026-04-20
C00098,ITEM_001,view,1,2026-04-13
C00053,ITEM_024,play,3,2026-01-23
C00524,ITEM_059,play,3,2026-03-11
C00923,ITEM_071,view,1,2026-06-04
C00377,ITEM_017,view,1,2026-04-07
C00388,ITEM_020,view,1,2026-05-14
C00196,ITEM_002,view,1,2026-05-29
C00339,ITEM_028,purchase,5,2026-02-21
C00358,ITEM_056,view,1,2026-02-12
C00311,ITEM_071,view,1,2026-04-15
C00412,ITEM_033,view,1,2026-03-28
C00340,ITEM_008,play,3,2026-06-12
C00816,ITEM_025,view,1,2026-02-02
C00405,ITEM_039,play,3,2026-03-18
C00905,ITEM_048,view,1,2026-01-09
C00725,ITEM_046,view,1,2026-03-07
C00768,ITEM_064,view,1,2026-04-16
C00700,ITEM_046,play,3,2026-05-24
C01107,ITEM_032,play,3,2026-06-01
C00306,ITEM_009,view,1,2026-01-01
C01178,ITEM_074,view,1,2026-06-06
C00247,ITEM_003,purchase,5,2026-05-04
C00165,ITEM_026,play,3,2026-02-06
C00991,ITEM_033,view,1,2026-02-08
C01075,ITEM_071,play,3,2026-05-20
C00111,ITEM_036,purchase,5,2026-05-05
C00719,ITEM_033,view,1,2026-02-07
C00615,ITEM_075,view,1,2026-03-20
C00264,ITEM_029,view,1,2026-06-04
C00624,ITEM_060,view,1,2026-01-04
C00822,ITEM_002,play,3,2026-04-03
C00688,ITEM_047,view,1,2026-06-07
C00623,ITEM_058,view,1,2026-01-01
C01062,ITEM_016,view,1,2026-04-09
C00270,ITEM_060,play,3,2026-04-11
C00748,ITEM_072,view,1,2026-02-26
C00379,ITEM_004,view,1,2026-04-08
C01168,ITEM_015,view,1,2026-05-07
C00301,ITEM_011,play,3,2026-02-21
C01045,ITEM_075,view,1,2026-03-31
C00758,ITEM_023,view,1,2026-04-07
C00257,ITEM_075,play,3,2026-01-07
C00910,ITEM_030,view,1,2026-02-08
C00289,ITEM_078,play,3,2026-04-28
C00314,ITEM_044,view,1,2026-03-30
C00413,ITEM_022,play,3,2026-06-24
C00818,ITEM_040,view,1,2026-06-03
C00469,ITEM_010,view,1,2026-02-09
C00682,ITEM_015,view,1,2026-06-29
C00663,ITEM_050,purchase,5,2026-06-05
C00235,ITEM_060,play,3,2026-03-17
C00279,ITEM_033,view,1,2026-04-22
C00368,ITEM_068,view,1,2026-02-20
C00266,ITEM_031,view,1,2026-01-15
C01102,ITEM_029,view,1,2026-02-12
C00457,ITEM_044,view,1,2026-05-12
C00485,ITEM_031,play,3,2026-04-13
C00806,ITEM_055,view,1,2026-03-21
C00945,ITEM_072,play,3,2026-03-28
C00825,ITEM_026,view,1,2026-05-23
C00661,ITEM_039,play,3,2026-05-06
C01171,ITEM_026,view,1,2026-04-25
C01079,ITEM_047,view,1,2026-04-01
C00242,ITEM_048,play,3,2026-01-01
C00192,ITEM_036,view,1,2026-03-02
C00471,ITEM_005,play,3,2026-01-23
C01002,ITEM_074,play,3,2026-05-20
C01157,ITEM_055,purchase,5,2026-03-05
C00843,ITEM_057,play,3,2026-02-14
C00828,ITEM_063,view,1,2026-03-28
C00280,ITEM_002,view,1,2026-03-28
C00710,ITEM_070,play,3,2026-06-17
C00221,ITEM_006,view,1,2026-02-02
C00647,ITEM_060,view,1,2026-05-28
C00232,ITEM_076,view,1,2026-02-08
C00090,ITEM_040,play,3,2026-05-25
C01160,ITEM_057,view,1,2026-04-07
C01072,ITEM_069,view,1,2026-04-08
C00822,ITEM_045,purchase,5,2026-05-07
C00750,ITEM_039,play,3,2026-01-17
C00287,ITEM_064,view,1,2026-05-24
C00686,ITEM_062,view,1,2026-05-15
C00897,ITEM_006,play,3,2026-02-05
C00647,ITEM_005,view,1,2026-01-16
C00338,ITEM_057,view,1,2026-05-11
C00470,ITEM_056,play,3,2026-01-17
C01009,ITEM_065,view,1,2026-04-15
C00305,ITEM_006,view,1,2026-02-15
C01153,ITEM_012,view,1,2026-05-10
C00906,ITEM_002,view,1,2026-06-16
C01068,ITEM_022,view,1,2026-06-01
C00611,ITEM_040,view,1,2026-05-15
C00268,ITEM_028,purchase,5,2026-04-26
C00040,ITEM_009,play,3,2026-01-14
C00641,ITEM_044,view,1,2026-06-20
C00478,ITEM_026,view,1,2026-06-15
C00136,ITEM_022,view,1,2026-01-12
C01114,ITEM_061,view,1,2026-05-22
C01164,ITEM_025,view,1,2026-01-20
C00448,ITEM_044,view,1,2026-04-19
C00801,ITEM_005,view,1,2026-02-14
C00495,ITEM_058,view,1,2026-01-23
C00596,ITEM_043,view,1,2026-02-11
C00748,ITEM_062,play,3,2026-02-27
C00499,ITEM_024,purchase,5,2026-03-04
C00962,ITEM_038,play,3,2026-02-24
C00227,ITEM_034,purchase,5,2026-03-25
C00802,ITEM_078,view,1,2026-04-26
C01179,ITEM_008,view,1,2026-03-25
C01020,ITEM_016,play,3,2026-04-16
C00054,ITEM_077,view,1,2026-03-11
C00136,ITEM_006,view,1,2026-02-19
C00754,ITEM_022,purchase,5,2026-01-27
C01109,ITEM_025,play,3,2026-02-25
C01012,ITEM_062,purchase,5,2026-02-04
C01084,ITEM_061,view,1,2026-04-04
C00179,ITEM_069,play,3,2026-04-28
C00622,ITEM_007,view,1,2026-06-02
C00871,ITEM_017,view,1,2026-02-23
C00749,ITEM_037,play,3,2026-01-23
C00932,ITEM_058,view,1,2026-05-27
C00255,ITEM_045,play,3,2026-05-11
C00548,ITEM_041,play,3,2026-02-26
C00537,ITEM_064,play,3,2026-06-29
C01127,ITEM_015,view,1,2026-04-26
C00243,ITEM_067,view,1,2026-05-15
C00391,ITEM_052,purchase,5,2026-03-05
C00026,ITEM_019,view,1,2026-03-21
C00182,ITEM_035,view,1,2026-03-04
C01177,ITEM_021,view,1,2026-05-12
C01017,ITEM_024,view,1,2026-05-27
C00310,ITEM_054,purchase,5,2026-06-04
C00842,ITEM_024,view,1,2026-03-01
C00711,ITEM_068,play,3,2026-05-19
C01087,ITEM_007,view,1,2026-05-04
C00360,ITEM_013,view,1,2026-01-03
C01193,ITEM_073,view,1,2026-05-24
C00444,ITEM_057,play,3,2026-01-24
C00860,ITEM_035,view,1,2026-01-24
C00477,ITEM_019,view,1,2026-01-20
C00805,ITEM_020,view,1,2026-04-09
C00402,ITEM_014,view,1,2026-01-06
C01011,ITEM_071,view,1,2026-04-01
C00764,ITEM_027,view,1,2026-05-09
C00346,ITEM_074,view,1,2026-04-07
C01153,ITEM_063,play,3,2026-02-18
C00851,ITEM_028,view,1,2026-03-02
C00514,ITEM_059,play,3,2026-05-10
C00163,ITEM_038,play,3,2026-03-03
C01167,ITEM_038,play,3,2026-04-30
C00905,ITEM_061,play,3,2026-05-04
C00801,ITEM_057,view,1,2026-04-05
C00999,ITEM_017,view,1,2026-03-08
C00728,ITEM_032,view,1,2026-01-11
C00278,ITEM_074,view,1,2026-05-15
C00284,ITEM_016,play,3,2026-02-24
C00094,ITEM_057,view,1,2026-03-23
C00075,ITEM_067,view,1,2026-01-05
C00874,ITEM_048,view,1,2026-05-14
C01022,ITEM_004,play,3,2026-06-13
C00196,ITEM_068,view,1,2026-06-08
C00688,ITEM_072,view,1,2026-02-25
C00148,ITEM_051,view,1,2026-01-17
C00497,ITEM_063,purchase,5,2026-01-18
C00948,ITEM_003,play,3,2026-03-10
C00974,ITEM_057,view,1,2026-01-01
C01138,ITEM_064,play,3,2026-02-02
C00372,ITEM_045,view,1,2026-04-21
C01138,ITEM_041,view,1,2026-01-08
C00940,ITEM_064,view,1,2026-04-22
C00406,ITEM_052,view,1,2026-06-06
C00393,ITEM_002,play,3,2026-06-29
C00129,ITEM_014,view,1,2026-06-24
C01105,ITEM_047,play,3,2026-02-21
C00243,ITEM_048,view,1,2026-04-27
C00321,ITEM_020,view,1,2026-01-09
C00495,ITEM_011,view,1,2026-02-12
C00165,ITEM_051,play,3,2026-05-21
C00967,ITEM_024,view,1,2026-02-06
C00837,ITEM_053,view,1,2026-02-24
C00187,ITEM_052,view,1,2026-03-15
C00195,ITEM_017,view,1,2026-03-01
C00026,ITEM_061,view,1,2026-05-14
C01139,ITEM_012,play,3,2026-06-13
C00522,ITEM_031,view,1,2026-04-07
C00786,ITEM_046,view,1,2026-04-14
C00179,ITEM_070,play,3,2026-05-12
C00277,ITEM_075,play,3,2026-03-14
C00649,ITEM_055,play,3,2026-03-23
C00250,ITEM_053,view,1,2026-06-21
C00735,ITEM_040,purchase,5,2026-03-11
C01108,ITEM_038,view,1,2026-02-17
C00366,ITEM_044,view,1,2026-01-04
C00729,ITEM_074,view,1,2026-01-04
C01098,ITEM_052,view,1,2026-05-19
C01072,ITEM_065,view,1,2026-02-11
C00009,ITEM_044,purchase,5,2026-05-14
C00132,ITEM_058,view,1,2026-01-08
C01183,ITEM_068,view,1,2026-05-24
C01110,ITEM_034,view,1,2026-03-15
C00386,ITEM_051,view,1,2026-05-27
C00624,ITEM_039,play,3,2026-05-30
C00687,ITEM_040,purchase,5,2026-04-13
C00802,ITEM_021,play,3,2026-06-25
C00900,ITEM_066,purchase,5,2026-06-20
C00447,ITEM_065,view,1,2026-05-07
C01067,ITEM_073,view,1,2026-03-30
C00070,ITEM_022,view,1,2026-06-16
C00038,ITEM_079,play,3,2026-06-24
C01149,ITEM_056,view,1,2026-03-15
C00212,ITEM_027,view,1,2026-02-28
C01193,ITEM_069,view,1,2026-02-24
C00343,ITEM_044,view,1,2026-06-18
C00437,ITEM_044,play,3,2026-01-28
C00033,ITEM_060,play,3,2026-01-01
C01132,ITEM_012,view,1,2026-04-01
C00431,ITEM_037,view,1,2026-06-21
C00201,ITEM_001,view,1,2026-02-28
C00580,ITEM_034,view,1,2026-04-01
C00185,ITEM_053,view,1,2026-01-20
C00947,ITEM_079,view,1,2026-05-28
C00087,ITEM_017,view,1,2026-06-17
C00599,ITEM_070,play,3,2026-04-25
C00469,ITEM_003,play,3,2026-01-23
C00044,ITEM_001,view,1,2026-01-18
C00062,ITEM_027,play,3,2026-05-14
C00622,ITEM_023,play,3,2026-01-24
C00473,ITEM_046,view,1,2026-01-13
C00155,ITEM_015,view,1,2026-06-10
C00166,ITEM_044,view,1,2026-04-05
C00965,ITEM_079,view,1,2026-04-18
C00876,ITEM_013,view,1,2026-05-02
C00729,ITEM_034,view,1,2026-03-04
C01000,ITEM_048,purchase,5,2026-02-12
C00083,ITEM_034,play,3,2026-04-04
C00825,ITEM_032,view,1,2026-01-14
C00903,ITEM_003,play,3,2026-02-23
C00240,ITEM_038,purchase,5,2026-04-17
C00643,ITEM_074,view,1,2026-06-19
C00920,ITEM_069,view,1,2026-04-19
C00724,ITEM_063,play,3,2026-05-16
C00299,ITEM_006,purchase,5,2026-02-26
C00797,ITEM_010,play,3,2026-01-11
C00911,ITEM_042,view,1,2026-03-09
C00011,ITEM_023,play,3,2026-05-05
C00680,ITEM_013,view,1,2026-01-09
C00605,ITEM_014,view,1,2026-06-05
C00440,ITEM_014,view,1,2026-02-23
C00053,ITEM_007,play,3,2026-05-04
C00100,ITEM_048,view,1,2026-06-08
C00900,ITEM_033,view,1,2026-04-21
C00993,ITEM_053,play,3,2026-01-31
C00503,ITEM_017,view,1,2026-02-16
C01127,ITEM_048,play,3,2026-03-26
C01113,ITEM_014,view,1,2026-06-26
C00799,ITEM_073,view,1,2026-05-02
C00697,ITEM_013,view,1,2026-04-21
C01157,ITEM_063,purchase,5,2026-05-25
C00731,ITEM_054,purchase,5,2026-01-26
C01120,ITEM_015,view,1,2026-01-15
C01174,ITEM_007,play,3,2026-04-16
C00233,ITEM_050,play,3,2026-04-17
C00792,ITEM_003,view,1,2026-02-16
C00877,ITEM_049,view,1,2026-04-23
C00984,ITEM_054,play,3,2026-01-28
C00419,ITEM_051,view,1,2026-02-05
C01033,ITEM_078,purchase,5,2026-06-10
C00585,ITEM_034,view,1,2026-01-06
C00464,ITEM_040,purchase,5,2026-04-11
C00188,ITEM_075,purchase,5,2026-06-01
C00385,ITEM_068,view,1,2026-05-09
C01169,ITEM_037,view,1,2026-03-21
C00859,ITEM_033,play,3,2026-02-26
C00871,ITEM_063,play,3,2026-01-11
C01074,ITEM_045,view,1,2026-01-23
C00320,ITEM_038,view,1,2026-04-15
C00793,ITEM_065,play,3,2026-04-06
C00445,ITEM_062,view,1,2026-03-09
C01017,ITEM_033,view,1,2026-02-22
C00506,ITEM_031,view,1,2026-01-15
C01025,ITEM_053,purchase,5,2026-01-23
C00897,ITEM_000,view,1,2026-02-21
C00926,ITEM_062,purchase,5,2026-06-16
C01110,ITEM_039,view,1,2026-02-28
C00948,ITEM_069,purchase,5,2026-01-21
C00385,ITEM_043,view,1,2026-04-14
C00625,ITEM_031,play,3,2026-01-23
C00567,ITEM_009,play,3,2026-03-14
C00077,ITEM_000,play,3,2026-05-12
C00711,ITEM_053,view,1,2026-01-20
C00524,ITEM_015,view,1,2026-06-16
C00472,ITEM_068,view,1,2026-04-25
C00131,ITEM_039,view,1,2026-06-14
C00605,ITEM_069,play,3,2026-05-12
C00694,ITEM_037,purchase,5,2026-06-23
C00126,ITEM_030,play,3,2026-04-02
C00761,ITEM_011,view,1,2026-01-03
C00201,ITEM_032,view,1,2026-01-12
C00174,ITEM_065,view,1,2026-02-02
C00481,ITEM_068,view,1,2026-01-19
C00466,ITEM_038,play,3,2026-05-26
C01097,ITEM_079,view,1,2026-06-20
C00081,ITEM_002,view,1,2026-04-22
C00419,ITEM_004,play,3,2026-02-04
C00881,ITEM_004,view,1,2026-06-26
C00299,ITEM_004,view,1,2026-02-25
C01177,ITEM_000,view,1,2026-06-08
C00891,ITEM_004,view,1,2026-05-04
C01135,ITEM_063,view,1,2026-03-20
C01138,ITEM_036,view,1,2026-05-23
C00130,ITEM_062,play,3,2026-04-30
C00550,ITEM_062,view,1,2026-06-13
C00893,ITEM_055,view,1,2026-04-20
C00010,ITEM_007,play,3,2026-03-13
C00542,ITEM_009,view,1,2026-01-18
C00825,ITEM_055,view,1,2026-06-28
C00951,ITEM_076,view,1,2026-05-21
C00498,ITEM_013,view,1,2026-01-19
C01035,ITEM_050,view,1,2026-04-20
C00808,ITEM_002,purchase,5,2026-05-29
C00054,ITEM_015,view,1,2026-05-06
C00333,ITEM_047,view,1,2026-02-18
C01125,ITEM_052,view,1,2026-01-25
C00002,ITEM_047,view,1,2026-06-18
C00129,ITEM_036,play,3,2026-03-08
C00413,ITEM_022,play,3,2026-06-06
C01192,ITEM_063,purchase,5,2026-03-25
C00845,ITEM_025,view,1,2026-05-18
C00177,ITEM_056,view,1,2026-02-13
C00471,ITEM_028,play,3,2026-04-19
C01127,ITEM_041,view,1,2026-04-11
C00263,ITEM_074,view,1,2026-02-08
C00690,ITEM_031,view,1,2026-05-03
C00556,ITEM_069,view,1,2026-03-25
C00912,ITEM_004,play,3,2026-04-28
C00902,ITEM_042,play,3,2026-01-07
C00999,ITEM_040,play,3,2026-01-23
C00143,ITEM_077,view,1,2026-05-08
C00544,ITEM_021,play,3,2026-06-29
C00830,ITEM_046,play,3,2026-01-21
C00502,ITEM_046,play,3,2026-01-05
C00800,ITEM_008,view,1,2026-02-16
C00762,ITEM_079,purchase,5,2026-01-08
C00444,ITEM_038,view,1,2026-02-14
C00120,ITEM_034,view,1,2026-05-05
C01164,ITEM_071,play,3,2026-05-22
C00991,ITEM_005,play,3,2026-04-24
C01073,ITEM_053,purchase,5,2026-03-14
C00359,ITEM_001,view,1,2026-01-28
C00379,ITEM_076,play,3,2026-04-07
C00388,ITEM_064,view,1,2026-06-23
C00037,ITEM_042,play,3,2026-02-07
C00203,ITEM_031,view,1,2026-04-08
C00369,ITEM_072,view,1,2026-03-02
C01184,ITEM_019,purchase,5,2026-03-06
C00245,ITEM_061,play,3,2026-04-03
C00609,ITEM_033,view,1,2026-01-31
C00656,ITEM_065,view,1,2026-02-04
C00431,ITEM_059,view,1,2026-01-08
C01102,ITEM_079,view,1,2026-05-05
C00111,ITEM_048,view,1,2026-06-13
C01044,ITEM_024,purchase,5,2026-03-22
C00892,ITEM_070,view,1,2026-04-22
C00366,ITEM_050,view,1,2026-06-27
C00921,ITEM_056,play,3,2026-05-17
C00514,ITEM_020,view,1,2026-02-14
C01164,ITEM_042,view,1,2026-05-20
C00043,ITEM_068,view,1,2026-03-13
C00035,ITEM_029,view,1,2026-06-22
C00652,ITEM_046,view,1,2026-06-16
C01117,ITEM_016,play,3,2026-01-08
C00076,ITEM_014,view,1,2026-06-09
C00933,ITEM_061,play,3,2026-02-13
C01126,ITEM_033,purchase,5,2026-03-29
C00583,ITEM_016,play,3,2026-05-15
C01040,ITEM_014,purchase,5,2026-01-23
C00908,ITEM_009,purchase,5,2026-01-03
C00257,ITEM_036,play,3,2026-03-15
C01025,ITEM_024,view,1,2026-04-15
C00839,ITEM_006,view,1,2026-04-16
C00015,ITEM_038,play,3,2026-06-21
C00681,ITEM_077,play,3,2026-02-15
C00785,ITEM_078,play,3,2026-05-09
C00961,ITEM_047,play,3,2026-02-04
C00925,ITEM_046,play,3,2026-03-22
C00570,ITEM_079,play,3,2026-04-06
C00358,ITEM_060,play,3,2026-03-19
C00230,ITEM_013,view,1,2026-02-01
C00106,ITEM_042,view,1,2026-02-04
C00767,ITEM_030,view,1,2026-06-07
C01151,ITEM_011,view,1,2026-06-21
C00096,ITEM_074,view,1,2026-01-14
C00843,ITEM_047,view,1,2026-02-11
C00701,ITEM_055,purchase,5,2026-06-27
C00206,ITEM_063,view,1,2026-01-22
C00255,ITEM_005,play,3,2026-04-07
C00341,ITEM_025,view,1,2026-02-22
C00821,ITEM_070,play,3,2026-06-27
C00358,ITEM_016,view,1,2026-05-15
C00993,ITEM_015,view,1,2026-05-16
C00443,ITEM_049,play,3,2026-01-12
C00131,ITEM_020,view,1,2026-01-28
C00114,ITEM_066,view,1,2026-05-24
C00480,ITEM_058,play,3,2026-02-10
C00489,ITEM_061,play,3,2026-03-20
C00880,ITEM_056,view,1,2026-01-20
C00574,ITEM_011,purchase,5,2026-01-04
C00196,ITEM_052,view,1,2026-05-12
C00255,ITEM_013,view,1,2026-02-01
C00679,ITEM_000,view,1,2026-01-31
C00401,ITEM_078,view,1,2026-06-01
C00806,ITEM_019,view,1,2026-05-09
C01107,ITEM_055,play,3,2026-02-08
C00425,ITEM_027,view,1,2026-06-04
C00662,ITEM_056,purchase,5,2026-06-24
C00998,ITEM_032,view,1,2026-03-16
C00252,ITEM_035,view,1,2026-03-23
C00612,ITEM_005,view,1,2026-04-29
C00366,ITEM_037,view,1,2026-01-27
C00752,ITEM_054,view,1,2026-06-11
C00891,ITEM_057,play,3,2026-01-23
C00169,ITEM_071,play,3,2026-05-16
C00224,ITEM_047,view,1,2026-04-14
C00027,ITEM_079,view,1,2026-01-24
C00014,ITEM_050,view,1,2026-03-21
C00060,ITEM_063,view,1,2026-02-22
C00848,ITEM_011,play,3,2026-06-18
C01084,ITEM_016,view,1,2026-04-07
C00491,ITEM_047,play,3,2026-03-08
C01059,ITEM_040,purchase,5,2026-02-17
C00875,ITEM_039,view,1,2026-01-26
C00969,ITEM_073,purchase,5,2026-04-02
C00887,ITEM_038,play,3,2026-04-02
C00239,ITEM_005,view,1,2026-06-21
C00628,ITEM_041,play,3,2026-04-27
C00630,ITEM_018,view,1,2026-03-23
C00769,ITEM_002,play,3,2026-03-09
C00955,ITEM_021,play,3,2026-02-17
C00135,ITEM_000,play,3,2026-04-27
C00809,ITEM_048,play,3,2026-01-27
C00999,ITEM_037,play,3,2026-01-02
C00138,ITEM_076,view,1,2026-06-12
C00497,ITEM_005,purchase,5,2026-01-07
C01074,ITEM_038,play,3,2026-02-11
C00029,ITEM_073,play,3,2026-04-11
C00192,ITEM_045,play,3,2026-02-04
C00964,ITEM_028,view,1,2026-05-01
C00206,ITEM_051,view,1,2026-04-10
C00842,ITEM_021,play,3,2026-01-14
C01081,ITEM_068,purchase,5,2026-03-25
C00598,ITEM_053,play,3,2026-05-30
C00581,ITEM_022,view,1,2026-03-11
C00514,ITEM_006,view,1,2026-05-02
C00447,ITEM_050,view,1,2026-04-15
C00456,ITEM_071,view,1,2026-03-24
C00664,ITEM_074,play,3,2026-04-13
C01074,ITEM_053,view,1,2026-03-29
C01177,ITEM_075,view,1,2026-01-13
C01039,ITEM_065,view,1,2026-03-20
C00143,ITEM_030,purchase,5,2026-03-16
C00368,ITEM_067,view,1,2026-05-21
C00908,ITEM_008,view,1,2026-05-10
C00654,ITEM_071,view,1,2026-04-14
C00401,ITEM_073,view,1,2026-03-10
C00373,ITEM_045,view,1,2026-04-24
C00140,ITEM_073,play,3,2026-06-29
C00398,ITEM_010,view,1,2026-05-31
C00506,ITEM_007,view,1,2026-02-12
C00499,ITEM_027,view,1,2026-02-20
C00658,ITEM_006,view,1,2026-03-31
C00327,ITEM_019,view,1,2026-04-29
C00247,ITEM_014,play,3,2026-05-02
C01065,ITEM_036,view,1,2026-05-21
C00486,ITEM_051,view,1,2026-04-09
C00305,ITEM_015,play,3,2026-05-29
C00762,ITEM_024,purchase,5,2026-01-08
C00650,ITEM_059,view,1,2026-02-09
C00691,ITEM_019,view,1,2026-04-03
C00265,ITEM_026,purchase,5,2026-04-05
C00867,ITEM_063,view,1,2026-06-23
C00230,ITEM_031,purchase,5,2026-04-29
C01003,ITEM_019,play,3,2026-03-15
C00508,ITEM_064,view,1,2026-04-16
C00490,ITEM_076,view,1,2026-01-21
C00466,ITEM_072,purchase,5,2026-03-12
C00507,ITEM_035,view,1,2026-01-04
C00798,ITEM_001,view,1,2026-01-28
C00596,ITEM_033,view,1,2026-03-16
C00152,ITEM_061,view,1,2026-01-01
C00679,ITEM_075,play,3,2026-02-03
C00320,ITEM_005,play,3,2026-06-10
C00129,ITEM_009,view,1,2026-05-31
C01007,ITEM_022,view,1,2026-04-13
C00375,ITEM_009,play,3,2026-06-21
C00714,ITEM_014,view,1,2026-01-06
C00206,ITEM_034,play,3,2026-06-19
C00407,ITEM_020,play,3,2026-03-31
C00463,ITEM_046,view,1,2026-03-09
C00160,ITEM_075,purchase,5,2026-05-23
C01168,ITEM_040,view,1,2026-03-23
C00373,ITEM_040,view,1,2026-04-19
C00699,ITEM_076,view,1,2026-02-26
C00678,ITEM_048,view,1,2026-04-05
C00515,ITEM_079,view,1,2026-01-24
C00702,ITEM_073,view,1,2026-02-08
C00679,ITEM_003,play,3,2026-04-11
C00096,ITEM_075,play,3,2026-06-19
C00802,ITEM_013,view,1,2026-02-03
C00137,ITEM_021,play,3,2026-04-15
C00521,ITEM_044,play,3,2026-01-11
C00437,ITEM_061,view,1,2026-04-02
C00537,ITEM_076,purchase,5,2026-06-02
C00086,ITEM_036,view,1,2026-03-03
C00841,ITEM_022,view,1,2026-05-24
C00502,ITEM_030,view,1,2026-03-12
C00073,ITEM_029,view,1,2026-06-16
C00004,ITEM_023,view,1,2026-04-24
C00648,ITEM_018,view,1,2026-02-28
C00799,ITEM_056,view,1,2026-02-17
C00656,ITEM_077,purchase,5,2026-06-06
C00864,ITEM_047,play,3,2026-03-28
C00908,ITEM_012,play,3,2026-03-13
C01046,ITEM_053,play,3,2026-04-16
C01179,ITEM_045,play,3,2026-01-14
C01061,ITEM_032,view,1,2026-02-03
C00954,ITEM_001,view,1,2026-03-24
C00517,ITEM_062,view,1,2026-02-22
C00604,ITEM_048,view,1,2026-04-10
C00739,ITEM_018,view,1,2026-03-04
C00203,ITEM_031,view,1,2026-03-19
C00813,ITEM_042,view,1,2026-05-21
C00705,ITEM_045,view,1,2026-05-22
C00624,ITEM_052,play,3,2026-02-22
C01001,ITEM_006,view,1,2026-03-05
C00824,ITEM_042,view,1,2026-04-26
C01118,ITEM_007,view,1,2026-06-15
C01171,ITEM_013,view,1,2026-04-08
C00990,ITEM_007,play,3,2026-01-14
C00357,ITEM_049,view,1,2026-04-18
C00226,ITEM_066,view,1,2026-05-10
C00359,ITEM_077,purchase,5,2026-06-18
C00855,ITEM_057,view,1,2026-06-17
C01037,ITEM_062,view,1,2026-05-05
C01056,ITEM_010,play,3,2026-04-10
C00820,ITEM_000,view,1,2026-01-31
C00817,ITEM_025,view,1,2026-06-08
C01142,ITEM_028,view,1,2026-03-27
C00822,ITEM_034,view,1,2026-05-05
C00169,ITEM_053,view,1,2026-05-13
C00600,ITEM_007,view,1,2026-01-03
C00430,ITEM_008,view,1,2026-03-09
C00764,ITEM_067,view,1,2026-05-01
C00763,ITEM_046,view,1,2026-03-27
C00353,ITEM_029,view,1,2026-04-29
C00359,ITEM_066,view,1,2026-04-12
C00106,ITEM_053,view,1,2026-01-01
C00351,ITEM_067,play,3,2026-02-25
C00993,ITEM_051,play,3,2026-03-15
C00786,ITEM_040,view,1,2026-03-11
C01131,ITEM_073,play,3,2026-01-07
C01111,ITEM_079,view,1,2026-01-04
C01028,ITEM_059,view,1,2026-02-22
C00215,ITEM_050,view,1,2026-06-03
C00400,ITEM_002,view,1,2026-06-27
C00068,ITEM_069,play,3,2026-05-31
C00112,ITEM_012,view,1,2026-06-19
C00277,ITEM_002,view,1,2026-06-16
C00336,ITEM_035,play,3,2026-05-04
C00018,ITEM_006,view,1,2026-01-23
C01011,ITEM_007,play,3,2026-03-08
C00632,ITEM_037,view,1,2026-05-13
C00786,ITEM_031,purchase,5,2026-03-13
C00784,ITEM_010,view,1,2026-02-18
C01160,ITEM_078,play,3,2026-01-07
C00176,ITEM_016,view,1,2026-03-02
C00411,ITEM_016,purchase,5,2026-03-02
C00370,ITEM_064,purchase,5,2026-05-27
C00661,ITEM_056,play,3,2026-05-22
C00631,ITEM_028,view,1,2026-01-21
C00948,ITEM_020,view,1,2026-04-04
C00672,ITEM_073,play,3,2026-06-12
C00280,ITEM_002,play,3,2026-03-27
C00677,ITEM_051,play,3,2026-06-22
C01156,ITEM_007,play,3,2026-01-17
C00694,ITEM_000,view,1,2026-02-27
C00710,ITEM_008,view,1,2026-06-15
C00211,ITEM_044,view,1,2026-05-09
C00009,ITEM_023,play,3,2026-02-20
C00251,ITEM_055,view,1,2026-06-10
C00030,ITEM_076,view,1,2026-03-10
C00542,ITEM_003,play,3,2026-05-23
C01058,ITEM_049,view,1,2026-03-01
C00536,ITEM_072,view,1,2026-03-03
C00774,ITEM_009,view,1,2026-03-01
C01026,ITEM_033,view,1,2026-03-07
C00915,ITEM_005,view,1,2026-04-18
C00780,ITEM_008,play,3,2026-05-26
C00940,ITEM_077,play,3,2026-04-23
C00336,ITEM_020,play,3,2026-01-05
C00504,ITEM_013,purchase,5,2026-04-18
C00478,ITEM_071,view,1,2026-03-19
C00958,ITEM_021,view,1,2026-01-13
C00490,ITEM_022,view,1,2026-03-01
C01125,ITEM_067,play,3,2026-06-24
C00223,ITEM_060,view,1,2026-03-04
C00206,ITEM_044,purchase,5,2026-05-09
C00859,ITEM_067,view,1,2026-02-05
C00916,ITEM_018,play,3,2026-06-08
C00814,ITEM_063,view,1,2026-05-27
C00369,ITEM_053,play,3,2026-01-29
C00010,ITEM_045,view,1,2026-05-05
C00385,ITEM_029,view,1,2026-06-17
C00559,ITEM_009,play,3,2026-06-12
C00495,ITEM_046,view,1,2026-05-10
C01106,ITEM_064,play,3,2026-05-12
C01036,ITEM_007,play,3,2026-04-01
C00930,ITEM_012,play,3,2026-01-27
C00026,ITEM_070,view,1,2026-01-05
C00152,ITEM_069,view,1,2026-02-22
C00520,ITEM_047,view,1,2026-02-15
C00746,ITEM_036,play,3,2026-06-14
C00816,ITEM_000,view,1,2026-05-31
C00355,ITEM_072,purchase,5,2026-02-28
C00132,ITEM_044,purchase,5,2026-03-10
C00393,ITEM_006,view,1,2026-05-14
C00950,ITEM_028,play,3,2026-05-03
C01183,ITEM_066,view,1,2026-06-09
C01130,ITEM_072,view,1,2026-05-12
C00711,ITEM_050,view,1,2026-05-05
C00109,ITEM_011,play,3,2026-05-20
C01161,ITEM_012,play,3,2026-06-10
C00183,ITEM_026,view,1,2026-03-10
C00321,ITEM_061,view,1,2026-02-15
C01168,ITEM_061,view,1,2026-06-13
C00604,ITEM_059,view,1,2026-01-30
C00237,ITEM_018,view,1,2026-02-22
C00602,ITEM_024,play,3,2026-01-25
C00094,ITEM_025,purchase,5,2026-05-31
C00378,ITEM_058,view,1,2026-06-15
C01142,ITEM_061,play,3,2026-03-18
C00358,ITEM_002,play,3,2026-01-18
C01071,ITEM_056,view,1,2026-02-12
C00651,ITEM_031,play,3,2026-04-15
C00786,ITEM_028,view,1,2026-03-03
C00843,ITEM_040,view,1,2026-05-16
C00661,ITEM_037,view,1,2026-05-24
C00041,ITEM_078,play,3,2026-03-20
C01103,ITEM_044,view,1,2026-04-21
C00570,ITEM_066,view,1,2026-01-12
C00786,ITEM_071,view,1,2026-01-25
C00664,ITEM_078,view,1,2026-03-02
C00790,ITEM_052,view,1,2026-01-23
C00425,ITEM_075,view,1,2026-01-03
C01012,ITEM_047,play,3,2026-05-04
C00269,ITEM_029,view,1,2026-01-05
C00783,ITEM_064,view,1,2026-02-13
C00693,ITEM_070,play,3,2026-05-10
C00604,ITEM_024,play,3,2026-02-07
C00026,ITEM_077,view,1,2026-02-10
C00467,ITEM_035,view,1,2026-05-15
C00057,ITEM_018,view,1,2026-01-04
C00603,ITEM_054,view,1,2026-02-28
C00825,ITEM_019,play,3,2026-04-07
C00626,ITEM_032,view,1,2026-01-13
C00908,ITEM_042,view,1,2026-04-28
C00432,ITEM_038,view,1,2026-03-18
C00367,ITEM_009,view,1,2026-02-25
C00537,ITEM_012,view,1,2026-04-13
C00274,ITEM_006,play,3,2026-01-07
C00962,ITEM_048,view,1,2026-04-19
C00971,ITEM_079,view,1,2026-03-25
C00499,ITEM_051,play,3,2026-01-11
C00951,ITEM_044,view,1,2026-05-22
C00030,ITEM_068,view,1,2026-03-23
C00185,ITEM_001,view,1,2026-01-13
C00339,ITEM_006,view,1,2026-03-06
C00465,ITEM_079,view,1,2026-05-15
C00278,ITEM_071,view,1,2026-03-22
C00614,ITEM_044,play,3,2026-03-11
C00952,ITEM_006,play,3,2026-01-08
C00547,ITEM_015,view,1,2026-01-12
C00539,ITEM_059,view,1,2026-02-23
C00071,ITEM_018,play,3,2026-02-18
C00336,ITEM_047,view,1,2026-04-26
C00968,ITEM_060,view,1,2026-03-26
C00972,ITEM_032,play,3,2026-01-23
C00125,ITEM_037,view,1,2026-04-28
C00023,ITEM_073,purchase,5,2026-06-22
C00997,ITEM_078,view,1,2026-06-04
C00209,ITEM_036,play,3,2026-06-28
C00689,ITEM_016,view,1,2026-03-28
C00992,ITEM_001,view,1,2026-03-06
C00944,ITEM_014,view,1,2026-01-11
C00660,ITEM_041,purchase,5,2026-05-03
C00451,ITEM_078,view,1,2026-03-21
C00928,ITEM_042,view,1,2026-04-25
C00833,ITEM_078,purchase,5,2026-02-24
C01005,ITEM_059,view,1,2026-01-31
C00616,ITEM_006,view,1,2026-05-05
C01130,ITEM_028,view,1,2026-03-11
C00923,ITEM_046,play,3,2026-04-06
C00076,ITEM_005,view,1,2026-06-26
C00352,ITEM_001,view,1,2026-02-20
C00959,ITEM_027,purchase,5,2026-01-23
C00139,ITEM_071,view,1,2026-05-09
C00850,ITEM_048,view,1,2026-04-14
C00408,ITEM_041,view,1,2026-03-13
C00248,ITEM_043,view,1,2026-04-18
C00647,ITEM_043,view,1,2026-06-16
C01118,ITEM_067,view,1,2026-01-31
C01077,ITEM_025,play,3,2026-05-23
C00485,ITEM_021,play,3,2026-04-07
C00004,ITEM_022,view,1,2026-05-25
C01065,ITEM_045,view,1,2026-06-15
C01076,ITEM_021,view,1,2026-01-29
C00726,ITEM_078,play,3,2026-01-21
C00754,ITEM_055,play,3,2026-01-01
C00632,ITEM_025,play,3,2026-02-04
C00014,ITEM_020,purchase,5,2026-03-04
C00191,ITEM_034,play,3,2026-02-16
C00172,ITEM_068,purchase,5,2026-05-29
C01097,ITEM_079,play,3,2026-05-16
C00059,ITEM_042,view,1,2026-03-05
C00667,ITEM_011,view,1,2026-04-14
C00435,ITEM_003,view,1,2026-02-26
C00007,ITEM_045,view,1,2026-04-01
C01103,ITEM_049,view,1,2026-02-22
C00021,ITEM_029,view,1,2026-05-23
C01026,ITEM_071,play,3,2026-02-11
C00933,ITEM_003,view,1,2026-06-26
C00952,ITEM_024,view,1,2026-06-17
C00194,ITEM_060,purchase,5,2026-02-05
C01057,ITEM_019,view,1,2026-04-13
C00718,ITEM_015,view,1,2026-05-27
C00482,ITEM_058,view,1,2026-06-01
C00817,ITEM_071,view,1,2026-03-08
C00409,ITEM_014,purchase,5,2026-04-09
C00335,ITEM_033,view,1,2026-01-27
C00345,ITEM_077,purchase,5,2026-02-15
C00683,ITEM_011,view,1,2026-02-16
C00721,ITEM_011,play,3,2026-02-21
C00288,ITEM_019,view,1,2026-03-13
C00294,ITEM_038,view,1,2026-05-04
C01135,ITEM_066,view,1,2026-06-11
C00617,ITEM_034,view,1,2026-04-15
C01032,ITEM_029,purchase,5,2026-03-28
C00396,ITEM_067,play,3,2026-05-07
C00345,ITEM_020,view,1,2026-04-21
C00339,ITEM_029,play,3,2026-03-22
C00634,ITEM_019,view,1,2026-01-06
C00934,ITEM_008,purchase,5,2026-04-08
C00600,ITEM_046,view,1,2026-01-12
C00353,ITEM_077,view,1,2026-04-20
C01152,ITEM_020,view,1,2026-06-18
C00686,ITEM_005,view,1,2026-05-24
C00472,ITEM_074,purchase,5,2026-05-31
C00011,ITEM_008,view,1,2026-03-25
C00674,ITEM_003,view,1,2026-03-30
C00745,ITEM_058,play,3,2026-04-05
C01114,ITEM_012,view,1,2026-02-06
C00276,ITEM_079,view,1,2026-06-26
C00195,ITEM_034,play,3,2026-01-08
C01199,ITEM_053,view,1,2026-06-28
C00660,ITEM_016,play,3,2026-06-25
C00032,ITEM_016,view,1,2026-06-19
C00126,ITEM_062,view,1,2026-01-02
C00570,ITEM_040,view,1,2026-06-21
C00740,ITEM_073,view,1,2026-02-12
C00292,ITEM_073,view,1,2026-02-16
C00438,ITEM_048,view,1,2026-05-04
C00883,ITEM_062,play,3,2026-03-13
C01161,ITEM_068,view,1,2026-06-18
C00589,ITEM_046,play,3,2026-03-31
C00498,ITEM_064,view,1,2026-01-22
C00433,ITEM_002,purchase,5,2026-02-13
C00163,ITEM_012,view,1,2026-05-20
C00063,ITEM_037,play,3,2026-04-14
C01000,ITEM_006,view,1,2026-03-01
C00044,ITEM_036,view,1,2026-02-09
C00985,ITEM_050,view,1,2026-05-03
C00296,ITEM_029,purchase,5,2026-02-17
C00833,ITEM_078,play,3,2026-01-18
C01141,ITEM_069,play,3,2026-04-11
C00898,ITEM_066,view,1,2026-06-05
C00875,ITEM_056,view,1,2026-02-25
C00317,ITEM_049,view,1,2026-05-08
C00717,ITEM_052,play,3,2026-03-22
C00770,ITEM_008,view,1,2026-06-22
C00510,ITEM_075,play,3,2026-04-20
C00045,ITEM_062,play,3,2026-04-01
C01094,ITEM_023,view,1,2026-02-11
C00236,ITEM_054,play,3,2026-06-09
C01168,ITEM_033,view,1,2026-01-09
C01118,ITEM_074,view,1,2026-04-08
C00022,ITEM_042,view,1,2026-02-17
C00887,ITEM_056,view,1,2026-04-03
C00760,ITEM_015,view,1,2026-06-26
C00276,ITEM_008,play,3,2026-01-18
C00975,ITEM_072,play,3,2026-01-10
C00133,ITEM_048,view,1,2026-05-27
C00298,ITEM_053,purchase,5,2026-05-06
C01138,ITEM_032,play,3,2026-03-16
C00891,ITEM_050,view,1,2026-02-10
C00134,ITEM_033,view,1,2026-04-19
C00172,ITEM_050,purchase,5,2026-02-16
C00308,ITEM_050,view,1,2026-04-28
C00084,ITEM_017,view,1,2026-03-14
C00219,ITEM_071,purchase,5,2026-05-20
C00686,ITEM_075,play,3,2026-04-29
C00008,ITEM_060,play,3,2026-04-14
C00344,ITEM_001,play,3,2026-01-18
C00376,ITEM_001,view,1,2026-04-22
C01165,ITEM_064,play,3,2026-05-06
C01169,ITEM_011,play,3,2026-04-04
C01014,ITEM_078,view,1,2026-04-17
C00410,ITEM_029,view,1,2026-04-21
C00632,ITEM_014,view,1,2026-02-12
C00605,ITEM_054,play,3,2026-03-21
C01032,ITEM_054,play,3,2026-01-23
C00895,ITEM_050,play,3,2026-05-20
C01087,ITEM_061,view,1,2026-01-27
C00661,ITEM_040,play,3,2026-05-26
C01103,ITEM_025,view,1,2026-04-25
C00892,ITEM_034,purchase,5,2026-04-04
C00886,ITEM_050,view,1,2026-04-01
C00793,ITEM_063,play,3,2026-01-27
C00402,ITEM_034,view,1,2026-04-28
C00730,ITEM_007,view,1,2026-03-09
C00427,ITEM_032,view,1,2026-05-22
C00779,ITEM_047,play,3,2026-06-01
C00305,ITEM_061,view,1,2026-06-15
C00958,ITEM_064,play,3,2026-06-15
C00685,ITEM_063,view,1,2026-05-18
C00852,ITEM_021,view,1,2026-02-18
C00266,ITEM_001,view,1,2026-02-19
C00950,ITEM_016,view,1,2026-06-19
C00963,ITEM_009,view,1,2026-06-23
C00174,ITEM_053,view,1,2026-02-19
C00420,ITEM_021,view,1,2026-04-27
C00813,ITEM_014,view,1,2026-06-15
C01048,ITEM_043,view,1,2026-06-02
C00884,ITEM_039,view,1,2026-06-18
C00566,ITEM_056,play,3,2026-03-05
C00359,ITEM_073,view,1,2026-04-01
C01091,ITEM_006,view,1,2026-04-18
C01049,ITEM_004,view,1,2026-06-21
C01076,ITEM_065,view,1,2026-06-26
C00365,ITEM_072,view,1,2026-04-09
C00523,ITEM_026,view,1,2026-06-03
C00292,ITEM_015,view,1,2026-03-10
C01145,ITEM_023,play,3,2026-04-19
C01040,ITEM_038,play,3,2026-05-26
C00207,ITEM_000,view,1,2026-06-09
C00296,ITEM_010,view,1,2026-01-20
C00662,ITEM_002,view,1,2026-01-14
C00498,ITEM_056,view,1,2026-02-08
C00551,ITEM_035,purchase,5,2026-01-19
C00441,ITEM_079,view,1,2026-02-08
C00808,ITEM_035,view,1,2026-06-20
C01077,ITEM_024,play,3,2026-04-22
C01100,ITEM_024,purchase,5,2026-01-18
C00546,ITEM_073,view,1,2026-05-08
C00993,ITEM_015,play,3,2026-06-19
C00833,ITEM_058,play,3,2026-05-31
C00236,ITEM_070,play,3,2026-06-03
C00952,ITEM_077,view,1,2026-06-11
C00420,ITEM_006,play,3,2026-05-16
C00753,ITEM_053,view,1,2026-06-07
C00864,ITEM_064,view,1,2026-05-24
C01132,ITEM_054,view,1,2026-05-03
C01137,ITEM_067,view,1,2026-02-05
C00963,ITEM_075,view,1,2026-06-14
C00607,ITEM_070,view,1,2026-01-17
C00480,ITEM_058,view,1,2026-02-19
C00529,ITEM_015,purchase,5,2026-05-11
C01140,ITEM_067,view,1,2026-05-11
C00246,ITEM_054,view,1,2026-06-08
C00629,ITEM_022,play,3,2026-01-14
C00815,ITEM_051,view,1,2026-05-22
C00027,ITEM_013,play,3,2026-01-23
C00761,ITEM_066,view,1,2026-04-20
C00312,ITEM_051,view,1,2026-02-10
C00336,ITEM_051,view,1,2026-04-13
C00746,ITEM_020,view,1,2026-01-19
C00010,ITEM_012,play,3,2026-01-07
C00188,ITEM_034,view,1,2026-06-23
C00545,ITEM_027,view,1,2026-04-03
C00700,ITEM_068,view,1,2026-03-25
C00130,ITEM_078,play,3,2026-03-12
C00433,ITEM_050,view,1,2026-06-13
C00369,ITEM_063,play,3,2026-05-21
C00641,ITEM_075,play,3,2026-03-27
C00360,ITEM_058,view,1,2026-01-23
C00002,ITEM_028,purchase,5,2026-05-06
C00636,ITEM_018,play,3,2026-02-06
C01018,ITEM_022,view,1,2026-02-27
C00701,ITEM_025,view,1,2026-04-29
C00434,ITEM_017,view,1,2026-06-21
C00578,ITEM_054,purchase,5,2026-02-09
C00168,ITEM_078,view,1,2026-01-07
C00283,ITEM_020,view,1,2026-03-18
C00525,ITEM_034,purchase,5,2026-05-06
C00710,ITEM_075,view,1,2026-04-29
C00583,ITEM_073,view,1,2026-06-21
C01155,ITEM_002,play,3,2026-02-07
C00764,ITEM_027,play,3,2026-05-22
C00027,ITEM_027,view,1,2026-05-20
C00629,ITEM_023,view,1,2026-05-29
C00699,ITEM_075,play,3,2026-06-12
C00052,ITEM_061,view,1,2026-02-23
C00462,ITEM_005,purchase,5,2026-02-25
C01045,ITEM_049,view,1,2026-03-23
C00428,ITEM_046,play,3,2026-03-04
C00547,ITEM_041,play,3,2026-01-25
C00265,ITEM_057,view,1,2026-03-01
C00092,ITEM_035,view,1,2026-03-09
C00381,ITEM_056,purchase,5,2026-05-17
C00927,ITEM_037,play,3,2026-01-02
C01179,ITEM_075,view,1,2026-05-16
C00792,ITEM_066,view,1,2026-05-21
C00997,ITEM_004,view,1,2026-01-24
C00779,ITEM_012,view,1,2026-06-21
C00790,ITEM_031,view,1,2026-05-11
C00512,ITEM_004,view,1,2026-05-07
C00073,ITEM_005,view,1,2026-05-19
C00492,ITEM_000,play,3,2026-05-26
C01037,ITEM_071,purchase,5,2026-03-14
C00643,ITEM_039,purchase,5,2026-04-03
C00914,ITEM_062,play,3,2026-04-20
C00060,ITEM_065,view,1,2026-02-04
C00241,ITEM_013,view,1,2026-01-12
C00358,ITEM_053,view,1,2026-05-10
C00431,ITEM_049,view,1,2026-02-14
C01185,ITEM_079,play,3,2026-02-23
C00554,ITEM_069,play,3,2026-01-19
C00794,ITEM_048,play,3,2026-03-24
C00773,ITEM_054,view,1,2026-04-13
C00502,ITEM_040,view,1,2026-06-12
C01159,ITEM_046,play,3,2026-03-30
C00266,ITEM_046,view,1,2026-03-09
C00041,ITEM_070,view,1,2026-05-23
C00894,ITEM_070,play,3,2026-02-22
C00784,ITEM_017,play,3,2026-01-03
C00312,ITEM_001,view,1,2026-01-06
C01041,ITEM_020,view,1,2026-06-02
C00194,ITEM_037,play,3,2026-05-07
C00301,ITEM_017,purchase,5,2026-02-02
C00185,ITEM_032,view,1,2026-02-08
C00223,ITEM_034,play,3,2026-05-31
C00875,ITEM_076,view,1,2026-04-26
C00844,ITEM_035,play,3,2026-03-28
C00771,ITEM_014,view,1,2026-03-07
C01032,ITEM_032,play,3,2026-03-10
C00083,ITEM_002,play,3,2026-05-22
C00744,ITEM_002,view,1,2026-02-05
C00138,ITEM_050,view,1,2026-06-10
C01146,ITEM_020,play,3,2026-02-12
C00760,ITEM_050,view,1,2026-02-12
C00911,ITEM_002,play,3,2026-03-09
C00685,ITEM_025,view,1,2026-05-23
C00460,ITEM_045,view,1,2026-01-01
C00823,ITEM_043,play,3,2026-01-28
C01002,ITEM_047,view,1,2026-03-09
C00213,ITEM_047,play,3,2026-01-26
C01046,ITEM_025,view,1,2026-03-11
C00871,ITEM_028,view,1,2026-03-19
C00103,ITEM_032,view,1,2026-04-22
C01123,ITEM_033,view,1,2026-02-28
C00216,ITEM_062,play,3,2026-04-07
C00721,ITEM_011,view,1,2026-06-27
C00155,ITEM_044,view,1,2026-03-25
C00235,ITEM_061,purchase,5,2026-05-25
C00771,ITEM_027,view,1,2026-02-19
C00815,ITEM_031,view,1,2026-06-10
C00824,ITEM_054,play,3,2026-04-13
C00411,ITEM_051,play,3,2026-01-25
C00984,ITEM_044,view,1,2026-06-13
C00059,ITEM_034,purchase,5,2026-05-09
C01025,ITEM_003,view,1,2026-03-03
C00362,ITEM_012,view,1,2026-04-19
C00744,ITEM_038,view,1,2026-06-20
C01086,ITEM_056,purchase,5,2026-01-18
C00306,ITEM_016,view,1,2026-01-08
C00493,ITEM_033,play,3,2026-05-23
C00993,ITEM_019,view,1,2026-02-21
C01037,ITEM_014,view,1,2026-06-03
C00282,ITEM_071,play,3,2026-05-19
C00610,ITEM_074,purchase,5,2026-06-14
C00399,ITEM_078,view,1,2026-05-17
C00620,ITEM_071,view,1,2026-06-19
C00454,ITEM_032,play,3,2026-04-22
C00006,ITEM_058,view,1,2026-01-20
C01109,ITEM_022,view,1,2026-02-07
C00764,ITEM_046,view,1,2026-06-08
C00554,ITEM_020,purchase,5,2026-02-22
C00129,ITEM_050,view,1,2026-06-20
C00085,ITEM_033,view,1,2026-06-07
C00574,ITEM_028,view,1,2026-05-05
C00778,ITEM_006,view,1,2026-01-25
C00312,ITEM_021,view,1,2026-02-03
C00893,ITEM_035,view,1,2026-05-14
C00470,ITEM_047,view,1,2026-03-14
C00013,ITEM_066,view,1,2026-03-14
C00644,ITEM_059,view,1,2026-01-17
C00217,ITEM_043,play,3,2026-03-24
C00017,ITEM_039,view,1,2026-01-01
C00156,ITEM_037,view,1,2026-01-26
C00341,ITEM_071,view,1,2026-06-15
C00617,ITEM_067,view,1,2026-05-16
C01187,ITEM_031,play,3,2026-06-25
C00261,ITEM_045,play,3,2026-06-14
C00068,ITEM_030,play,3,2026-06-15
C00229,ITEM_045,view,1,2026-03-15
C00383,ITEM_034,purchase,5,2026-02-15
C00246,ITEM_068,view,1,2026-05-04
C00385,ITEM_056,view,1,2026-04-22
C01162,ITEM_013,view,1,2026-03-19
C00455,ITEM_002,view,1,2026-03-31
C00761,ITEM_076,view,1,2026-02-06
C00821,ITEM_028,view,1,2026-03-31
C00156,ITEM_012,play,3,2026-06-23
C00297,ITEM_059,play,3,2026-03-19
C00498,ITEM_037,view,1,2026-04-04
C00552,ITEM_044,view,1,2026-06-19
C00015,ITEM_050,view,1,2026-06-03
C00773,ITEM_024,play,3,2026-05-23
C00360,ITEM_045,view,1,2026-01-01
C00386,ITEM_052,view,1,2026-06-02
C00723,ITEM_049,view,1,2026-01-14
C01138,ITEM_072,view,1,2026-01-07
C01037,ITEM_031,view,1,2026-03-05
C01175,ITEM_040,play,3,2026-03-16
C00496,ITEM_060,play,3,2026-01-22
C00143,ITEM_059,purchase,5,2026-04-18
C00259,ITEM_079,view,1,2026-06-15
C00412,ITEM_015,view,1,2026-04-29
C00360,ITEM_073,play,3,2026-06-22
C00249,ITEM_037,view,1,2026-06-11
C00181,ITEM_017,view,1,2026-05-27
C00224,ITEM_023,play,3,2026-01-31
C00789,ITEM_028,view,1,2026-04-25
C00589,ITEM_079,view,1,2026-01-17
C00045,ITEM_008,view,1,2026-05-20
C00676,ITEM_017,view,1,2026-06-10
C01010,ITEM_057,view,1,2026-01-22
C00510,ITEM_075,view,1,2026-04-02
C00382,ITEM_006,view,1,2026-01-23
C00327,ITEM_032,play,3,2026-04-08
C00455,ITEM_032,play,3,2026-03-23
C00334,ITEM_039,purchase,5,2026-06-10
C01109,ITEM_061,play,3,2026-02-19
C01190,ITEM_041,view,1,2026-05-15
C00411,ITEM_011,view,1,2026-04-29
C01108,ITEM_019,view,1,2026-05-12
C01024,ITEM_059,view,1,2026-06-23
C00091,ITEM_019,play,3,2026-02-03
C00589,ITEM_039,view,1,2026-01-03
C00787,ITEM_030,purchase,5,2026-04-22
C00506,ITEM_035,view,1,2026-01-23
C00548,ITEM_059,view,1,2026-03-23
C00592,ITEM_019,play,3,2026-04-04
C00826,ITEM_056,view,1,2026-04-20
C00352,ITEM_060,play,3,2026-01-03
C00716,ITEM_079,play,3,2026-04-14
C00292,ITEM_036,play,3,2026-05-21
C01067,ITEM_007,play,3,2026-01-05
C00101,ITEM_053,view,1,2026-03-13
C00080,ITEM_060,view,1,2026-03-03
C00045,ITEM_002,play,3,2026-03-03
C00419,ITEM_015,view,1,2026-03-24
C00727,ITEM_027,view,1,2026-01-26
C01182,ITEM_040,view,1,2026-04-01
C00545,ITEM_041,view,1,2026-01-14
C00218,ITEM_015,view,1,2026-01-18
C00441,ITEM_015,purchase,5,2026-04-07
C00152,ITEM_074,view,1,2026-06-11
C00566,ITEM_057,view,1,2026-05-08
C00874,ITEM_040,view,1,2026-03-02
C00042,ITEM_026,view,1,2026-03-04
C00932,ITEM_037,view,1,2026-03-30
C00274,ITEM_077,play,3,2026-01-07
C00806,ITEM_024,view,1,2026-04-30
C00978,ITEM_026,view,1,2026-01-25
C00931,ITEM_035,view,1,2026-05-10
C00803,ITEM_015,view,1,2026-03-09
C00832,ITEM_008,play,3,2026-03-10
C00225,ITEM_071,purchase,5,2026-03-21
C00162,ITEM_054,play,3,2026-01-24
C00457,ITEM_026,play,3,2026-02-13
C00729,ITEM_045,view,1,2026-02-07
C00741,ITEM_039,play,3,2026-06-02
C00932,ITEM_007,view,1,2026-01-30
C00370,ITEM_060,play,3,2026-01-24
C01038,ITEM_008,view,1,2026-02-13
C00538,ITEM_045,view,1,2026-03-18
C00295,ITEM_023,view,1,2026-04-19
C00882,ITEM_034,view,1,2026-03-18
C00152,ITEM_037,view,1,2026-04-07
C00486,ITEM_034,view,1,2026-04-04
C00937,ITEM_017,purchase,5,2026-01-31
C00925,ITEM_006,view,1,2026-01-02
C00307,ITEM_010,view,1,2026-05-03
C00199,ITEM_058,view,1,2026-06-19
C00038,ITEM_007,view,1,2026-01-12
C00107,ITEM_040,view,1,2026-06-15
C00990,ITEM_024,view,1,2026-06-13
C00940,ITEM_055,view,1,2026-05-22
C00607,ITEM_050,view,1,2026-04-12
C00684,ITEM_014,view,1,2026-03-03
C00391,ITEM_054,view,1,2026-04-17
C00230,ITEM_052,play,3,2026-01-03
C00013,ITEM_022,play,3,2026-02-21
C00806,ITEM_067,view,1,2026-03-12
C00042,ITEM_035,play,3,2026-04-03
C00126,ITEM_002,purchase,5,2026-02-19
C00951,ITEM_050,view,1,2026-03-18
C00699,ITEM_036,view,1,2026-05-11
C00587,ITEM_028,view,1,2026-06-21
C00262,ITEM_036,view,1,2026-05-29
C00179,ITEM_078,play,3,2026-01-14
C00559,ITEM_031,play,3,2026-04-17
C00430,ITEM_055,view,1,2026-03-24
C00640,ITEM_068,view,1,2026-04-04
C00198,ITEM_046,play,3,2026-05-23
C00277,ITEM_071,view,1,2026-02-28
C00135,ITEM_039,view,1,2026-04-09
C00509,ITEM_018,view,1,2026-06-09
C00331,ITEM_039,play,3,2026-04-12
C00268,ITEM_009,play,3,2026-04-10
C00659,ITEM_023,play,3,2026-06-14
C00596,ITEM_016,play,3,2026-01-06
C00252,ITEM_006,view,1,2026-03-09
C00838,ITEM_012,view,1,2026-03-30
C00412,ITEM_067,play,3,2026-01-01
C00409,ITEM_068,purchase,5,2026-03-27
C00573,ITEM_072,view,1,2026-06-16
C00166,ITEM_001,view,1,2026-05-22
C00504,ITEM_077,purchase,5,2026-01-06
C00698,ITEM_027,view,1,2026-06-07
C00154,ITEM_032,view,1,2026-05-24
C00677,ITEM_014,view,1,2026-06-07
C00046,ITEM_075,view,1,2026-01-26
C00724,ITEM_079,view,1,2026-06-11
C00042,ITEM_056,view,1,2026-01-04
C00210,ITEM_006,view,1,2026-01-07
C00420,ITEM_033,view,1,2026-03-05
C00737,ITEM_022,view,1,2026-05-27
C00862,ITEM_073,view,1,2026-06-05
C00562,ITEM_052,view,1,2026-04-25
C00157,ITEM_077,view,1,2026-01-07
C00464,ITEM_066,play,3,2026-06-07
C00944,ITEM_042,purchase,5,2026-02-17
C00108,ITEM_022,view,1,2026-05-15
C00858,ITEM_062,play,3,2026-02-20
C00462,ITEM_055,play,3,2026-04-12
C00004,ITEM_062,view,1,2026-01-18
C00833,ITEM_074,purchase,5,2026-06-29
C00032,ITEM_048,view,1,2026-01-17
C00443,ITEM_053,view,1,2026-06-22
C00234,ITEM_033,view,1,2026-06-13
C00700,ITEM_039,view,1,2026-01-28
C00067,ITEM_010,play,3,2026-05-06
C00109,ITEM_015,play,3,2026-03-03
C00637,ITEM_079,view,1,2026-02-26
C01192,ITEM_014,view,1,2026-02-28
C00047,ITEM_005,purchase,5,2026-02-12
C00552,ITEM_063,play,3,2026-06-23
C00963,ITEM_010,play,3,2026-01-08
C00348,ITEM_036,view,1,2026-03-05
C00591,ITEM_029,view,1,2026-03-06
C01006,ITEM_033,view,1,2026-03-17
C00873,ITEM_031,play,3,2026-02-24
C00351,ITEM_002,play,3,2026-04-30
C00900,ITEM_021,purchase,5,2026-06-15
C00810,ITEM_051,view,1,2026-05-01
C00608,ITEM_006,purchase,5,2026-02-09
C00529,ITEM_021,purchase,5,2026-06-29
C01110,ITEM_071,play,3,2026-03-14
C01049,ITEM_052,play,3,2026-02-25
C01188,ITEM_041,view,1,2026-05-03
C00810,ITEM_043,view,1,2026-06-25
C00431,ITEM_077,view,1,2026-02-27
C00131,ITEM_003,view,1,2026-02-06
C00151,ITEM_070,view,1,2026-05-21
C01141,ITEM_038,play,3,2026-03-27
C00435,ITEM_039,view,1,2026-05-11
C00132,ITEM_018,view,1,2026-03-23
C00268,ITEM_031,view,1,2026-01-07
C00025,ITEM_043,play,3,2026-03-07
C00637,ITEM_020,purchase,5,2026-06-04
C00709,ITEM_027,view,1,2026-06-18
C00454,ITEM_079,play,3,2026-03-07
C00892,ITEM_065,purchase,5,2026-05-05
C00576,ITEM_048,play,3,2026-01-18
C01151,ITEM_023,play,3,2026-02-09
C00915,ITEM_067,view,1,2026-05-06
C00090,ITEM_068,purchase,5,2026-01-08
C00328,ITEM_078,view,1,2026-05-15
C00905,ITEM_053,play,3,2026-06-23
C00644,ITEM_017,view,1,2026-01-13
C00903,ITEM_030,view,1,2026-04-15
C00402,ITEM_073,play,3,2026-03-05
C00045,ITEM_008,play,3,2026-04-26
C00941,ITEM_063,play,3,2026-06-11
C00942,ITEM_040,purchase,5,2026-01-15
C00767,ITEM_036,play,3,2026-05-01
C00485,ITEM_012,view,1,2026-02-02
C00010,ITEM_075,purchase,5,2026-04-07
C00873,ITEM_016,view,1,2026-03-21
C00792,ITEM_047,view,1,2026-04-01
C00801,ITEM_044,view,1,2026-05-18
C00204,ITEM_031,view,1,2026-04-20
C00877,ITEM_011,play,3,2026-03-04
C00869,ITEM_012,play,3,2026-04-28
C01028,ITEM_050,view,1,2026-04-18
C00680,ITEM_058,play,3,2026-01-13
C00877,ITEM_019,view,1,2026-04-21
C00481,ITEM_061,purchase,5,2026-03-02
C00836,ITEM_054,view,1,2026-01-27
C00832,ITEM_016,view,1,2026-04-05
C00935,ITEM_030,play,3,2026-04-03
C01027,ITEM_029,view,1,2026-05-12
C00003,ITEM_044,view,1,2026-03-19
C00934,ITEM_004,view,1,2026-05-14
C00950,ITEM_076,view,1,2026-02-20
C00654,ITEM_044,view,1,2026-04-19
C00623,ITEM_054,play,3,2026-06-23
C00867,ITEM_048,view,1,2026-04-16
C00546,ITEM_031,play,3,2026-05-03
C00496,ITEM_067,view,1,2026-03-08
C00964,ITEM_025,view,1,2026-05-02
C00946,ITEM_002,play,3,2026-05-31
C00248,ITEM_044,play,3,2026-06-07
C00994,ITEM_009,play,3,2026-06-14
C00391,ITEM_065,play,3,2026-02-25
C00164,ITEM_002,purchase,5,2026-06-02
C01054,ITEM_016,purchase,5,2026-03-04
C00285,ITEM_075,play,3,2026-06-06
C00243,ITEM_021,view,1,2026-01-02
C00323,ITEM_041,view,1,2026-06-13
C00589,ITEM_069,play,3,2026-02-08
C00199,ITEM_019,view,1,2026-02-06
C00191,ITEM_024,view,1,2026-04-11
C00471,ITEM_001,view,1,2026-04-03
C00261,ITEM_064,purchase,5,2026-01-29
C00231,ITEM_007,view,1,2026-04-07
C01094,ITEM_078,play,3,2026-05-25
C00714,ITEM_057,purchase,5,2026-03-29
C00016,ITEM_025,play,3,2026-04-15
C00121,ITEM_038,view,1,2026-06-02
C00976,ITEM_041,play,3,2026-02-02
C00323,ITEM_058,play,3,2026-02-28
C00182,ITEM_029,view,1,2026-06-10
C00798,ITEM_021,play,3,2026-01-30
C01005,ITEM_010,view,1,2026-02-15
C00478,ITEM_035,play,3,2026-02-19
C00891,ITEM_038,purchase,5,2026-05-29
C00505,ITEM_049,view,1,2026-01-26
C00130,ITEM_066,purchase,5,2026-03-09
C00957,ITEM_016,view,1,2026-03-14
C01102,ITEM_017,play,3,2026-01-15
C01181,ITEM_023,play,3,2026-01-22
C00120,ITEM_013,view,1,2026-03-09
C00678,ITEM_011,purchase,5,2026-01-16
C00748,ITEM_063,purchase,5,2026-06-26
C00094,ITEM_056,view,1,2026-03-23
C01141,ITEM_066,play,3,2026-01-02
C00123,ITEM_046,view,1,2026-04-19
C00322,ITEM_065,view,1,2026-05-16
C01162,ITEM_035,view,1,2026-04-20
C00667,ITEM_070,view,1,2026-04-13
C00815,ITEM_045,view,1,2026-01-17
C00592,ITEM_002,view,1,2026-05-12
C00902,ITEM_013,purchase,5,2026-06-24
C00097,ITEM_041,view,1,2026-03-07
C00810,ITEM_065,play,3,2026-01-22
C00079,ITEM_011,view,1,2026-02-08
C00215,ITEM_060,view,1,2026-04-29
C00607,ITEM_071,play,3,2026-04-26
C00538,ITEM_014,view,1,2026-06-09
C00183,ITEM_044,view,1,2026-03-15
C00957,ITEM_070,purchase,5,2026-06-09
C00362,ITEM_024,view,1,2026-02-19
C01039,ITEM_031,view,1,2026-04-03
C00017,ITEM_035,play,3,2026-04-29
C00284,ITEM_037,view,1,2026-02-19
C00356,ITEM_026,play,3,2026-03-08
C00715,ITEM_042,view,1,2026-05-30
C00481,ITEM_021,view,1,2026-04-15
C00188,ITEM_063,view,1,2026-04-21
C00685,ITEM_054,view,1,2026-04-23
C01149,ITEM_013,play,3,2026-05-23
C00160,ITEM_068,purchase,5,2026-06-24
C00302,ITEM_021,play,3,2026-03-13
C00574,ITEM_042,view,1,2026-03-05
C00871,ITEM_074,purchase,5,2026-06-14
C00163,ITEM_054,play,3,2026-03-28
C00277,ITEM_075,view,1,2026-06-17
C00282,ITEM_048,view,1,2026-06-08
C00739,ITEM_064,view,1,2026-05-13
C00098,ITEM_037,view,1,2026-05-10
C00791,ITEM_013,view,1,2026-06-19
C00510,ITEM_014,view,1,2026-02-19
C00394,ITEM_047,purchase,5,2026-03-23
C01034,ITEM_011,view,1,2026-04-09
C00982,ITEM_035,view,1,2026-02-05
C00963,ITEM_037,purchase,5,2026-04-04
C01062,ITEM_006,view,1,2026-04-29
C00280,ITEM_067,view,1,2026-04-01
C01026,ITEM_006,view,1,2026-04-28
C00211,ITEM_025,play,3,2026-01-19
C00396,ITEM_068,view,1,2026-03-30
C00666,ITEM_003,play,3,2026-06-17
C00893,ITEM_007,play,3,2026-02-16
C00693,ITEM_067,play,3,2026-03-24
C00671,ITEM_021,play,3,2026-04-23
C00451,ITEM_072,play,3,2026-04-23
C00711,ITEM_012,play,3,2026-02-02
C00570,ITEM_013,view,1,2026-01-21
C00572,ITEM_046,view,1,2026-05-16
C00702,ITEM_076,view,1,2026-04-06
C00720,ITEM_060,view,1,2026-06-13
C00395,ITEM_048,view,1,2026-06-28
C00162,ITEM_021,play,3,2026-01-30
C00359,ITEM_005,view,1,2026-03-06
C00490,ITEM_062,view,1,2026-05-28
C00193,ITEM_009,view,1,2026-02-22
C00213,ITEM_013,purchase,5,2026-02-05
C01141,ITEM_035,view,1,2026-01-29
C00336,ITEM_028,play,3,2026-04-01
C00886,ITEM_069,view,1,2026-03-10
C00153,ITEM_019,view,1,2026-06-17
C01166,ITEM_052,play,3,2026-06-23
C00254,ITEM_036,purchase,5,2026-01-15
C00472,ITEM_019,play,3,2026-06-12
C00938,ITEM_078,purchase,5,2026-01-17
C00241,ITEM_063,view,1,2026-05-10
C00659,ITEM_058,purchase,5,2026-06-22
C00942,ITEM_036,play,3,2026-03-04
C00028,ITEM_016,play,3,2026-01-29
C00030,ITEM_051,play,3,2026-01-12
C00946,ITEM_077,play,3,2026-03-03
C00315,ITEM_021,view,1,2026-06-21
C01091,ITEM_054,view,1,2026-03-24
C01112,ITEM_068,view,1,2026-03-17
C01056,ITEM_036,play,3,2026-01-02
C01196,ITEM_006,view,1,2026-04-30
C00987,ITEM_073,play,3,2026-02-03
C00460,ITEM_008,view,1,2026-05-05
C01190,ITEM_061,view,1,2026-05-30
C00415,ITEM_038,view,1,2026-05-20
C00703,ITEM_058,view,1,2026-04-04
C00006,ITEM_056,play,3,2026-04-28
C01155,ITEM_016,view,1,2026-03-12
C00710,ITEM_007,view,1,2026-05-08
C01138,ITEM_010,view,1,2026-05-03
C00423,ITEM_016,view,1,2026-02-03
C00375,ITEM_069,view,1,2026-02-28
C00626,ITEM_006,view,1,2026-05-20
C01036,ITEM_054,play,3,2026-03-20
C00658,ITEM_030,play,3,2026-02-12
C00950,ITEM_065,purchase,5,2026-06-28
C00257,ITEM_047,view,1,2026-06-06
C00930,ITEM_061,view,1,2026-05-20
C00878,ITEM_066,view,1,2026-03-17
C01075,ITEM_072,view,1,2026-04-10
C00069,ITEM_064,view,1,2026-06-20
C00461,ITEM_030,view,1,2026-04-05
C00106,ITEM_073,view,1,2026-05-29
C00480,ITEM_028,view,1,2026-06-01
C00910,ITEM_046,view,1,2026-05-25
C00768,ITEM_018,play,3,2026-04-19
C00903,ITEM_064,play,3,2026-03-04
C00885,ITEM_008,view,1,2026-03-03
C01190,ITEM_076,view,1,2026-05-27
C01055,ITEM_038,view,1,2026-03-17
C00703,ITEM_067,view,1,2026-02-14
C01051,ITEM_039,view,1,2026-02-03
C00057,ITEM_011,view,1,2026-04-21
C00865,ITEM_009,view,1,2026-06-22
C00626,ITEM_070,view,1,2026-03-10
C01148,ITEM_048,play,3,2026-04-28
C00604,ITEM_011,play,3,2026-02-25
C00214,ITEM_029,view,1,2026-03-13
C00868,ITEM_045,view,1,2026-03-15
C01140,ITEM_036,purchase,5,2026-03-06
C00019,ITEM_005,view,1,2026-06-02
C00077,ITEM_040,play,3,2026-06-13
C00793,ITEM_013,view,1,2026-02-18
C00666,ITEM_024,purchase,5,2026-03-06
C00658,ITEM_053,view,1,2026-01-04
C00108,ITEM_054,view,1,2026-05-17
C00686,ITEM_006,purchase,5,2026-05-08
C00681,ITEM_040,play,3,2026-05-31
C01019,ITEM_020,view,1,2026-04-11
C00468,ITEM_035,play,3,2026-06-13
C00417,ITEM_064,play,3,2026-01-26
C00097,ITEM_032,view,1,2026-03-09
C00680,ITEM_046,view,1,2026-03-22
C00777,ITEM_001,view,1,2026-05-18
C00336,ITEM_039,purchase,5,2026-02-09
C00877,ITEM_061,view,1,2026-02-28
C01125,ITEM_051,view,1,2026-01-17
C00209,ITEM_077,view,1,2026-06-19
C00687,ITEM_062,view,1,2026-03-23
C00833,ITEM_010,view,1,2026-01-03
C00022,ITEM_004,view,1,2026-02-12
C00214,ITEM_023,view,1,2026-04-13
C00474,ITEM_065,view,1,2026-03-30
C00164,ITEM_067,view,1,2026-04-02
C00426,ITEM_058,view,1,2026-01-12
C00176,ITEM_056,view,1,2026-06-07
C01075,ITEM_053,play,3,2026-05-30
C00718,ITEM_024,view,1,2026-02-08
C00395,ITEM_054,view,1,2026-03-07
C00934,ITEM_051,view,1,2026-01-16
C00022,ITEM_006,play,3,2026-01-23
C00716,ITEM_073,play,3,2026-06-02
C00820,ITEM_060,purchase,5,2026-01-21
C00971,ITEM_017,view,1,2026-03-05
C00266,ITEM_023,view,1,2026-06-28
C00709,ITEM_054,view,1,2026-02-28
C00921,ITEM_019,view,1,2026-05-04
C00956,ITEM_064,purchase,5,2026-01-19
C00210,ITEM_037,view,1,2026-06-07
C01171,ITEM_007,play,3,2026-06-15
C00328,ITEM_055,purchase,5,2026-06-14
C00469,ITEM_074,play,3,2026-04-24
C00230,ITEM_026,view,1,2026-06-24
C00179,ITEM_076,play,3,2026-05-05
C00306,ITEM_057,view,1,2026-03-09
C00162,ITEM_058,view,1,2026-06-11
C00879,ITEM_028,view,1,2026-02-19
C00716,ITEM_041,purchase,5,2026-06-01
C00468,ITEM_017,play,3,2026-06-17
C00656,ITEM_048,view,1,2026-03-23
C00725,ITEM_068,play,3,2026-02-11
C00221,ITEM_051,view,1,2026-01-29
C00356,ITEM_069,play,3,2026-04-07
C01058,ITEM_012,view,1,2026-05-02
C00014,ITEM_048,view,1,2026-04-17
C01148,ITEM_023,view,1,2026-04-28
C01157,ITEM_045,play,3,2026-01-05
C00303,ITEM_008,purchase,5,2026-01-09
C00384,ITEM_030,view,1,2026-02-17
C00248,ITEM_029,view,1,2026-06-11
C00672,ITEM_042,view,1,2026-04-01
C00256,ITEM_059,play,3,2026-03-02
C00948,ITEM_045,view,1,2026-04-30
C00464,ITEM_070,view,1,2026-03-19
C01160,ITEM_022,view,1,2026-01-26
C01023,ITEM_029,view,1,2026-04-03
C00481,ITEM_037,purchase,5,2026-05-06
C00715,ITEM_049,view,1,2026-06-14
C00029,ITEM_067,view,1,2026-03-08
C00081,ITEM_047,view,1,2026-01-31
C00607,ITEM_076,view,1,2026-06-05
C00567,ITEM_037,view,1,2026-03-08
C00477,ITEM_042,view,1,2026-01-29
C00108,ITEM_055,play,3,2026-04-01
C01007,ITEM_011,view,1,2026-01-11
C00487,ITEM_012,view,1,2026-06-28
C00564,ITEM_026,view,1,2026-05-21
C00484,ITEM_005,view,1,2026-03-21
C00596,ITEM_033,view,1,2026-04-09
C00778,ITEM_027,play,3,2026-03-13
C00916,ITEM_049,view,1,2026-03-26
C00659,ITEM_077,play,3,2026-06-18
C00199,ITEM_045,view,1,2026-05-11
C01049,ITEM_076,view,1,2026-04-30
C00341,ITEM_048,view,1,2026-06-25
C00019,ITEM_050,play,3,2026-01-30
C00046,ITEM_066,view,1,2026-06-13
C00928,ITEM_046,play,3,2026-02-01
C00464,ITEM_077,view,1,2026-02-16
C00027,ITEM_050,view,1,2026-04-27
C00973,ITEM_026,view,1,2026-01-25
C00365,ITEM_034,view,1,2026-03-26
C01173,ITEM_051,view,1,2026-03-02
C01055,ITEM_023,view,1,2026-01-02
C00057,ITEM_058,view,1,2026-02-03
C00828,ITEM_000,view,1,2026-03-22
C00723,ITEM_058,play,3,2026-01-16
C00206,ITEM_001,play,3,2026-06-19
C00411,ITEM_013,view,1,2026-03-19
C00588,ITEM_077,view,1,2026-05-15
C00175,ITEM_066,view,1,2026-02-06
C00866,ITEM_059,view,1,2026-04-11
C00332,ITEM_074,view,1,2026-01-21
C01124,ITEM_055,view,1,2026-02-05
C00962,ITEM_008,view,1,2026-05-04
C00761,ITEM_067,view,1,2026-03-02
C00143,ITEM_018,view,1,2026-06-26
C00029,ITEM_048,view,1,2026-06-29
C00175,ITEM_071,view,1,2026-01-24
C00599,ITEM_053,view,1,2026-04-29
C00937,ITEM_002,play,3,2026-05-21
C00183,ITEM_063,view,1,2026-02-19
C00848,ITEM_064,view,1,2026-06-01
C00057,ITEM_010,play,3,2026-05-13
C00318,ITEM_075,view,1,2026-02-28
C00718,ITEM_015,view,1,2026-01-17
C00994,ITEM_004,play,3,2026-03-21
C00932,ITEM_044,play,3,2026-03-08
C00639,ITEM_054,purchase,5,2026-04-06
C00043,ITEM_007,play,3,2026-02-11
C00352,ITEM_012,play,3,2026-02-26
C00940,ITEM_052,view,1,2026-06-11
C00097,ITEM_006,view,1,2026-06-01
C00847,ITEM_066,view,1,2026-05-13
C00844,ITEM_021,view,1,2026-03-05
C00902,ITEM_067,purchase,5,2026-03-31
C00260,ITEM_059,view,1,2026-02-22
C00293,ITEM_025,play,3,2026-03-15
C00238,ITEM_063,view,1,2026-04-04
C00472,ITEM_016,view,1,2026-06-04
C00628,ITEM_038,play,3,2026-05-24
C00143,ITEM_076,view,1,2026-02-05
C00680,ITEM_071,view,1,2026-06-20
C00286,ITEM_072,view,1,2026-01-14
C00674,ITEM_011,view,1,2026-01-09
C00363,ITEM_025,view,1,2026-06-03
C01145,ITEM_006,play,3,2026-02-21
C00383,ITEM_071,play,3,2026-06-04
C01045,ITEM_062,play,3,2026-01-13
C00210,ITEM_070,play,3,2026-02-13
C00101,ITEM_009,play,3,2026-05-29
C00226,ITEM_027,view,1,2026-02-05
C00503,ITEM_057,play,3,2026-04-04
C01081,ITEM_029,play,3,2026-05-10
C00211,ITEM_023,view,1,2026-03-04
C00940,ITEM_074,view,1,2026-01-26
C00836,ITEM_042,play,3,2026-05-30
C00413,ITEM_059,purchase,5,2026-04-22
C00403,ITEM_061,purchase,5,2026-06-14
C01137,ITEM_049,view,1,2026-05-07
C00857,ITEM_059,play,3,2026-05-14
C00286,ITEM_076,view,1,2026-04-22
C01094,ITEM_039,play,3,2026-05-01
C00488,ITEM_069,play,3,2026-03-18
C00095,ITEM_005,purchase,5,2026-06-16
C00976,ITEM_005,purchase,5,2026-05-27
C01042,ITEM_031,view,1,2026-02-13
C00531,ITEM_039,purchase,5,2026-06-17
C00844,ITEM_026,play,3,2026-02-12
C00281,ITEM_071,view,1,2026-05-08
C01020,ITEM_001,view,1,2026-06-15
C00442,ITEM_008,play,3,2026-03-17
C00320,ITEM_050,view,1,2026-02-03
C00600,ITEM_005,view,1,2026-06-29
C00320,ITEM_015,view,1,2026-05-23
C00744,ITEM_068,view,1,2026-03-22
C00897,ITEM_065,view,1,2026-06-28
C00486,ITEM_062,play,3,2026-01-21
C00940,ITEM_027,view,1,2026-04-05
C00517,ITEM_013,play,3,2026-02-02
C01164,ITEM_025,view,1,2026-02-03
C00316,ITEM_014,play,3,2026-03-04
C00845,ITEM_019,view,1,2026-04-14
C00642,ITEM_066,play,3,2026-01-31
C01132,ITEM_019,play,3,2026-04-04
C00263,ITEM_016,play,3,2026-05-21
C00236,ITEM_020,view,1,2026-01-27
C01041,ITEM_011,view,1,2026-01-03
C01081,ITEM_069,view,1,2026-05-15
C00896,ITEM_072,view,1,2026-03-15
C00569,ITEM_016,view,1,2026-02-04
C00492,ITEM_064,view,1,2026-06-08
C00799,ITEM_021,view,1,2026-03-18
C00896,ITEM_032,view,1,2026-01-22
C00331,ITEM_079,view,1,2026-02-25
C00008,ITEM_050,view,1,2026-04-14
C00088,ITEM_064,play,3,2026-02-22
C00413,ITEM_034,view,1,2026-06-18
C00818,ITEM_049,view,1,2026-04-23
C00528,ITEM_021,view,1,2026-01-13
C00742,ITEM_058,play,3,2026-03-04
C00563,ITEM_078,play,3,2026-03-04
C00301,ITEM_012,view,1,2026-01-27
C00898,ITEM_043,view,1,2026-01-07
C00868,ITEM_021,play,3,2026-01-21
C01155,ITEM_051,play,3,2026-05-03
C00990,ITEM_036,view,1,2026-02-14
C00455,ITEM_032,view,1,2026-03-17
C00845,ITEM_031,view,1,2026-01-26
C00420,ITEM_040,play,3,2026-06-20
C01047,ITEM_016,view,1,2026-06-27
C00732,ITEM_023,play,3,2026-05-05
C01001,ITEM_005,play,3,2026-03-01
C00337,ITEM_034,play,3,2026-04-19
C00017,ITEM_048,purchase,5,2026-03-11
C00169,ITEM_050,view,1,2026-06-13
C00637,ITEM_016,play,3,2026-04-19
C01153,ITEM_064,play,3,2026-01-24
C00752,ITEM_033,play,3,2026-01-18
C00971,ITEM_064,view,1,2026-05-22
C00563,ITEM_065,view,1,2026-05-11
C01150,ITEM_000,purchase,5,2026-05-12
C01129,ITEM_003,view,1,2026-03-01
C00261,ITEM_042,purchase,5,2026-05-02
C01034,ITEM_067,view,1,2026-02-18
C00021,ITEM_029,view,1,2026-04-25
C00711,ITEM_048,purchase,5,2026-03-01
C00524,ITEM_048,play,3,2026-01-23
C00361,ITEM_060,view,1,2026-05-30
C01120,ITEM_070,view,1,2026-05-27
C00794,ITEM_045,view,1,2026-05-22
C00165,ITEM_062,view,1,2026-04-25
C00167,ITEM_048,view,1,2026-04-26
C00140,ITEM_026,view,1,2026-05-19
C00364,ITEM_045,view,1,2026-04-12
C00082,ITEM_059,view,1,2026-06-07
C00317,ITEM_071,purchase,5,2026-05-18
C00918,ITEM_008,play,3,2026-04-08
C01048,ITEM_026,view,1,2026-04-16
C00943,ITEM_010,purchase,5,2026-06-22
C00595,ITEM_013,view,1,2026-04-01
C00834,ITEM_018,view,1,2026-01-20
C01132,ITEM_072,view,1,2026-06-01
C00063,ITEM_031,play,3,2026-01-01
C01085,ITEM_073,view,1,2026-02-14
C00867,ITEM_040,view,1,2026-03-01
C00463,ITEM_001,purchase,5,2026-01-05
C00538,ITEM_031,play,3,2026-02-08
C00526,ITEM_058,play,3,2026-02-01
C00189,ITEM_050,play,3,2026-04-10
C00276,ITEM_029,play,3,2026-06-08
C00354,ITEM_009,view,1,2026-02-20
C00006,ITEM_060,play,3,2026-03-12
C00601,ITEM_041,view,1,2026-05-04
C00571,ITEM_063,view,1,2026-05-02
C00395,ITEM_021,purchase,5,2026-06-20
C00211,ITEM_012,view,1,2026-04-05
C01163,ITEM_029,view,1,2026-05-19
C00814,ITEM_019,view,1,2026-06-02
C00569,ITEM_040,play,3,2026-03-17
C00867,ITEM_040,purchase,5,2026-05-31
C00446,ITEM_010,view,1,2026-06-27
C00258,ITEM_037,view,1,2026-01-22
C00807,ITEM_031,play,3,2026-05-19
C00924,ITEM_041,play,3,2026-04-23
C00780,ITEM_060,view,1,2026-05-26
C00679,ITEM_036,view,1,2026-04-09
C00002,ITEM_022,view,1,2026-02-06
C00765,ITEM_072,view,1,2026-03-19
C00742,ITEM_061,play,3,2026-05-04
C00494,ITEM_076,view,1,2026-06-11
C00292,ITEM_018,play,3,2026-01-13
C01174,ITEM_049,play,3,2026-02-03
C00450,ITEM_060,play,3,2026-02-12
C00326,ITEM_071,play,3,2026-04-17
C00847,ITEM_015,view,1,2026-01-03
C00578,ITEM_020,view,1,2026-06-21
C00668,ITEM_076,view,1,2026-05-07
C00777,ITEM_045,play,3,2026-06-12
C00442,ITEM_012,play,3,2026-01-04
C00182,ITEM_015,view,1,2026-02-19
C00200,ITEM_079,play,3,2026-03-22
C01127,ITEM_071,view,1,2026-05-19
C00606,ITEM_018,view,1,2026-04-27
C00500,ITEM_044,view,1,2026-03-17
C00383,ITEM_056,purchase,5,2026-02-24
C00865,ITEM_035,view,1,2026-03-01
C01095,ITEM_024,view,1,2026-03-08
C00922,ITEM_056,play,3,2026-05-05
C00641,ITEM_006,view,1,2026-06-06
C00570,ITEM_016,view,1,2026-03-27
C01039,ITEM_001,view,1,2026-06-12
C01027,ITEM_071,view,1,2026-02-23
C00468,ITEM_011,view,1,2026-06-04
C01157,ITEM_069,view,1,2026-01-01
C00992,ITEM_032,play,3,2026-05-15
C01015,ITEM_008,play,3,2026-06-20
C00067,ITEM_046,purchase,5,2026-02-19
C00156,ITEM_025,view,1,2026-05-03
C00357,ITEM_038,view,1,2026-01-14
C00913,ITEM_078,view,1,2026-06-03
C00093,ITEM_050,view,1,2026-03-29
C00099,ITEM_001,view,1,2026-03-18
C00037,ITEM_007,view,1,2026-06-16
C00230,ITEM_061,play,3,2026-06-16
C01102,ITEM_054,play,3,2026-02-10
C00865,ITEM_039,view,1,2026-06-22
C00860,ITEM_062,purchase,5,2026-02-07
C00351,ITEM_017,view,1,2026-05-27
C00750,ITEM_018,purchase,5,2026-05-21
C00934,ITEM_032,play,3,2026-04-01
C00638,ITEM_063,view,1,2026-04-17
C01027,ITEM_078,view,1,2026-03-12
C00683,ITEM_020,view,1,2026-03-14
C00389,ITEM_049,play,3,2026-04-03
C00766,ITEM_035,view,1,2026-06-05
C01131,ITEM_070,play,3,2026-03-28
C00991,ITEM_064,view,1,2026-04-15
C00598,ITEM_013,purchase,5,2026-05-08
C00716,ITEM_054,view,1,2026-06-15
C01171,ITEM_001,play,3,2026-06-04
C00898,ITEM_040,play,3,2026-03-08
C00603,ITEM_021,view,1,2026-06-05
C00337,ITEM_029,view,1,2026-03-21
C01087,ITEM_026,view,1,2026-01-17
C01172,ITEM_045,play,3,2026-01-14
C00084,ITEM_067,play,3,2026-02-06
C00038,ITEM_041,view,1,2026-03-08
C00138,ITEM_069,play,3,2026-03-14
C00463,ITEM_077,purchase,5,2026-02-02
C00191,ITEM_017,play,3,2026-02-02
C01058,ITEM_066,view,1,2026-01-06
C01097,ITEM_017,view,1,2026-06-14
C00216,ITEM_009,purchase,5,2026-02-16
C00994,ITEM_016,play,3,2026-04-27
C00169,ITEM_032,play,3,2026-03-30
C00944,ITEM_013,purchase,5,2026-03-06
C00438,ITEM_046,view,1,2026-02-14
C00048,ITEM_047,play,3,2026-01-12
C00513,ITEM_056,play,3,2026-01-20
C00987,ITEM_072,play,3,2026-05-02
C01120,ITEM_014,play,3,2026-03-23
C00145,ITEM_078,view,1,2026-06-24
C01003,ITEM_066,view,1,2026-01-27
C00351,ITEM_004,purchase,5,2026-06-17
C00556,ITEM_050,play,3,2026-01-16
C00130,ITEM_020,view,1,2026-05-12
C01167,ITEM_005,purchase,5,2026-06-22
C00948,ITEM_054,view,1,2026-01-28
C00770,ITEM_004,view,1,2026-03-27
C00872,ITEM_014,purchase,5,2026-06-15
C01048,ITEM_054,play,3,2026-05-25
C00172,ITEM_006,play,3,2026-02-09
C00295,ITEM_060,play,3,2026-01-31
C00044,ITEM_002,view,1,2026-03-02
C00586,ITEM_024,view,1,2026-03-25
C00592,ITEM_020,play,3,2026-02-22
C00035,ITEM_012,view,1,2026-01-17
C00793,ITEM_042,view,1,2026-03-31
C00010,ITEM_017,view,1,2026-03-16
C00951,ITEM_012,view,1,2026-02-24
C00846,ITEM_031,view,1,2026-05-29
C00978,ITEM_039,view,1,2026-02-22
C00141,ITEM_050,play,3,2026-06-10
C01044,ITEM_006,view,1,2026-01-03
C00657,ITEM_015,view,1,2026-04-04
C01036,ITEM_004,view,1,2026-06-21
C00835,ITEM_063,play,3,2026-02-21
C00787,ITEM_044,view,1,2026-04-28
C00038,ITEM_019,view,1,2026-05-13
C00830,ITEM_042,play,3,2026-03-03
C00538,ITEM_064,view,1,2026-04-26
C01019,ITEM_060,view,1,2026-04-28
C00820,ITEM_073,play,3,2026-03-26
C00089,ITEM_018,view,1,2026-03-09
C01067,ITEM_013,view,1,2026-03-27
C00075,ITEM_061,view,1,2026-01-27
C00359,ITEM_073,play,3,2026-03-30
C00260,ITEM_014,purchase,5,2026-02-28
C01169,ITEM_056,play,3,2026-03-03
C00183,ITEM_045,purchase,5,2026-02-14
C01013,ITEM_070,play,3,2026-04-04
C00266,ITEM_015,view,1,2026-01-02
C00780,ITEM_027,view,1,2026-01-11
C00108,ITEM_049,play,3,2026-02-07
C00470,ITEM_069,play,3,2026-04-13
C00747,ITEM_066,view,1,2026-02-16
C00853,ITEM_038,view,1,2026-03-31
C01046,ITEM_029,view,1,2026-01-27
C00979,ITEM_015,view,1,2026-03-17
C00622,ITEM_032,play,3,2026-03-23
C00363,ITEM_079,play,3,2026-02-28
C00313,ITEM_018,play,3,2026-01-09
C01191,ITEM_075,view,1,2026-04-22
C00729,ITEM_022,play,3,2026-02-06
C01090,ITEM_009,view,1,2026-03-29
C00520,ITEM_057,view,1,2026-05-08
C00582,ITEM_036,play,3,2026-01-19
C00990,ITEM_058,purchase,5,2026-05-03
C00867,ITEM_078,purchase,5,2026-03-09
C00240,ITEM_011,view,1,2026-04-01
C00628,ITEM_043,view,1,2026-01-14
C00256,ITEM_021,play,3,2026-03-31
C00913,ITEM_039,play,3,2026-03-10
C00035,ITEM_020,view,1,2026-02-02
C00992,ITEM_015,view,1,2026-04-06
C01114,ITEM_041,view,1,2026-04-28
C00027,ITEM_033,view,1,2026-03-12
C00756,ITEM_061,view,1,2026-04-25
C00094,ITEM_039,play,3,2026-03-03
C00432,ITEM_048,view,1,2026-05-30
C00403,ITEM_057,play,3,2026-02-20
C00623,ITEM_004,play,3,2026-05-24
C01101,ITEM_036,view,1,2026-03-10
C00553,ITEM_041,view,1,2026-04-11
C00477,ITEM_050,purchase,5,2026-01-13
C00111,ITEM_003,view,1,2026-01-14
C01065,ITEM_008,play,3,2026-06-28
C00377,ITEM_067,view,1,2026-01-02
C00554,ITEM_061,view,1,2026-04-10
C00110,ITEM_033,purchase,5,2026-03-24
C00346,ITEM_000,view,1,2026-04-25
C00664,ITEM_020,view,1,2026-01-01
C01080,ITEM_051,purchase,5,2026-02-02
C00394,ITEM_054,view,1,2026-03-02
C00672,ITEM_066,view,1,2026-06-16
C01050,ITEM_044,purchase,5,2026-03-04
C00432,ITEM_061,view,1,2026-04-13
C00353,ITEM_018,view,1,2026-04-14
C00053,ITEM_011,play,3,2026-03-16
C01089,ITEM_026,play,3,2026-05-30
C00133,ITEM_067,view,1,2026-05-09
C00258,ITEM_070,view,1,2026-03-21
C00167,ITEM_006,play,3,2026-02-24
C00849,ITEM_015,play,3,2026-02-20
C00437,ITEM_005,view,1,2026-06-18
C00845,ITEM_061,view,1,2026-01-23
C00728,ITEM_065,view,1,2026-01-31
C00018,ITEM_074,view,1,2026-02-17
C00369,ITEM_014,play,3,2026-05-30
C00004,ITEM_041,purchase,5,2026-05-04
C00078,ITEM_035,view,1,2026-06-23
C00567,ITEM_078,purchase,5,2026-05-10
C00317,ITEM_074,play,3,2026-03-30
C00106,ITEM_066,play,3,2026-01-08
C00490,ITEM_016,purchase,5,2026-06-07
C00542,ITEM_026,view,1,2026-05-01
C01190,ITEM_062,purchase,5,2026-01-13
C00793,ITEM_048,view,1,2026-06-24
C00471,ITEM_046,view,1,2026-04-22
C00567,ITEM_006,view,1,2026-04-22
C00107,ITEM_032,view,1,2026-03-06
C00463,ITEM_078,play,3,2026-03-01
C00697,ITEM_036,view,1,2026-03-07
C00025,ITEM_070,view,1,2026-01-10
C01103,ITEM_032,view,1,2026-03-23
C00618,ITEM_067,view,1,2026-01-12
C00944,ITEM_066,view,1,2026-04-18
C00330,ITEM_049,view,1,2026-02-07
C01003,ITEM_065,purchase,5,2026-04-21
C00440,ITEM_003,play,3,2026-03-09
C01113,ITEM_029,view,1,2026-02-20
C00626,ITEM_007,play,3,2026-01-27
C00763,ITEM_055,play,3,2026-03-11
C00244,ITEM_023,view,1,2026-01-13
C01193,ITEM_042,view,1,2026-02-14
C00231,ITEM_067,view,1,2026-03-25
C00039,ITEM_059,view,1,2026-04-24
C00527,ITEM_053,play,3,2026-03-24
C01001,ITEM_004,view,1,2026-01-19
C01105,ITEM_049,view,1,2026-05-10
C01028,ITEM_026,view,1,2026-03-18
C00663,ITEM_079,play,3,2026-04-23
C01100,ITEM_026,purchase,5,2026-06-26
C00590,ITEM_059,view,1,2026-01-09
C00573,ITEM_047,view,1,2026-06-27
C00216,ITEM_026,play,3,2026-06-21
C00945,ITEM_016,view,1,2026-04-04
C00379,ITEM_020,view,1,2026-01-05
C00234,ITEM_042,play,3,2026-02-14
C00443,ITEM_070,view,1,2026-02-10
C00723,ITEM_078,view,1,2026-04-16
C00324,ITEM_025,view,1,2026-05-05
C00430,ITEM_003,view,1,2026-03-29
C00396,ITEM_017,purchase,5,2026-03-06
C00715,ITEM_040,view,1,2026-01-08
C00856,ITEM_032,view,1,2026-06-19
C00810,ITEM_011,play,3,2026-06-28
C00169,ITEM_013,play,3,2026-01-06
C00416,ITEM_046,view,1,2026-02-28
C00778,ITEM_021,play,3,2026-06-26
C00259,ITEM_019,play,3,2026-03-13
C00083,ITEM_030,view,1,2026-04-23
C00386,ITEM_072,view,1,2026-04-03
C00814,ITEM_067,play,3,2026-04-24
C00796,ITEM_025,view,1,2026-06-08
C00155,ITEM_061,view,1,2026-03-10
C00812,ITEM_076,view,1,2026-05-24
C00233,ITEM_022,view,1,2026-03-24
C00889,ITEM_000,view,1,2026-02-06
C00679,ITEM_018,view,1,2026-01-14
C00151,ITEM_066,play,3,2026-05-09
C00420,ITEM_008,play,3,2026-04-19
C00982,ITEM_020,view,1,2026-06-07
C00519,ITEM_076,view,1,2026-02-12
C00825,ITEM_016,purchase,5,2026-05-09
C00897,ITEM_038,play,3,2026-01-05
C00036,ITEM_070,play,3,2026-01-26
C01117,ITEM_067,view,1,2026-04-17
C00402,ITEM_024,view,1,2026-04-08
C00952,ITEM_019,view,1,2026-04-17
C00560,ITEM_046,play,3,2026-05-31
C00692,ITEM_025,purchase,5,2026-05-31
C00432,ITEM_058,view,1,2026-02-05
C01023,ITEM_054,play,3,2026-02-06
C00140,ITEM_033,play,3,2026-04-07
C01075,ITEM_032,play,3,2026-06-22
C00248,ITEM_008,view,1,2026-05-01
C01059,ITEM_055,view,1,2026-01-27
C00029,ITEM_073,purchase,5,2026-04-25
C00016,ITEM_070,view,1,2026-03-02
C00111,ITEM_051,view,1,2026-01-20
C00657,ITEM_058,view,1,2026-05-09
C00319,ITEM_071,view,1,2026-02-19
C00717,ITEM_017,view,1,2026-05-20
C00983,ITEM_061,view,1,2026-04-10
C00032,ITEM_008,purchase,5,2026-03-22
C00631,ITEM_061,view,1,2026-02-07
C00887,ITEM_017,purchase,5,2026-02-22
C00509,ITEM_047,purchase,5,2026-03-02
C01110,ITEM_000,play,3,2026-05-05
C00794,ITEM_000,view,1,2026-03-16
C00041,ITEM_051,play,3,2026-01-07
C00649,ITEM_070,view,1,2026-01-03
C00460,ITEM_008,view,1,2026-02-19
C00157,ITEM_066,purchase,5,2026-04-02
C01140,ITEM_060,view,1,2026-03-01
C00267,ITEM_058,purchase,5,2026-06-29
C00100,ITEM_021,view,1,2026-02-11
C00267,ITEM_070,view,1,2026-03-15
C00987,ITEM_048,play,3,2026-03-13
C00719,ITEM_014,play,3,2026-02-19
C00983,ITEM_070,view,1,2026-06-08
C00553,ITEM_022,play,3,2026-02-15
C00140,ITEM_039,view,1,2026-01-02
C00465,ITEM_012,view,1,2026-04-03
C00239,ITEM_031,play,3,2026-04-25
C00667,ITEM_051,view,1,2026-03-24
C00323,ITEM_071,view,1,2026-03-17
C01164,ITEM_035,view,1,2026-06-05
C00452,ITEM_049,view,1,2026-03-09
C00377,ITEM_008,purchase,5,2026-04-26
C01181,ITEM_019,view,1,2026-05-31
C00624,ITEM_046,play,3,2026-03-13
C00204,ITEM_003,play,3,2026-04-08
C00576,ITEM_027,view,1,2026-03-11
C00305,ITEM_004,purchase,5,2026-04-21
C00859,ITEM_039,view,1,2026-04-09
C00688,ITEM_021,view,1,2026-06-03
C00876,ITEM_020,play,3,2026-02-15
C01128,ITEM_036,play,3,2026-01-30
C00874,ITEM_012,view,1,2026-03-18
C00408,ITEM_060,play,3,2026-04-21
C00241,ITEM_036,purchase,5,2026-02-21
C00635,ITEM_072,view,1,2026-06-29
C00538,ITEM_018,play,3,2026-04-03
C00375,ITEM_004,view,1,2026-05-27
C00973,ITEM_032,view,1,2026-04-09
C01091,ITEM_008,view,1,2026-03-12
C00457,ITEM_030,view,1,2026-06-02
C00817,ITEM_061,play,3,2026-01-29
C01181,ITEM_075,view,1,2026-02-15
C00014,ITEM_036,view,1,2026-05-18
C00437,ITEM_014,view,1,2026-06-12
C00885,ITEM_031,view,1,2026-02-22
C00597,ITEM_022,view,1,2026-04-07
C00950,ITEM_009,view,1,2026-03-29
C00569,ITEM_063,view,1,2026-05-11
C00077,ITEM_058,view,1,2026-03-31
C00520,ITEM_023,view,1,2026-04-21
C00485,ITEM_038,view,1,2026-05-01
C01014,ITEM_038,view,1,2026-05-30
C00176,ITEM_034,play,3,2026-01-25
C00186,ITEM_060,play,3,2026-04-30
C00169,ITEM_055,view,1,2026-02-02
C00681,ITEM_000,view,1,2026-01-02
C01194,ITEM_017,view,1,2026-05-09
C00742,ITEM_076,view,1,2026-03-12
C00979,ITEM_033,view,1,2026-05-10
C01021,ITEM_037,purchase,5,2026-06-18
C00720,ITEM_060,view,1,2026-01-24
C00731,ITEM_060,view,1,2026-03-23
C00291,ITEM_045,play,3,2026-01-18
C01152,ITEM_073,purchase,5,2026-05-30
C00945,ITEM_047,view,1,2026-06-29
C01046,ITEM_070,view,1,2026-06-06
C01180,ITEM_036,view,1,2026-06-28
C00418,ITEM_017,play,3,2026-03-01
C00172,ITEM_008,view,1,2026-02-20
C01031,ITEM_044,view,1,2026-06-04
C00567,ITEM_071,view,1,2026-04-28
C01150,ITEM_032,view,1,2026-03-09
C00833,ITEM_058,play,3,2026-02-07
C00308,ITEM_042,view,1,2026-01-05
C00425,ITEM_064,view,1,2026-01-07
C00732,ITEM_062,view,1,2026-05-05
C00473,ITEM_055,play,3,2026-02-17
C00338,ITEM_028,view,1,2026-05-28
C00251,ITEM_032,purchase,5,2026-06-02
C00779,ITEM_038,view,1,2026-03-23
C00042,ITEM_065,view,1,2026-02-23
C00112,ITEM_048,view,1,2026-02-01
C00051,ITEM_013,view,1,2026-02-16
C00881,ITEM_021,view,1,2026-04-21
C00035,ITEM_024,view,1,2026-05-17
C00503,ITEM_048,view,1,2026-05-13
C00145,ITEM_061,view,1,2026-06-22
C00704,ITEM_011,play,3,2026-04-28
C00041,ITEM_057,view,1,2026-04-02
C00031,ITEM_049,play,3,2026-03-06
C00493,ITEM_016,play,3,2026-03-02
C00834,ITEM_011,play,3,2026-03-08
C00131,ITEM_011,view,1,2026-06-08
C00595,ITEM_062,view,1,2026-04-09
C00972,ITEM_018,play,3,2026-02-09
C00750,ITEM_015,view,1,2026-02-04
C00900,ITEM_033,view,1,2026-01-06
C00378,ITEM_051,view,1,2026-06-02
C01130,ITEM_035,view,1,2026-02-09
C00174,ITEM_046,view,1,2026-01-19
C00726,ITEM_029,view,1,2026-02-22
C00522,ITEM_034,play,3,2026-03-29
C00038,ITEM_046,view,1,2026-06-22
C01132,ITEM_051,view,1,2026-06-04
C00842,ITEM_058,purchase,5,2026-01-31
C00273,ITEM_067,view,1,2026-04-06
C00062,ITEM_026,view,1,2026-05-29
C00811,ITEM_009,view,1,2026-05-17
C00654,ITEM_007,view,1,2026-03-26
C00059,ITEM_054,view,1,2026-02-13
C01183,ITEM_034,view,1,2026-05-22
C00861,ITEM_032,play,3,2026-03-22
C00555,ITEM_058,play,3,2026-02-12
C00286,ITEM_053,view,1,2026-05-09
C00325,ITEM_073,play,3,2026-06-08
C00541,ITEM_070,view,1,2026-06-09
C00068,ITEM_059,play,3,2026-06-18
C00441,ITEM_052,view,1,2026-04-26
C00260,ITEM_071,view,1,2026-05-19
C00135,ITEM_012,view,1,2026-02-13
C00151,ITEM_076,view,1,2026-02-28
C00414,ITEM_033,play,3,2026-01-27
C00459,ITEM_019,view,1,2026-01-15
C00420,ITEM_043,view,1,2026-06-01
C00827,ITEM_071,view,1,2026-03-24
C00626,ITEM_010,play,3,2026-04-10
C00231,ITEM_013,view,1,2026-01-16
C01166,ITEM_051,view,1,2026-02-03
C00876,ITEM_053,view,1,2026-01-14
C00564,ITEM_057,view,1,2026-03-29
C00059,ITEM_071,view,1,2026-04-15
C01097,ITEM_061,play,3,2026-01-23
C00893,ITEM_064,purchase,5,2026-05-08
C00553,ITEM_009,play,3,2026-01-19
C00194,ITEM_028,view,1,2026-05-31
C00129,ITEM_056,view,1,2026-06-15
C00347,ITEM_065,play,3,2026-04-26
C00276,ITEM_029,view,1,2026-04-09
C00251,ITEM_046,play,3,2026-05-12
C00489,ITEM_016,view,1,2026-02-14
C00055,ITEM_069,play,3,2026-06-15
C00390,ITEM_041,view,1,2026-06-08
C01045,ITEM_007,purchase,5,2026-05-06
C01038,ITEM_045,view,1,2026-06-29
C00010,ITEM_021,play,3,2026-02-24
C00814,ITEM_036,view,1,2026-06-09
C01189,ITEM_027,view,1,2026-01-07
C00693,ITEM_067,view,1,2026-05-15
C00468,ITEM_067,view,1,2026-02-22
C00589,ITEM_012,view,1,2026-06-23
C00255,ITEM_025,view,1,2026-04-13
C00476,ITEM_032,purchase,5,2026-02-05
C01124,ITEM_068,play,3,2026-02-26
C00734,ITEM_021,play,3,2026-06-07
C00517,ITEM_056,view,1,2026-05-25
C00149,ITEM_003,view,1,2026-03-06
C01087,ITEM_076,view,1,2026-02-17
C00195,ITEM_027,view,1,2026-01-06
C00865,ITEM_021,view,1,2026-01-23
C00363,ITEM_057,play,3,2026-01-06
C00334,ITEM_048,view,1,2026-03-01
C00205,ITEM_041,view,1,2026-02-03
C00450,ITEM_074,view,1,2026-01-04
C00812,ITEM_033,view,1,2026-05-21
C00499,ITEM_043,view,1,2026-06-08
C00029,ITEM_037,view,1,2026-06-11
C00316,ITEM_013,view,1,2026-05-31
C00192,ITEM_025,view,1,2026-01-24
C00482,ITEM_048,play,3,2026-01-30
C01083,ITEM_009,purchase,5,2026-06-02
C01155,ITEM_058,view,1,2026-01-03
C01197,ITEM_047,view,1,2026-05-16
C00135,ITEM_051,view,1,2026-01-23
C00585,ITEM_065,play,3,2026-01-10
C00054,ITEM_038,view,1,2026-05-21
C00594,ITEM_063,view,1,2026-05-12
C00692,ITEM_059,view,1,2026-01-16
C00928,ITEM_018,purchase,5,2026-01-07
C00403,ITEM_021,view,1,2026-06-09
C00043,ITEM_034,view,1,2026-02-17
C00544,ITEM_007,view,1,2026-06-24
C00512,ITEM_044,view,1,2026-04-06
C00749,ITEM_072,view,1,2026-06-26
C00119,ITEM_064,play,3,2026-06-13
C00735,ITEM_058,play,3,2026-04-21
C00481,ITEM_015,purchase,5,2026-01-19
C00886,ITEM_064,purchase,5,2026-06-11
C01180,ITEM_010,view,1,2026-03-04
C00273,ITEM_032,play,3,2026-02-15
C00904,ITEM_074,play,3,2026-04-14
C00153,ITEM_060,view,1,2026-03-06
C01182,ITEM_011,play,3,2026-05-14
C00577,ITEM_041,purchase,5,2026-02-17
C00895,ITEM_079,play,3,2026-06-14
C00933,ITEM_035,play,3,2026-01-18
C00729,ITEM_047,view,1,2026-03-26
C00461,ITEM_030,play,3,2026-06-22
C00905,ITEM_039,view,1,2026-06-01
C00571,ITEM_041,play,3,2026-05-28
C00790,ITEM_015,play,3,2026-04-22
C00735,ITEM_075,view,1,2026-04-13
C00556,ITEM_068,view,1,2026-02-06
C00140,ITEM_008,play,3,2026-02-23
C00351,ITEM_013,view,1,2026-04-15
C01125,ITEM_051,view,1,2026-02-25
C00624,ITEM_032,view,1,2026-02-26
C00763,ITEM_054,view,1,2026-05-03
C00310,ITEM_003,view,1,2026-05-07
C00846,ITEM_060,view,1,2026-03-31
C00584,ITEM_001,play,3,2026-02-21
C00262,ITEM_015,view,1,2026-02-01
C00175,ITEM_058,play,3,2026-02-17
C00474,ITEM_027,view,1,2026-03-01
C00678,ITEM_016,view,1,2026-06-20
C00336,ITEM_070,play,3,2026-02-28
C00294,ITEM_048,view,1,2026-06-13
C00323,ITEM_023,purchase,5,2026-04-07
C00352,ITEM_057,view,1,2026-03-23
C00886,ITEM_010,play,3,2026-02-18
C00598,ITEM_039,view,1,2026-05-18
C00562,ITEM_015,play,3,2026-06-01
C00195,ITEM_052,view,1,2026-06-26
C00653,ITEM_021,play,3,2026-05-28
C01154,ITEM_019,view,1,2026-01-16
C00894,ITEM_020,play,3,2026-06-08
C00536,ITEM_065,view,1,2026-04-20
C00368,ITEM_069,view,1,2026-04-03
C00422,ITEM_016,play,3,2026-02-15
C00032,ITEM_012,view,1,2026-04-02
C00035,ITEM_047,play,3,2026-05-25
C00931,ITEM_051,play,3,2026-04-17
C01011,ITEM_066,view,1,2026-01-19
C01162,ITEM_065,play,3,2026-05-17
C00751,ITEM_063,view,1,2026-05-22
C01115,ITEM_003,view,1,2026-05-02
C00499,ITEM_004,view,1,2026-02-06
C00304,ITEM_014,view,1,2026-02-23
C00294,ITEM_029,play,3,2026-03-24
C00283,ITEM_059,purchase,5,2026-06-06
C00894,ITEM_068,purchase,5,2026-05-27
C00011,ITEM_057,play,3,2026-01-18
C01134,ITEM_068,view,1,2026-01-13
C00929,ITEM_029,view,1,2026-01-09
C00456,ITEM_050,view,1,2026-06-17
C00842,ITEM_010,play,3,2026-06-05
C00161,ITEM_008,view,1,2026-02-09
C00517,ITEM_066,purchase,5,2026-06-14
C00131,ITEM_032,view,1,2026-04-01
C00134,ITEM_058,view,1,2026-02-26
C00007,ITEM_076,play,3,2026-05-13
C00954,ITEM_045,view,1,2026-01-13
C00892,ITEM_008,view,1,2026-01-23
C01071,ITEM_052,view,1,2026-02-16
C01177,ITEM_064,purchase,5,2026-04-20
C01157,ITEM_022,view,1,2026-05-31
C01191,ITEM_033,view,1,2026-04-03
C00019,ITEM_050,view,1,2026-03-21
C00941,ITEM_059,view,1,2026-04-16
C00867,ITEM_014,view,1,2026-01-03
C00194,ITEM_004,view,1,2026-04-30
C00164,ITEM_051,view,1,2026-05-25
C01173,ITEM_000,purchase,5,2026-03-17
C01059,ITEM_036,play,3,2026-04-27
C00393,ITEM_024,play,3,2026-02-23
C00089,ITEM_035,view,1,2026-06-18
C00400,ITEM_069,view,1,2026-02-03
C00006,ITEM_074,view,1,2026-01-25
C00824,ITEM_054,view,1,2026-06-19
C00456,ITEM_029,view,1,2026-04-02
C00058,ITEM_048,view,1,2026-03-14
C01175,ITEM_011,view,1,2026-05-27
C00990,ITEM_079,view,1,2026-02-20
C01085,ITEM_069,view,1,2026-02-23
C01196,ITEM_027,view,1,2026-01-10
C00017,ITEM_001,play,3,2026-04-04
C00930,ITEM_068,view,1,2026-05-16
C00945,ITEM_002,play,3,2026-06-27
C00938,ITEM_008,view,1,2026-04-05
C00318,ITEM_000,purchase,5,2026-01-14
C00468,ITEM_013,view,1,2026-02-04
C01114,ITEM_073,view,1,2026-02-20
C00079,ITEM_038,play,3,2026-06-10
C00769,ITEM_013,view,1,2026-04-15
C00951,ITEM_076,view,1,2026-06-18
C00957,ITEM_033,view,1,2026-06-01
C00716,ITEM_056,purchase,5,2026-06-08
C00920,ITEM_043,play,3,2026-02-20
C01091,ITEM_009,view,1,2026-04-11
C00919,ITEM_056,play,3,2026-01-11
C00139,ITEM_076,view,1,2026-03-09
C00293,ITEM_078,view,1,2026-02-26
C00366,ITEM_061,view,1,2026-01-30
C00411,ITEM_053,view,1,2026-01-12
C00432,ITEM_058,purchase,5,2026-03-09
C00263,ITEM_077,play,3,2026-01-13
C00819,ITEM_044,purchase,5,2026-04-21
C00132,ITEM_072,play,3,2026-02-19
C00945,ITEM_031,view,1,2026-02-10
C00790,ITEM_025,play,3,2026-01-20
C01153,ITEM_008,view,1,2026-03-25
C00007,ITEM_036,play,3,2026-01-31
C00354,ITEM_049,view,1,2026-04-14
C01078,ITEM_032,play,3,2026-06-27
C00592,ITEM_010,play,3,2026-05-12
C00673,ITEM_035,view,1,2026-01-21
C00034,ITEM_047,view,1,2026-01-17
C00914,ITEM_009,view,1,2026-06-07
C00303,ITEM_043,view,1,2026-06-06
C01155,ITEM_030,play,3,2026-03-07
C00448,ITEM_047,view,1,2026-03-24
C00226,ITEM_000,view,1,2026-03-09
C00712,ITEM_066,view,1,2026-04-15
C00572,ITEM_031,view,1,2026-02-07
C00565,ITEM_032,view,1,2026-06-19
C01139,ITEM_008,play,3,2026-03-14
C00437,ITEM_034,play,3,2026-01-31
C00477,ITEM_031,purchase,5,2026-02-24
C00748,ITEM_004,view,1,2026-06-09
C00204,ITEM_046,view,1,2026-02-22
C00994,ITEM_023,view,1,2026-05-25
C00275,ITEM_028,view,1,2026-05-18
C00290,ITEM_006,view,1,2026-06-28
C00012,ITEM_051,view,1,2026-01-28
C00411,ITEM_011,view,1,2026-03-12
C00699,ITEM_047,view,1,2026-06-01
C00845,ITEM_034,view,1,2026-01-23
C01078,ITEM_059,view,1,2026-01-07
C00933,ITEM_032,play,3,2026-01-03
C00385,ITEM_052,view,1,2026-01-15
C00990,ITEM_074,play,3,2026-05-23
C00233,ITEM_020,view,1,2026-03-04
C00251,ITEM_009,view,1,2026-01-25
C00429,ITEM_048,view,1,2026-05-07
C00647,ITEM_011,view,1,2026-02-25
C00243,ITEM_017,view,1,2026-01-25
C01080,ITEM_060,play,3,2026-06-27
C00324,ITEM_054,play,3,2026-04-16
C00470,ITEM_001,view,1,2026-03-21
C00725,ITEM_047,view,1,2026-06-15
C00515,ITEM_052,view,1,2026-02-11
C00484,ITEM_025,purchase,5,2026-04-17
C01181,ITEM_059,view,1,2026-05-16
C00523,ITEM_057,view,1,2026-01-02
C00135,ITEM_050,view,1,2026-02-18
C00876,ITEM_020,play,3,2026-01-18
C00846,ITEM_023,view,1,2026-04-06
C00262,ITEM_043,view,1,2026-05-03
C01020,ITEM_008,view,1,2026-01-29
C00470,ITEM_032,play,3,2026-01-26
C00180,ITEM_079,view,1,2026-03-24
C00206,ITEM_051,purchase,5,2026-03-13
C00857,ITEM_068,play,3,2026-01-20
C00259,ITEM_025,view,1,2026-05-03
C00563,ITEM_058,purchase,5,2026-05-20
C00880,ITEM_058,play,3,2026-03-19
C01023,ITEM_014,view,1,2026-03-07
C00587,ITEM_017,play,3,2026-01-29
C01088,ITEM_034,view,1,2026-02-27
C00363,ITEM_050,view,1,2026-04-02
C01046,ITEM_056,view,1,2026-06-28
C00300,ITEM_078,play,3,2026-02-03
C00077,ITEM_008,purchase,5,2026-05-30
C00870,ITEM_051,view,1,2026-04-01
C00908,ITEM_076,play,3,2026-04-10
C01111,ITEM_013,play,3,2026-02-24
C01105,ITEM_076,play,3,2026-06-19
C00122,ITEM_067,view,1,2026-01-12
C00745,ITEM_012,view,1,2026-02-08
C00845,ITEM_016,view,1,2026-02-27
C00721,ITEM_015,view,1,2026-04-14
C00022,ITEM_007,view,1,2026-03-18
C00054,ITEM_029,view,1,2026-06-17
C00804,ITEM_035,view,1,2026-02-03
C01027,ITEM_036,play,3,2026-04-13
C00215,ITEM_066,view,1,2026-03-29
C00055,ITEM_035,view,1,2026-02-25
C00484,ITEM_015,play,3,2026-01-05
C00376,ITEM_055,view,1,2026-05-27
C01179,ITEM_051,play,3,2026-02-06
C01111,ITEM_037,play,3,2026-01-25
C00669,ITEM_051,view,1,2026-04-13
C01139,ITEM_014,view,1,2026-01-28
C00274,ITEM_062,view,1,2026-04-26
C01190,ITEM_020,view,1,2026-05-12
C00536,ITEM_003,view,1,2026-02-11
C00571,ITEM_032,view,1,2026-01-13
C00060,ITEM_019,view,1,2026-01-18
C00212,ITEM_041,view,1,2026-01-10
C00233,ITEM_037,view,1,2026-03-29
C00585,ITEM_073,view,1,2026-03-10
C00227,ITEM_033,view,1,2026-05-20
C00122,ITEM_007,view,1,2026-03-13
C00726,ITEM_041,play,3,2026-04-28
C01047,ITEM_064,purchase,5,2026-03-26
C00083,ITEM_021,play,3,2026-03-19
C00672,ITEM_024,view,1,2026-05-14
C01152,ITEM_014,view,1,2026-04-02
C00485,ITEM_058,play,3,2026-04-13
C00219,ITEM_013,play,3,2026-03-23
C00095,ITEM_020,purchase,5,2026-05-09
C01123,ITEM_006,view,1,2026-02-24
C00486,ITEM_030,view,1,2026-01-09
C00126,ITEM_069,view,1,2026-03-18
C01039,ITEM_035,purchase,5,2026-02-26
C00962,ITEM_009,play,3,2026-06-11
C00844,ITEM_060,play,3,2026-06-23
C00101,ITEM_028,play,3,2026-02-09
C00098,ITEM_013,purchase,5,2026-03-18
C00262,ITEM_001,view,1,2026-03-19
C00191,ITEM_027,purchase,5,2026-02-10
C00638,ITEM_012,play,3,2026-01-02
C00470,ITEM_042,play,3,2026-06-28
C00918,ITEM_034,purchase,5,2026-04-28
C00121,ITEM_052,view,1,2026-03-16
C00873,ITEM_021,play,3,2026-02-03
C01120,ITEM_006,view,1,2026-03-28
C00156,ITEM_009,play,3,2026-02-19
C00782,ITEM_007,play,3,2026-02-10
C00610,ITEM_021,play,3,2026-06-22
C00113,ITEM_057,view,1,2026-04-29
C00351,ITEM_043,play,3,2026-02-25
C00945,ITEM_029,play,3,2026-02-07
C01042,ITEM_019,play,3,2026-05-19
C00442,ITEM_013,view,1,2026-04-20
C00127,ITEM_011,play,3,2026-06-03
C00293,ITEM_021,play,3,2026-05-17
C01012,ITEM_039,view,1,2026-03-14
C00683,ITEM_047,view,1,2026-04-28
C00516,ITEM_075,play,3,2026-03-10
C00016,ITEM_076,play,3,2026-01-17
C00939,ITEM_020,view,1,2026-01-06
C00558,ITEM_058,view,1,2026-01-15
C00654,ITEM_010,play,3,2026-06-15
C01012,ITEM_063,purchase,5,2026-06-01
C00674,ITEM_074,view,1,2026-03-12
C01113,ITEM_048,purchase,5,2026-06-12
C00671,ITEM_043,view,1,2026-05-13
C00411,ITEM_029,view,1,2026-01-25
C01107,ITEM_070,play,3,2026-02-10
C00770,ITEM_076,view,1,2026-03-09
C00912,ITEM_056,view,1,2026-05-25
C00272,ITEM_006,purchase,5,2026-04-28
C00805,ITEM_070,view,1,2026-03-12
C00672,ITEM_064,view,1,2026-05-31
C00126,ITEM_028,view,1,2026-02-28
C00304,ITEM_020,view,1,2026-06-13
C01093,ITEM_061,play,3,2026-05-10
C00685,ITEM_048,view,1,2026-05-06
C00929,ITEM_060,view,1,2026-01-16
C00206,ITEM_078,view,1,2026-01-27
C00261,ITEM_029,play,3,2026-06-27
C01129,ITEM_067,purchase,5,2026-05-19
C00504,ITEM_037,view,1,2026-02-16
C01064,ITEM_068,play,3,2026-06-04
C00970,ITEM_019,purchase,5,2026-02-25
C00404,ITEM_065,view,1,2026-03-05
C01139,ITEM_056,view,1,2026-02-24
C00931,ITEM_036,view,1,2026-03-30
C00153,ITEM_073,purchase,5,2026-05-18
C00114,ITEM_031,view,1,2026-01-30
C00151,ITEM_059,view,1,2026-06-24
C00888,ITEM_041,play,3,2026-02-24
C00171,ITEM_011,play,3,2026-06-24
C00338,ITEM_022,view,1,2026-06-06
C00521,ITEM_064,view,1,2026-04-09
C00162,ITEM_038,view,1,2026-01-16
C00396,ITEM_068,purchase,5,2026-04-14
C00813,ITEM_010,play,3,2026-05-18
C01166,ITEM_061,view,1,2026-06-26
C00563,ITEM_071,play,3,2026-01-18
C00896,ITEM_079,view,1,2026-05-15
C00636,ITEM_058,purchase,5,2026-02-22
C00559,ITEM_037,view,1,2026-05-15
C00624,ITEM_004,view,1,2026-04-15
C01150,ITEM_016,view,1,2026-06-05
C00071,ITEM_052,view,1,2026-01-01
C00616,ITEM_070,play,3,2026-04-01
C00061,ITEM_060,view,1,2026-05-02
C01050,ITEM_048,view,1,2026-03-10
C00721,ITEM_068,play,3,2026-02-26
C00056,ITEM_024,view,1,2026-02-28
C00748,ITEM_026,view,1,2026-05-15
C00522,ITEM_007,view,1,2026-02-07
C00056,ITEM_050,purchase,5,2026-06-25
C01173,ITEM_014,play,3,2026-02-07
C00454,ITEM_022,play,3,2026-03-16
C00028,ITEM_007,play,3,2026-06-28
C00735,ITEM_067,view,1,2026-01-06
C00450,ITEM_016,view,1,2026-03-02
C00788,ITEM_070,play,3,2026-06-02
C00194,ITEM_018,view,1,2026-02-26
C00993,ITEM_006,purchase,5,2026-02-19
C00504,ITEM_078,view,1,2026-01-01
C00504,ITEM_022,view,1,2026-01-27
C00964,ITEM_057,view,1,2026-02-05
C00657,ITEM_008,view,1,2026-06-08
C00001,ITEM_014,play,3,2026-04-09
C00694,ITEM_031,play,3,2026-02-11
C00775,ITEM_060,play,3,2026-05-26
C00374,ITEM_000,purchase,5,2026-04-19
C00216,ITEM_050,view,1,2026-02-26
C00064,ITEM_062,view,1,2026-02-15
C01015,ITEM_008,play,3,2026-02-09
C00005,ITEM_034,view,1,2026-05-09
C00700,ITEM_075,view,1,2026-05-09
C01003,ITEM_042,view,1,2026-04-27
C00422,ITEM_060,play,3,2026-03-22
C00240,ITEM_059,play,3,2026-04-02
C00857,ITEM_033,view,1,2026-06-11
C00756,ITEM_056,view,1,2026-04-10
C00017,ITEM_075,view,1,2026-04-21
C00692,ITEM_025,view,1,2026-02-10
C00000,ITEM_003,view,1,2026-03-23
C00479,ITEM_062,play,3,2026-01-04
C00364,ITEM_025,purchase,5,2026-03-25
C01000,ITEM_051,play,3,2026-05-25
C01172,ITEM_012,play,3,2026-05-01
C00838,ITEM_017,purchase,5,2026-06-10
C00881,ITEM_060,play,3,2026-03-03
C00027,ITEM_002,view,1,2026-05-21
C00076,ITEM_039,play,3,2026-05-12
C00932,ITEM_060,view,1,2026-05-08
C00513,ITEM_037,view,1,2026-05-24
C00608,ITEM_013,view,1,2026-03-26
C00830,ITEM_050,play,3,2026-03-03
C00416,ITEM_009,play,3,2026-04-16
C00818,ITEM_046,play,3,2026-03-11
C00872,ITEM_033,view,1,2026-05-05
C00288,ITEM_043,view,1,2026-06-05
C00823,ITEM_073,play,3,2026-01-05
C00203,ITEM_070,play,3,2026-04-22
C00372,ITEM_057,view,1,2026-03-18
C00936,ITEM_039,view,1,2026-01-19
C01179,ITEM_063,view,1,2026-02-10
C00077,ITEM_008,purchase,5,2026-05-29
C00778,ITEM_021,view,1,2026-03-07
C00683,ITEM_037,play,3,2026-01-16
C00726,ITEM_066,view,1,2026-05-15
C00944,ITEM_030,purchase,5,2026-02-12
C00083,ITEM_033,view,1,2026-03-07
C00887,ITEM_076,play,3,2026-02-05
C00335,ITEM_078,play,3,2026-05-14
C00185,ITEM_003,play,3,2026-06-15
C00536,ITEM_045,play,3,2026-06-24
C00032,ITEM_055,view,1,2026-01-14
C00756,ITEM_048,view,1,2026-06-16
C00678,ITEM_077,view,1,2026-04-25
C00615,ITEM_073,play,3,2026-05-29
C00036,ITEM_020,play,3,2026-01-14
C00915,ITEM_075,view,1,2026-06-03
C00042,ITEM_033,play,3,2026-02-28
C00315,ITEM_001,view,1,2026-03-12
C00475,ITEM_028,view,1,2026-06-11
C00842,ITEM_018,view,1,2026-05-12
C00489,ITEM_074,play,3,2026-04-03
C00979,ITEM_049,view,1,2026-05-01
C01121,ITEM_024,purchase,5,2026-03-06
C00918,ITEM_000,play,3,2026-06-26
C00046,ITEM_029,view,1,2026-01-13
C00925,ITEM_025,view,1,2026-04-14
C00247,ITEM_035,play,3,2026-01-08
C01066,ITEM_015,play,3,2026-03-19
C01174,ITEM_042,view,1,2026-04-02
C00101,ITEM_041,view,1,2026-05-31
C00118,ITEM_057,view,1,2026-06-18
C00836,ITEM_047,view,1,2026-05-15
C00171,ITEM_058,view,1,2026-06-23
C01162,ITEM_015,play,3,2026-01-23
C00648,ITEM_010,view,1,2026-04-05
C00688,ITEM_042,play,3,2026-04-18
C01032,ITEM_079,view,1,2026-01-14
C00260,ITEM_031,play,3,2026-04-17
C00666,ITEM_058,purchase,5,2026-01-08
C01198,ITEM_079,view,1,2026-04-24
C00026,ITEM_007,view,1,2026-02-09
C00209,ITEM_005,view,1,2026-06-19
C00175,ITEM_052,view,1,2026-02-28
C00402,ITEM_067,play,3,2026-04-19
C00155,ITEM_053,play,3,2026-04-20
C00206,ITEM_079,play,3,2026-06-06
C01023,ITEM_003,purchase,5,2026-03-02
C00557,ITEM_043,view,1,2026-03-06
C00429,ITEM_056,view,1,2026-05-03
C00502,ITEM_054,view,1,2026-01-11
C01164,ITEM_002,play,3,2026-04-10
C00589,ITEM_010,view,1,2026-03-09
C00562,ITEM_079,view,1,2026-06-26
C01113,ITEM_028,purchase,5,2026-04-06
C00044,ITEM_014,view,1,2026-05-19
C00573,ITEM_014,view,1,2026-05-30
C00897,ITEM_013,view,1,2026-01-27
C00617,ITEM_046,view,1,2026-04-24
C01041,ITEM_040,view,1,2026-05-03
C01064,ITEM_075,view,1,2026-03-21
C00403,ITEM_038,view,1,2026-02-05
C00981,ITEM_002,play,3,2026-03-25
C00292,ITEM_042,view,1,2026-01-10
C00287,ITEM_039,play,3,2026-06-29
C01172,ITEM_026,play,3,2026-01-16
C00015,ITEM_057,play,3,2026-01-26
C00423,ITEM_075,purchase,5,2026-01-25
C00755,ITEM_034,view,1,2026-02-06
C00496,ITEM_058,view,1,2026-02-03
C01013,ITEM_043,view,1,2026-04-23
C00301,ITEM_058,view,1,2026-01-21
C00663,ITEM_036,play,3,2026-05-07
C00150,ITEM_020,view,1,2026-03-15
C00253,ITEM_047,view,1,2026-03-13
C00208,ITEM_031,view,1,2026-04-02
C00889,ITEM_005,play,3,2026-01-06
C00243,ITEM_059,view,1,2026-04-01
C00803,ITEM_043,view,1,2026-04-04
C00414,ITEM_048,play,3,2026-05-15
C00678,ITEM_040,play,3,2026-01-26
C01048,ITEM_070,view,1,2026-01-10
C01036,ITEM_014,view,1,2026-01-11
C00013,ITEM_006,play,3,2026-06-22
C00941,ITEM_042,view,1,2026-03-04
C01146,ITEM_069,purchase,5,2026-02-12
C00801,ITEM_037,play,3,2026-01-25
C00224,ITEM_033,play,3,2026-02-16
C00797,ITEM_047,play,3,2026-03-21
C00763,ITEM_027,purchase,5,2026-06-24
C00794,ITEM_045,view,1,2026-05-18
C00514,ITEM_077,view,1,2026-06-03
C00630,ITEM_032,play,3,2026-01-09
C00782,ITEM_038,view,1,2026-04-14
C00556,ITEM_062,play,3,2026-03-31
C00928,ITEM_053,view,1,2026-02-05
C00851,ITEM_028,view,1,2026-03-31
C00363,ITEM_041,view,1,2026-04-16
C00732,ITEM_037,play,3,2026-01-01
C00907,ITEM_031,view,1,2026-06-26
C00587,ITEM_034,view,1,2026-05-13
C00858,ITEM_001,view,1,2026-06-16
C00151,ITEM_038,view,1,2026-01-17
C00463,ITEM_025,play,3,2026-01-11
C00842,ITEM_064,purchase,5,2026-06-17
C01074,ITEM_050,play,3,2026-06-17
C00775,ITEM_056,view,1,2026-04-26
C00796,ITEM_021,view,1,2026-02-06
C00410,ITEM_003,purchase,5,2026-02-21
C00841,ITEM_030,play,3,2026-05-23
C00427,ITEM_039,play,3,2026-06-16
C00062,ITEM_034,view,1,2026-05-01
C00296,ITEM_009,view,1,2026-03-14
C00733,ITEM_016,view,1,2026-05-28
C01154,ITEM_058,view,1,2026-02-16
C00594,ITEM_072,view,1,2026-01-24
C01032,ITEM_078,play,3,2026-03-11
C00933,ITEM_040,view,1,2026-03-26
C00673,ITEM_049,view,1,2026-04-21
C00965,ITEM_048,play,3,2026-05-04
C00481,ITEM_030,purchase,5,2026-05-11
C00531,ITEM_026,view,1,2026-02-06
C00884,ITEM_005,view,1,2026-04-30
C00766,ITEM_002,play,3,2026-01-09
C00633,ITEM_026,purchase,5,2026-06-15
C00519,ITEM_029,play,3,2026-03-21
C01171,ITEM_042,view,1,2026-06-22
C00078,ITEM_077,play,3,2026-06-06
C00066,ITEM_070,play,3,2026-02-05
C00574,ITEM_015,view,1,2026-01-21
C00041,ITEM_041,view,1,2026-06-14
C00409,ITEM_044,play,3,2026-03-30
C00682,ITEM_078,play,3,2026-01-20
C00486,ITEM_032,view,1,2026-04-20
C00243,ITEM_029,play,3,2026-06-22
C00341,ITEM_060,play,3,2026-04-19
C00725,ITEM_000,view,1,2026-02-16
C01141,ITEM_007,view,1,2026-03-02
C00937,ITEM_050,view,1,2026-02-17
C00656,ITEM_026,purchase,5,2026-04-07
C00165,ITEM_017,view,1,2026-03-17
C00291,ITEM_066,play,3,2026-03-03
C00528,ITEM_019,view,1,2026-02-02
C00296,ITEM_002,play,3,2026-01-06
C00826,ITEM_001,purchase,5,2026-05-29
C00439,ITEM_072,purchase,5,2026-05-25
C01000,ITEM_042,play,3,2026-01-23
C00322,ITEM_001,view,1,2026-02-11
C00595,ITEM_019,view,1,2026-03-21
C00857,ITEM_026,view,1,2026-04-18
C00247,ITEM_079,play,3,2026-06-13
C00913,ITEM_043,view,1,2026-05-06
C00702,ITEM_066,view,1,2026-04-25
C00777,ITEM_035,view,1,2026-05-14
C00545,ITEM_057,play,3,2026-04-20
C01122,ITEM_002,view,1,2026-06-17
C00926,ITEM_028,view,1,2026-06-29
C00230,ITEM_036,view,1,2026-03-23
C00666,ITEM_005,view,1,2026-01-05
C01083,ITEM_021,play,3,2026-06-28
C00335,ITEM_053,play,3,2026-02-27
C00643,ITEM_054,play,3,2026-02-18
C00905,ITEM_001,view,1,2026-01-23
C00327,ITEM_021,view,1,2026-05-18
C00621,ITEM_035,play,3,2026-02-03
C00663,ITEM_021,view,1,2026-06-23
C00213,ITEM_004,play,3,2026-02-08
C00213,ITEM_003,purchase,5,2026-01-14
C00675,ITEM_044,view,1,2026-04-23
C00214,ITEM_029,play,3,2026-02-07
C01137,ITEM_044,view,1,2026-02-18
C00628,ITEM_056,view,1,2026-01-19
C00846,ITEM_042,view,1,2026-04-30
C00476,ITEM_044,play,3,2026-02-09
C00358,ITEM_057,purchase,5,2026-05-13
C00583,ITEM_014,view,1,2026-02-16
C00853,ITEM_018,play,3,2026-03-14
C00477,ITEM_058,view,1,2026-03-30
C00339,ITEM_019,view,1,2026-04-07
C00172,ITEM_069,play,3,2026-05-30
C00651,ITEM_033,play,3,2026-01-24
C00815,ITEM_006,play,3,2026-02-11
C00631,ITEM_056,purchase,5,2026-05-16
C00305,ITEM_034,view,1,2026-06-03
C00296,ITEM_009,view,1,2026-03-17
C00452,ITEM_017,view,1,2026-01-02
C00417,ITEM_070,play,3,2026-05-31
C00244,ITEM_036,view,1,2026-04-21
C01130,ITEM_020,view,1,2026-04-05
C00395,ITEM_043,play,3,2026-03-12
C00300,ITEM_010,view,1,2026-05-06
C00727,ITEM_031,play,3,2026-02-21
C00961,ITEM_047,purchase,5,2026-03-06
C00557,ITEM_076,view,1,2026-05-19
C00800,ITEM_022,view,1,2026-03-08
C00114,ITEM_066,purchase,5,2026-06-20
C00639,ITEM_032,play,3,2026-03-20
C00079,ITEM_071,view,1,2026-04-12
C00165,ITEM_004,play,3,2026-04-25
C00710,ITEM_010,view,1,2026-05-06
C00245,ITEM_037,play,3,2026-04-02
C00043,ITEM_063,view,1,2026-03-07
C00214,ITEM_024,view,1,2026-05-25
C00927,ITEM_009,play,3,2026-05-09
C00704,ITEM_013,view,1,2026-01-10
C00458,ITEM_023,play,3,2026-04-23
C01168,ITEM_030,play,3,2026-06-12
C00462,ITEM_045,purchase,5,2026-04-11
C01052,ITEM_061,view,1,2026-06-16
C00413,ITEM_010,view,1,2026-03-12
C00030,ITEM_061,view,1,2026-02-13
C00132,ITEM_078,view,1,2026-03-31
C00328,ITEM_028,view,1,2026-01-19
C00223,ITEM_016,view,1,2026-01-12
C00188,ITEM_077,view,1,2026-04-13
C00460,ITEM_072,purchase,5,2026-01-06
C01170,ITEM_010,view,1,2026-01-12
C00240,ITEM_067,view,1,2026-03-23
C00282,ITEM_068,play,3,2026-02-11
C01194,ITEM_024,view,1,2026-02-02
C00241,ITEM_078,play,3,2026-04-02
C00996,ITEM_015,play,3,2026-02-28
C00745,ITEM_045,play,3,2026-04-21
C01113,ITEM_056,play,3,2026-03-18
C00667,ITEM_004,play,3,2026-02-04
C00712,ITEM_073,purchase,5,2026-05-07
C00271,ITEM_073,view,1,2026-06-17
C00689,ITEM_030,view,1,2026-05-11
C00804,ITEM_034,play,3,2026-02-02
C01184,ITEM_029,view,1,2026-04-11
C00116,ITEM_013,view,1,2026-01-28
C00188,ITEM_070,play,3,2026-01-05
C00023,ITEM_071,view,1,2026-01-30
C00948,ITEM_045,view,1,2026-05-26
C00098,ITEM_034,play,3,2026-06-17
C01098,ITEM_054,view,1,2026-04-18
C00437,ITEM_039,view,1,2026-06-08
C00346,ITEM_060,play,3,2026-03-15
C01170,ITEM_045,play,3,2026-01-06
C00864,ITEM_013,view,1,2026-06-12
C00656,ITEM_072,view,1,2026-05-11
C01066,ITEM_034,view,1,2026-04-29
C00905,ITEM_040,play,3,2026-01-14
C00764,ITEM_053,view,1,2026-06-23
C00385,ITEM_071,purchase,5,2026-01-14
C01183,ITEM_033,play,3,2026-01-03
C00863,ITEM_013,view,1,2026-01-14
C01134,ITEM_008,play,3,2026-06-19
C01159,ITEM_049,purchase,5,2026-05-30
C00659,ITEM_033,play,3,2026-01-21
C00429,ITEM_042,view,1,2026-03-18
C01136,ITEM_067,view,1,2026-04-06
C01198,ITEM_026,play,3,2026-04-11
C00146,ITEM_051,play,3,2026-02-06
C00766,ITEM_017,view,1,2026-01-06
C00722,ITEM_055,view,1,2026-01-06
C00898,ITEM_005,purchase,5,2026-06-12
C01170,ITEM_016,view,1,2026-04-22
C00302,ITEM_020,view,1,2026-06-26
C01170,ITEM_015,view,1,2026-06-04
C00771,ITEM_054,view,1,2026-02-12
C00099,ITEM_031,view,1,2026-01-17
C00613,ITEM_022,view,1,2026-04-29
C00160,ITEM_021,view,1,2026-02-10
C01147,ITEM_058,view,1,2026-05-03
C00915,ITEM_043,view,1,2026-06-24
C01085,ITEM_070,view,1,2026-06-23
C00723,ITEM_040,view,1,2026-02-15
C00476,ITEM_055,view,1,2026-03-29
C00514,ITEM_073,view,1,2026-05-08
C01136,ITEM_064,play,3,2026-02-12
C00181,ITEM_060,view,1,2026-04-12
C01061,ITEM_045,play,3,2026-03-06
C00506,ITEM_069,view,1,2026-04-14
C00708,ITEM_075,view,1,2026-04-26
C00800,ITEM_009,view,1,2026-06-07
C00098,ITEM_061,view,1,2026-03-27
C00178,ITEM_001,view,1,2026-02-21
C00192,ITEM_025,play,3,2026-01-15
C00934,ITEM_064,view,1,2026-05-06
C00092,ITEM_057,view,1,2026-05-26
C00733,ITEM_049,view,1,2026-03-15
C00129,ITEM_053,purchase,5,2026-06-05
C00921,ITEM_012,view,1,2026-03-27
C01172,ITEM_060,view,1,2026-03-28
C00496,ITEM_008,view,1,2026-01-09
C00254,ITEM_025,purchase,5,2026-04-05
C00533,ITEM_006,purchase,5,2026-04-18
C00829,ITEM_040,view,1,2026-03-30
C00872,ITEM_068,view,1,2026-04-07
C00763,ITEM_070,play,3,2026-04-06
C00698,ITEM_000,view,1,2026-05-06
C00757,ITEM_078,view,1,2026-01-19
C00260,ITEM_016,view,1,2026-04-06
C00248,ITEM_028,view,1,2026-03-20
C01117,ITEM_022,view,1,2026-03-04
C00695,ITEM_038,play,3,2026-03-22
C01033,ITEM_000,play,3,2026-05-03
C00750,ITEM_026,view,1,2026-06-29
C00546,ITEM_024,view,1,2026-02-09
C00684,ITEM_057,view,1,2026-01-09
C00830,ITEM_068,play,3,2026-03-04
C00223,ITEM_003,view,1,2026-02-26
C00554,ITEM_032,view,1,2026-01-13
C00867,ITEM_076,view,1,2026-03-31
C00104,ITEM_074,view,1,2026-04-04
C00087,ITEM_043,view,1,2026-06-02
C00192,ITEM_060,view,1,2026-05-06
C00709,ITEM_021,play,3,2026-03-25
C00286,ITEM_064,view,1,2026-04-29
C00523,ITEM_002,play,3,2026-02-22
C00160,ITEM_041,view,1,2026-01-29
C00300,ITEM_044,view,1,2026-04-07
C00021,ITEM_013,play,3,2026-03-31
C00968,ITEM_046,purchase,5,2026-02-23
C00559,ITEM_075,view,1,2026-06-11
C00211,ITEM_055,play,3,2026-04-09
C00631,ITEM_011,play,3,2026-04-13
C01119,ITEM_042,play,3,2026-05-05
C00989,ITEM_056,view,1,2026-02-22
C01061,ITEM_041,view,1,2026-04-06
C00487,ITEM_012,view,1,2026-06-11
C00432,ITEM_024,view,1,2026-04-20
C00379,ITEM_036,view,1,2026-06-03
C00366,ITEM_015,play,3,2026-01-07
C01103,ITEM_033,view,1,2026-05-10
C00164,ITEM_020,view,1,2026-04-29
C01021,ITEM_011,view,1,2026-06-11
C01099,ITEM_029,view,1,2026-06-24
C01012,ITEM_001,play,3,2026-01-26
C00753,ITEM_061,play,3,2026-03-30
C01026,ITEM_003,view,1,2026-06-17
C00038,ITEM_009,view,1,2026-05-25
C00980,ITEM_024,view,1,2026-01-19
C00613,ITEM_051,purchase,5,2026-04-09
C01150,ITEM_035,view,1,2026-03-04
C00102,ITEM_003,view,1,2026-05-07
C01116,ITEM_026,view,1,2026-04-03
C00688,ITEM_003,view,1,2026-02-25
C00124,ITEM_034,view,1,2026-03-17
C00610,ITEM_021,purchase,5,2026-06-24
C00044,ITEM_071,view,1,2026-03-07
C00099,ITEM_028,view,1,2026-02-08
C00638,ITEM_047,view,1,2026-01-21
C00979,ITEM_015,view,1,2026-01-29
C00129,ITEM_038,purchase,5,2026-01-10
C00314,ITEM_070,play,3,2026-01-09
C00469,ITEM_002,purchase,5,2026-04-06
C00649,ITEM_024,play,3,2026-04-08
C00000,ITEM_028,play,3,2026-05-24
C00766,ITEM_037,view,1,2026-04-22
C00597,ITEM_033,view,1,2026-02-04
C01154,ITEM_079,play,3,2026-04-27
C00361,ITEM_011,play,3,2026-03-21
C00592,ITEM_020,view,1,2026-02-01
C00097,ITEM_037,view,1,2026-04-28
C01100,ITEM_049,play,3,2026-04-28
C01000,ITEM_006,view,1,2026-03-18
C00425,ITEM_059,view,1,2026-01-30
C00552,ITEM_042,view,1,2026-01-06
C01028,ITEM_021,view,1,2026-05-16
C00354,ITEM_030,view,1,2026-01-29
C00282,ITEM_004,play,3,2026-02-19
C00290,ITEM_053,play,3,2026-05-02
C00848,ITEM_063,view,1,2026-03-17
C00253,ITEM_079,view,1,2026-05-28
C00106,ITEM_023,view,1,2026-03-08
C00198,ITEM_021,view,1,2026-06-10
C01183,ITEM_025,view,1,2026-03-08
C01047,ITEM_010,play,3,2026-01-15
C01144,ITEM_033,play,3,2026-05-10
C00332,ITEM_009,view,1,2026-04-29
C00530,ITEM_003,play,3,2026-06-29
C00588,ITEM_027,view,1,2026-01-18
C00628,ITEM_068,play,3,2026-04-05
C00032,ITEM_077,view,1,2026-05-08
C00717,ITEM_069,play,3,2026-03-14
C00046,ITEM_076,view,1,2026-02-17
C00330,ITEM_069,view,1,2026-02-22
C00350,ITEM_052,view,1,2026-01-02
C00809,ITEM_014,play,3,2026-04-23
C01075,ITEM_064,purchase,5,2026-05-21
C00838,ITEM_078,play,3,2026-03-23
C00522,ITEM_039,play,3,2026-01-08
C00630,ITEM_052,view,1,2026-05-20
C00614,ITEM_030,play,3,2026-06-13
C00177,ITEM_047,play,3,2026-04-20
C01148,ITEM_001,view,1,2026-01-16
C01103,ITEM_057,view,1,2026-03-16
C00288,ITEM_041,view,1,2026-04-13
C00138,ITEM_060,view,1,2026-06-21
C00198,ITEM_029,view,1,2026-03-31
C00755,ITEM_033,play,3,2026-01-03
C00035,ITEM_011,play,3,2026-05-07
C00123,ITEM_046,view,1,2026-05-05
C00777,ITEM_073,purchase,5,2026-02-12
C00175,ITEM_046,play,3,2026-03-15
C00082,ITEM_071,view,1,2026-01-08
C00024,ITEM_000,purchase,5,2026-01-22
C00846,ITEM_059,play,3,2026-02-25
C00436,ITEM_000,view,1,2026-01-17
C00341,ITEM_034,purchase,5,2026-02-19
C00767,ITEM_037,view,1,2026-04-27
C00204,ITEM_037,view,1,2026-03-10
C00625,ITEM_044,view,1,2026-01-27
C00580,ITEM_061,play,3,2026-04-23
C00809,ITEM_056,purchase,5,2026-06-04
C00748,ITEM_004,view,1,2026-04-17
C00810,ITEM_060,view,1,2026-02-25
C00255,ITEM_031,view,1,2026-05-26
C00168,ITEM_046,play,3,2026-03-03
C00640,ITEM_073,view,1,2026-01-03
C00068,ITEM_022,view,1,2026-04-29
C00545,ITEM_048,view,1,2026-05-10
C00750,ITEM_049,view,1,2026-02-09
C00985,ITEM_040,purchase,5,2026-03-09
C00783,ITEM_020,purchase,5,2026-01-02
C01193,ITEM_059,view,1,2026-03-26
C00668,ITEM_065,play,3,2026-03-22
C00535,ITEM_075,play,3,2026-02-16
C00294,ITEM_033,view,1,2026-04-06
C00807,ITEM_010,view,1,2026-05-03
C00972,ITEM_071,play,3,2026-03-22
C00385,ITEM_048,view,1,2026-05-24
C00090,ITEM_010,play,3,2026-03-24
C00012,ITEM_062,view,1,2026-03-15
C00758,ITEM_056,play,3,2026-04-30
C00795,ITEM_066,view,1,2026-01-31
C00144,ITEM_034,view,1,2026-06-02
C00027,ITEM_037,view,1,2026-04-19
C00785,ITEM_010,view,1,2026-03-07
C00477,ITEM_034,play,3,2026-02-12
C00501,ITEM_044,play,3,2026-05-23
C00314,ITEM_069,view,1,2026-01-03
C00861,ITEM_016,view,1,2026-01-12
C00893,ITEM_003,view,1,2026-04-20
C00062,ITEM_023,view,1,2026-03-28
C00106,ITEM_016,purchase,5,2026-01-31
C00666,ITEM_036,view,1,2026-03-09
C00723,ITEM_056,play,3,2026-05-21
C00173,ITEM_029,view,1,2026-03-25
C00189,ITEM_027,view,1,2026-04-06
C00818,ITEM_031,play,3,2026-01-17
C00545,ITEM_078,play,3,2026-05-10
C00143,ITEM_031,view,1,2026-01-25
C00731,ITEM_057,play,3,2026-02-12
C00088,ITEM_001,play,3,2026-02-22
C00276,ITEM_008,view,1,2026-03-19
C00855,ITEM_029,view,1,2026-02-19
C00266,ITEM_042,view,1,2026-05-27
C00076,ITEM_031,view,1,2026-03-11
C01151,ITEM_021,play,3,2026-01-07
C00269,ITEM_047,view,1,2026-03-24
C00617,ITEM_020,view,1,2026-01-23
C00989,ITEM_038,view,1,2026-02-09
C01187,ITEM_008,view,1,2026-04-17
C00971,ITEM_013,view,1,2026-04-22
C00407,ITEM_072,play,3,2026-04-30
C01024,ITEM_047,play,3,2026-03-09
C00015,ITEM_024,purchase,5,2026-05-31
C00391,ITEM_002,play,3,2026-01-11
C00239,ITEM_062,view,1,2026-03-10
C00633,ITEM_026,play,3,2026-02-13
C01069,ITEM_036,play,3,2026-01-08
C00928,ITEM_049,play,3,2026-04-11
C01197,ITEM_005,view,1,2026-01-11
C00164,ITEM_049,view,1,2026-04-20
C00902,ITEM_079,view,1,2026-06-03
C00869,ITEM_014,view,1,2026-05-24
C00547,ITEM_074,view,1,2026-05-03
C00116,ITEM_027,view,1,2026-02-14
C00125,ITEM_000,play,3,2026-04-28
C01095,ITEM_036,view,1,2026-04-12
C00354,ITEM_016,view,1,2026-03-30
C00764,ITEM_032,play,3,2026-03-27
C01134,ITEM_013,play,3,2026-01-26
C00591,ITEM_054,view,1,2026-06-02
C00251,ITEM_029,view,1,2026-05-31
C00581,ITEM_059,view,1,2026-05-12
C00275,ITEM_016,play,3,2026-04-09
C00217,ITEM_003,play,3,2026-01-24
C00973,ITEM_026,view,1,2026-04-25
C00415,ITEM_059,purchase,5,2026-06-22
C00821,ITEM_078,play,3,2026-01-24
C00872,ITEM_070,play,3,2026-03-05
C00659,ITEM_000,view,1,2026-06-13
C00649,ITEM_073,purchase,5,2026-06-21
C00216,ITEM_031,view,1,2026-03-22
C00635,ITEM_004,view,1,2026-02-21
C00901,ITEM_019,view,1,2026-02-21
C00234,ITEM_070,view,1,2026-03-26
C00278,ITEM_047,view,1,2026-02-27
C00828,ITEM_013,view,1,2026-04-10
C01178,ITEM_063,view,1,2026-01-15
C00470,ITEM_027,view,1,2026-01-12
C00993,ITEM_009,play,3,2026-01-01
C00219,ITEM_030,play,3,2026-05-09
C00683,ITEM_061,view,1,2026-06-16
C01132,ITEM_023,view,1,2026-01-19
C00529,ITEM_012,view,1,2026-06-14
C00608,ITEM_023,play,3,2026-01-30
C00186,ITEM_063,play,3,2026-01-09
C00633,ITEM_013,view,1,2026-02-22
C00702,ITEM_036,purchase,5,2026-02-22
C01177,ITEM_052,play,3,2026-06-22
C00241,ITEM_005,play,3,2026-01-21
C00439,ITEM_046,play,3,2026-06-25
C00776,ITEM_062,view,1,2026-06-05
C01131,ITEM_049,purchase,5,2026-03-30
C00285,ITEM_014,purchase,5,2026-05-02
C00833,ITEM_041,play,3,2026-04-06
C01055,ITEM_072,play,3,2026-06-13
C00759,ITEM_017,purchase,5,2026-02-08
C00512,ITEM_012,play,3,2026-06-22
C00281,ITEM_046,view,1,2026-03-17
C00345,ITEM_033,view,1,2026-06-17
C00062,ITEM_052,view,1,2026-06-27
C00182,ITEM_048,play,3,2026-06-02
C00525,ITEM_004,view,1,2026-05-23
C00168,ITEM_058,view,1,2026-03-20
C00012,ITEM_079,purchase,5,2026-05-06
C00831,ITEM_011,view,1,2026-02-14
C00085,ITEM_046,view,1,2026-02-20
C00169,ITEM_029,play,3,2026-05-14
C00714,ITEM_051,view,1,2026-05-18
C01106,ITEM_047,view,1,2026-02-17
C00869,ITEM_045,play,3,2026-06-23
C00039,ITEM_011,purchase,5,2026-05-03
C00201,ITEM_055,view,1,2026-06-27
C00888,ITEM_053,view,1,2026-03-28
C00879,ITEM_052,view,1,2026-04-18
C00469,ITEM_015,play,3,2026-04-28
C01139,ITEM_063,view,1,2026-01-29
C01066,ITEM_017,view,1,2026-02-20
C00891,ITEM_012,play,3,2026-06-23
C00897,ITEM_026,purchase,5,2026-05-02
C00941,ITEM_013,view,1,2026-04-08
C00178,ITEM_026,view,1,2026-01-01
C00840,ITEM_017,play,3,2026-01-07
C01127,ITEM_006,view,1,2026-04-11
C00269,ITEM_077,play,3,2026-01-15
C00017,ITEM_054,view,1,2026-01-26
C00433,ITEM_028,view,1,2026-04-14
C00323,ITEM_030,view,1,2026-06-22
C01139,ITEM_025,view,1,2026-05-31
C00535,ITEM_059,play,3,2026-03-25
C00793,ITEM_018,play,3,2026-06-19
C01178,ITEM_007,play,3,2026-04-20
C00946,ITEM_038,play,3,2026-06-19
C00898,ITEM_017,view,1,2026-02-12
C01162,ITEM_072,purchase,5,2026-04-15
C00826,ITEM_028,play,3,2026-06-16
C00277,ITEM_053,view,1,2026-06-26
C00872,ITEM_031,play,3,2026-06-04
C00386,ITEM_015,play,3,2026-01-27
C00397,ITEM_025,view,1,2026-04-22
C00773,ITEM_066,view,1,2026-01-18
C00378,ITEM_006,view,1,2026-03-10
C00029,ITEM_075,purchase,5,2026-01-06
C01199,ITEM_001,play,3,2026-05-17
C00685,ITEM_057,play,3,2026-05-20
C00804,ITEM_055,purchase,5,2026-01-17
C00970,ITEM_047,view,1,2026-06-14
C00761,ITEM_005,purchase,5,2026-06-01
C00732,ITEM_053,view,1,2026-06-01
C00950,ITEM_005,play,3,2026-03-22
C00354,ITEM_058,view,1,2026-06-19
C00994,ITEM_062,view,1,2026-06-26
C00868,ITEM_068,view,1,2026-04-09
C00218,ITEM_031,view,1,2026-03-10
C00175,ITEM_052,view,1,2026-05-18
C01055,ITEM_014,view,1,2026-01-08
C01073,ITEM_042,play,3,2026-03-02
C01192,ITEM_057,purchase,5,2026-01-01
C00121,ITEM_014,view,1,2026-05-18
C01074,ITEM_066,view,1,2026-01-08
C01036,ITEM_029,view,1,2026-05-16
C00921,ITEM_074,play,3,2026-04-12
C00597,ITEM_006,view,1,2026-03-20
C00610,ITEM_017,purchase,5,2026-04-24
C00514,ITEM_058,view,1,2026-01-08
C00035,ITEM_015,view,1,2026-05-27
C00600,ITEM_079,purchase,5,2026-02-17
C00284,ITEM_075,view,1,2026-06-01
C00240,ITEM_007,view,1,2026-06-09
C00067,ITEM_067,purchase,5,2026-04-10
C00549,ITEM_035,view,1,2026-04-16
C00057,ITEM_067,view,1,2026-06-16
C01019,ITEM_056,view,1,2026-03-14
C01067,ITEM_025,play,3,2026-03-13
C00961,ITEM_002,play,3,2026-06-20
C00361,ITEM_025,view,1,2026-03-14
C00195,ITEM_035,view,1,2026-03-07
C00605,ITEM_042,view,1,2026-01-02
C00808,ITEM_063,view,1,2026-03-01
C00024,ITEM_065,play,3,2026-02-14
C01028,ITEM_023,view,1,2026-05-19
C00526,ITEM_015,play,3,2026-04-01
C00983,ITEM_052,play,3,2026-03-05
C00093,ITEM_059,view,1,2026-06-18
C00510,ITEM_048,play,3,2026-03-22
C00549,ITEM_049,play,3,2026-03-16
C00057,ITEM_056,view,1,2026-05-11
C00848,ITEM_032,view,1,2026-02-17
C01117,ITEM_019,play,3,2026-03-19
C00648,ITEM_063,play,3,2026-05-08
C00475,ITEM_013,play,3,2026-02-28
C00763,ITEM_004,view,1,2026-03-19
C00433,ITEM_001,play,3,2026-01-03
C00431,ITEM_031,play,3,2026-05-23
C00911,ITEM_038,view,1,2026-06-04
C00709,ITEM_043,view,1,2026-05-01
C00316,ITEM_014,view,1,2026-04-05
C00488,ITEM_034,play,3,2026-06-10
C01001,ITEM_052,view,1,2026-06-03
C00634,ITEM_023,play,3,2026-03-26
C00091,ITEM_043,view,1,2026-04-22
C01028,ITEM_021,play,3,2026-06-18
C00888,ITEM_066,view,1,2026-02-06
C00320,ITEM_035,play,3,2026-05-21
C01158,ITEM_064,view,1,2026-03-07
C01142,ITEM_027,play,3,2026-01-17
C01194,ITEM_028,purchase,5,2026-03-17
C00453,ITEM_060,view,1,2026-04-04
C01108,ITEM_023,view,1,2026-05-14
C00967,ITEM_057,view,1,2026-01-28
C01044,ITEM_006,view,1,2026-04-09
C00656,ITEM_067,play,3,2026-04-30
C00334,ITEM_060,view,1,2026-04-25
C00272,ITEM_045,play,3,2026-05-30
C01159,ITEM_039,view,1,2026-05-16
C00602,ITEM_029,purchase,5,2026-03-25
C01113,ITEM_026,view,1,2026-02-19
C00665,ITEM_024,purchase,5,2026-06-08
C00641,ITEM_056,view,1,2026-06-08
C00087,ITEM_016,purchase,5,2026-01-24
C00482,ITEM_021,play,3,2026-03-23
C00667,ITEM_031,view,1,2026-05-16
C00131,ITEM_038,play,3,2026-04-30
C00194,ITEM_021,view,1,2026-06-07
C00708,ITEM_034,view,1,2026-02-09
C00297,ITEM_064,view,1,2026-06-19
C00840,ITEM_021,play,3,2026-02-12
C00552,ITEM_013,play,3,2026-01-18
C00484,ITEM_063,view,1,2026-05-13
C00140,ITEM_021,play,3,2026-06-17
C00487,ITEM_056,view,1,2026-03-05
C00650,ITEM_076,view,1,2026-01-29
C00687,ITEM_041,view,1,2026-06-07
C00324,ITEM_043,view,1,2026-01-18
C00033,ITEM_055,play,3,2026-04-30
C01121,ITEM_010,view,1,2026-01-23
C01149,ITEM_007,view,1,2026-04-30
C01084,ITEM_014,view,1,2026-01-21
C00347,ITEM_034,play,3,2026-03-10
C00723,ITEM_067,play,3,2026-03-25
C00169,ITEM_048,view,1,2026-06-12
C01086,ITEM_068,play,3,2026-05-08
C00006,ITEM_031,view,1,2026-06-20
C00564,ITEM_064,play,3,2026-04-08
C01028,ITEM_057,view,1,2026-02-16
C00870,ITEM_008,view,1,2026-03-18
C01035,ITEM_041,view,1,2026-04-03
C00595,ITEM_050,view,1,2026-04-12
C00114,ITEM_030,view,1,2026-06-13
C00009,ITEM_061,play,3,2026-06-11
C00182,ITEM_033,view,1,2026-01-19
C00069,ITEM_056,view,1,2026-05-23
C00537,ITEM_057,play,3,2026-02-23
C00060,ITEM_017,play,3,2026-04-16
C00222,ITEM_005,purchase,5,2026-06-21
C00503,ITEM_070,view,1,2026-06-08
C00882,ITEM_067,play,3,2026-03-29
C00809,ITEM_076,play,3,2026-01-09
C00069,ITEM_004,view,1,2026-06-21
C01083,ITEM_055,view,1,2026-06-13
C00659,ITEM_010,view,1,2026-03-10
C00418,ITEM_038,view,1,2026-01-25
C00459,ITEM_064,play,3,2026-04-05
C01018,ITEM_020,play,3,2026-05-25
C00557,ITEM_029,view,1,2026-03-23
C00294,ITEM_039,view,1,2026-01-04
C00509,ITEM_036,purchase,5,2026-03-24
C00082,ITEM_001,view,1,2026-04-03
C00183,ITEM_029,view,1,2026-06-15
C00377,ITEM_067,purchase,5,2026-05-26
C00264,ITEM_007,view,1,2026-05-06
C00419,ITEM_027,play,3,2026-03-14
C00077,ITEM_048,play,3,2026-06-20
C00732,ITEM_030,view,1,2026-02-11
C00138,ITEM_055,view,1,2026-03-01
C00260,ITEM_021,play,3,2026-06-02
C01173,ITEM_015,view,1,2026-06-28
C00007,ITEM_073,view,1,2026-05-27
C00335,ITEM_060,view,1,2026-05-08
C00600,ITEM_023,play,3,2026-06-18
C00368,ITEM_007,view,1,2026-01-24
C00384,ITEM_035,view,1,2026-05-01
C00152,ITEM_061,view,1,2026-03-16
C00508,ITEM_049,view,1,2026-04-18
C00906,ITEM_056,play,3,2026-02-14
C00705,ITEM_042,play,3,2026-03-29
C01108,ITEM_072,view,1,2026-02-12
C00839,ITEM_009,play,3,2026-04-26
C00947,ITEM_065,play,3,2026-06-17
C00518,ITEM_077,play,3,2026-01-11
C00735,ITEM_067,view,1,2026-06-22
C00693,ITEM_022,view,1,2026-04-29
C00975,ITEM_076,play,3,2026-01-03
C00601,ITEM_077,view,1,2026-04-15
C00485,ITEM_067,view,1,2026-01-25
C00084,ITEM_025,view,1,2026-05-25
C01031,ITEM_063,view,1,2026-02-20
C00522,ITEM_068,view,1,2026-01-11
C00958,ITEM_015,view,1,2026-06-02
C00813,ITEM_020,view,1,2026-04-07
C00002,ITEM_060,view,1,2026-04-20
C00781,ITEM_064,view,1,2026-05-30
C00585,ITEM_050,view,1,2026-04-12
C00287,ITEM_043,purchase,5,2026-05-24
C00317,ITEM_076,view,1,2026-04-18
C00765,ITEM_027,view,1,2026-01-06
C00103,ITEM_057,play,3,2026-06-21
C00727,ITEM_076,view,1,2026-06-22
C01015,ITEM_020,view,1,2026-02-19
C00104,ITEM_005,view,1,2026-04-28
C00009,ITEM_013,view,1,2026-01-23
C00072,ITEM_053,view,1,2026-02-21
C00876,ITEM_022,view,1,2026-04-20
C01017,ITEM_057,view,1,2026-03-04
C01185,ITEM_038,view,1,2026-06-24
C00034,ITEM_068,view,1,2026-01-15
C00578,ITEM_052,play,3,2026-05-08
C00057,ITEM_047,view,1,2026-04-21
C00445,ITEM_017,view,1,2026-06-10
C00369,ITEM_026,view,1,2026-05-26
C00726,ITEM_018,play,3,2026-06-11
C01090,ITEM_004,view,1,2026-05-23
C00965,ITEM_024,play,3,2026-02-09
C00076,ITEM_075,view,1,2026-03-18
C00288,ITEM_064,purchase,5,2026-05-04
C00329,ITEM_018,view,1,2026-06-29
C00300,ITEM_029,play,3,2026-06-05
C00423,ITEM_057,view,1,2026-04-27
C00728,ITEM_006,view,1,2026-01-19
C00887,ITEM_057,play,3,2026-03-17
C01127,ITEM_043,purchase,5,2026-04-28
C00843,ITEM_056,play,3,2026-05-19
C00358,ITEM_000,view,1,2026-02-18
C00220,ITEM_074,view,1,2026-03-26
C00452,ITEM_053,view,1,2026-05-28
C00959,ITEM_013,play,3,2026-05-31
C01191,ITEM_067,view,1,2026-02-10
C00470,ITEM_002,view,1,2026-02-15
C00211,ITEM_013,view,1,2026-03-09
C00005,ITEM_063,purchase,5,2026-04-26
C00092,ITEM_067,view,1,2026-05-02
C00764,ITEM_007,view,1,2026-05-17
C00707,ITEM_054,view,1,2026-04-11
C00771,ITEM_064,view,1,2026-06-15
C00029,ITEM_007,view,1,2026-01-22
C00524,ITEM_005,play,3,2026-04-05
C00216,ITEM_018,view,1,2026-02-10
C00403,ITEM_017,view,1,2026-04-08
C00746,ITEM_018,view,1,2026-06-09
C00330,ITEM_063,view,1,2026-06-09
C00791,ITEM_016,play,3,2026-06-27
C00346,ITEM_042,view,1,2026-03-30
C00612,ITEM_026,play,3,2026-05-05
C00550,ITEM_025,view,1,2026-03-27
C00460,ITEM_072,view,1,2026-01-02
C00151,ITEM_025,view,1,2026-02-21
C00691,ITEM_017,view,1,2026-05-14
C01188,ITEM_018,view,1,2026-01-10
C00772,ITEM_074,view,1,2026-04-26
C00894,ITEM_066,play,3,2026-03-24
C00964,ITEM_043,view,1,2026-03-16
C00045,ITEM_044,view,1,2026-05-13
C00951,ITEM_041,view,1,2026-02-11
C00290,ITEM_046,view,1,2026-02-16
C00797,ITEM_053,view,1,2026-01-30
C01180,ITEM_004,view,1,2026-01-20
C01073,ITEM_064,view,1,2026-01-16
C00497,ITEM_060,play,3,2026-01-19
C01005,ITEM_076,view,1,2026-04-26
C00742,ITEM_034,view,1,2026-02-23
C00159,ITEM_000,play,3,2026-03-02
C00287,ITEM_029,view,1,2026-05-16
C01148,ITEM_031,play,3,2026-04-04
C01098,ITEM_048,view,1,2026-01-14
C01070,ITEM_014,view,1,2026-04-05
C00461,ITEM_006,view,1,2026-04-29
C00385,ITEM_012,play,3,2026-04-20
C00967,ITEM_054,view,1,2026-06-06
C00024,ITEM_011,view,1,2026-04-18
C01076,ITEM_050,view,1,2026-05-27
C00724,ITEM_056,view,1,2026-04-04
C00759,ITEM_045,view,1,2026-04-25
C00526,ITEM_004,view,1,2026-01-28
C01175,ITEM_009,play,3,2026-06-28
C00899,ITEM_066,purchase,5,2026-01-05
C00064,ITEM_049,purchase,5,2026-06-24
C00629,ITEM_060,view,1,2026-04-14
C01031,ITEM_075,view,1,2026-03-02
C00091,ITEM_032,play,3,2026-03-18
C00884,ITEM_071,play,3,2026-01-14
C00293,ITEM_034,view,1,2026-03-15
C00607,ITEM_072,play,3,2026-01-13
C01059,ITEM_054,view,1,2026-03-19
C00590,ITEM_017,play,3,2026-01-25
C00045,ITEM_000,purchase,5,2026-01-21
C00024,ITEM_073,purchase,5,2026-05-09
C00884,ITEM_030,view,1,2026-02-02
C01117,ITEM_069,view,1,2026-03-02
C00350,ITEM_014,view,1,2026-04-30
C01122,ITEM_036,play,3,2026-04-01
C00543,ITEM_014,view,1,2026-04-03
C00070,ITEM_009,view,1,2026-03-21
C00637,ITEM_044,view,1,2026-04-20
C01168,ITEM_035,view,1,2026-04-28
C00300,ITEM_019,purchase,5,2026-01-24
C01152,ITEM_026,play,3,2026-06-23
C00782,ITEM_030,view,1,2026-05-27
C00475,ITEM_017,view,1,2026-03-18
C00832,ITEM_057,view,1,2026-03-09
C00480,ITEM_023,view,1,2026-05-11
C00102,ITEM_049,view,1,2026-04-21
C01044,ITEM_059,play,3,2026-05-25
C00448,ITEM_026,play,3,2026-03-25
C00678,ITEM_005,view,1,2026-03-21
C00893,ITEM_003,purchase,5,2026-03-26
C00099,ITEM_046,purchase,5,2026-02-23
C00865,ITEM_002,play,3,2026-05-21
C00438,ITEM_009,purchase,5,2026-05-24
C00653,ITEM_039,view,1,2026-01-20
C00548,ITEM_022,purchase,5,2026-01-17
C00933,ITEM_033,purchase,5,2026-01-14
C00225,ITEM_056,play,3,2026-03-01
C00129,ITEM_063,view,1,2026-01-19
C00493,ITEM_030,view,1,2026-04-13
C00141,ITEM_006,view,1,2026-06-29
C00291,ITEM_015,play,3,2026-05-07
C00788,ITEM_067,view,1,2026-06-16
C00982,ITEM_001,play,3,2026-01-27
C00832,ITEM_017,play,3,2026-05-07
C00381,ITEM_077,view,1,2026-05-12
C00977,ITEM_028,view,1,2026-03-22
C00487,ITEM_002,play,3,2026-05-15
C00217,ITEM_068,view,1,2026-01-16
C00907,ITEM_059,purchase,5,2026-04-21
C00620,ITEM_067,play,3,2026-05-28
C00444,ITEM_054,view,1,2026-03-12
C00792,ITEM_041,view,1,2026-02-04
C00869,ITEM_056,play,3,2026-01-02
C00268,ITEM_006,play,3,2026-02-19
C00140,ITEM_008,view,1,2026-05-28
C00620,ITEM_047,purchase,5,2026-06-01
C00061,ITEM_037,view,1,2026-04-22
C00766,ITEM_060,view,1,2026-02-16
C00527,ITEM_074,view,1,2026-02-16
C00257,ITEM_020,play,3,2026-06-02
C00718,ITEM_026,purchase,5,2026-04-16
C00450,ITEM_014,view,1,2026-05-22
C00466,ITEM_064,view,1,2026-03-08
C00259,ITEM_039,view,1,2026-05-31
C00811,ITEM_027,play,3,2026-03-26
C01083,ITEM_059,play,3,2026-05-02
C00742,ITEM_037,view,1,2026-06-03
C00284,ITEM_040,play,3,2026-03-05
C01000,ITEM_066,play,3,2026-05-22
C00145,ITEM_019,play,3,2026-04-28
C00347,ITEM_052,play,3,2026-03-31
C00042,ITEM_069,view,1,2026-05-30
C01018,ITEM_070,purchase,5,2026-03-21
C00053,ITEM_069,view,1,2026-05-15
C00655,ITEM_016,purchase,5,2026-01-14
C00229,ITEM_052,view,1,2026-06-05
C00254,ITEM_045,play,3,2026-06-23
C00729,ITEM_005,view,1,2026-06-27
C00964,ITEM_043,view,1,2026-06-01
C00021,ITEM_018,purchase,5,2026-05-05
C00190,ITEM_041,view,1,2026-05-14
C00344,ITEM_049,view,1,2026-06-17
C01132,ITEM_055,play,3,2026-05-12
C00069,ITEM_062,view,1,2026-02-18
C00214,ITEM_046,view,1,2026-01-29
C00484,ITEM_037,purchase,5,2026-06-25
C00390,ITEM_077,view,1,2026-01-26
C00058,ITEM_024,view,1,2026-06-13
C00648,ITEM_023,play,3,2026-06-18
C00729,ITEM_070,play,3,2026-01-08
C00212,ITEM_077,view,1,2026-05-26
C00826,ITEM_030,view,1,2026-04-17
C00068,ITEM_068,view,1,2026-03-12
C00877,ITEM_073,view,1,2026-04-01
C00310,ITEM_068,view,1,2026-03-19
C00269,ITEM_042,purchase,5,2026-05-27
C00235,ITEM_060,view,1,2026-03-16
C01042,ITEM_049,view,1,2026-01-23
C00602,ITEM_002,purchase,5,2026-03-13
C00828,ITEM_009,view,1,2026-04-05
C00244,ITEM_075,purchase,5,2026-03-23
C00067,ITEM_021,play,3,2026-04-01
C00045,ITEM_013,view,1,2026-06-27
C00528,ITEM_077,view,1,2026-03-13
C00391,ITEM_027,view,1,2026-05-28
C00921,ITEM_057,view,1,2026-06-28
C00946,ITEM_063,view,1,2026-05-30
C00373,ITEM_038,view,1,2026-04-08
C00520,ITEM_050,view,1,2026-06-28
C00457,ITEM_041,play,3,2026-03-16
C00810,ITEM_036,view,1,2026-02-20
C00755,ITEM_007,view,1,2026-06-04
C00781,ITEM_008,view,1,2026-06-15
C00066,ITEM_062,view,1,2026-01-26
C00405,ITEM_068,play,3,2026-02-27
C01160,ITEM_005,play,3,2026-02-21
C00410,ITEM_024,view,1,2026-05-28
C00209,ITEM_030,view,1,2026-02-20
C00239,ITEM_003,view,1,2026-04-30
C00032,ITEM_032,play,3,2026-06-18
C00936,ITEM_076,view,1,2026-06-13
C00006,ITEM_048,play,3,2026-06-08
C00715,ITEM_072,view,1,2026-04-06
C00479,ITEM_033,view,1,2026-04-20
C00113,ITEM_060,view,1,2026-05-11
C01061,ITEM_076,view,1,2026-02-27
C00890,ITEM_043,view,1,2026-04-01
C00983,ITEM_063,view,1,2026-03-26
C01123,ITEM_015,view,1,2026-05-25
C01094,ITEM_076,purchase,5,2026-04-13
C00840,ITEM_078,view,1,2026-03-22
C00640,ITEM_041,play,3,2026-04-08
C00836,ITEM_008,view,1,2026-01-31
C00538,ITEM_024,view,1,2026-02-16
C00217,ITEM_024,view,1,2026-05-25
C00463,ITEM_078,play,3,2026-01-24
C00560,ITEM_004,play,3,2026-05-03
C00055,ITEM_006,play,3,2026-06-13
C01016,ITEM_066,view,1,2026-05-04
C01091,ITEM_074,view,1,2026-04-26
C00503,ITEM_020,play,3,2026-05-10
C00595,ITEM_007,play,3,2026-01-27
C01009,ITEM_075,view,1,2026-01-25
C00546,ITEM_064,play,3,2026-06-28
C00825,ITEM_058,play,3,2026-03-18
C00618,ITEM_062,view,1,2026-03-16
C00325,ITEM_075,view,1,2026-01-29
C00952,ITEM_052,view,1,2026-05-12
C00231,ITEM_008,view,1,2026-01-07
C00269,ITEM_062,play,3,2026-02-01
C00829,ITEM_006,purchase,5,2026-02-10
C00851,ITEM_007,view,1,2026-06-17
C01145,ITEM_038,view,1,2026-06-21
C00852,ITEM_029,view,1,2026-01-15
C00029,ITEM_045,view,1,2026-01-26
C01019,ITEM_026,play,3,2026-06-22
C00496,ITEM_067,view,1,2026-04-25
C00010,ITEM_078,view,1,2026-05-11
C00694,ITEM_077,play,3,2026-04-13
C00204,ITEM_037,view,1,2026-02-10
C00499,ITEM_042,view,1,2026-05-12
C00565,ITEM_003,play,3,2026-02-02
C00089,ITEM_070,view,1,2026-01-06
C01020,ITEM_020,view,1,2026-05-31
C00612,ITEM_019,view,1,2026-03-10
C01158,ITEM_067,view,1,2026-01-08
C00557,ITEM_078,purchase,5,2026-03-20
C00713,ITEM_071,play,3,2026-01-21
C00974,ITEM_001,view,1,2026-03-26
C00254,ITEM_074,view,1,2026-05-02
C01090,ITEM_033,view,1,2026-03-02
C00221,ITEM_011,play,3,2026-01-14
C01195,ITEM_012,play,3,2026-06-10
C00767,ITEM_055,view,1,2026-04-08
C00622,ITEM_064,view,1,2026-01-05
C00252,ITEM_032,purchase,5,2026-04-14
C00682,ITEM_048,play,3,2026-06-16
C00663,ITEM_058,view,1,2026-01-04
C01180,ITEM_033,view,1,2026-05-22
C01001,ITEM_065,view,1,2026-03-09
C00579,ITEM_023,view,1,2026-05-08
C00467,ITEM_020,view,1,2026-01-06
C00464,ITEM_038,view,1,2026-06-13
C00454,ITEM_040,play,3,2026-06-24
C00016,ITEM_025,play,3,2026-04-09
C00043,ITEM_026,view,1,2026-02-08
C00901,ITEM_024,view,1,2026-01-28
C00304,ITEM_036,view,1,2026-05-05
C00493,ITEM_055,view,1,2026-05-23
C00837,ITEM_023,play,3,2026-05-02
C00729,ITEM_054,view,1,2026-03-30
C00432,ITEM_027,purchase,5,2026-05-20
C00902,ITEM_015,play,3,2026-05-13
C00189,ITEM_021,play,3,2026-03-02
C00567,ITEM_065,view,1,2026-05-20
C00126,ITEM_023,view,1,2026-02-03
C00637,ITEM_051,purchase,5,2026-05-28
C00114,ITEM_046,play,3,2026-04-06
C01129,ITEM_055,purchase,5,2026-05-15
C00790,ITEM_048,view,1,2026-05-05
C00294,ITEM_079,view,1,2026-01-18
C00735,ITEM_073,view,1,2026-05-16
C00419,ITEM_025,view,1,2026-05-22
C00622,ITEM_031,view,1,2026-01-09
C00200,ITEM_029,purchase,5,2026-02-10
C00600,ITEM_052,play,3,2026-05-16
C00128,ITEM_039,view,1,2026-03-06
C00183,ITEM_077,view,1,2026-01-21
C00700,ITEM_057,view,1,2026-06-03
C00600,ITEM_037,view,1,2026-04-05
C00352,ITEM_025,purchase,5,2026-03-12
C00071,ITEM_062,play,3,2026-04-10
C00508,ITEM_066,view,1,2026-03-13
C01111,ITEM_077,play,3,2026-01-23
C00849,ITEM_043,view,1,2026-04-12
C00069,ITEM_063,purchase,5,2026-06-23
C01125,ITEM_070,play,3,2026-06-21
C00508,ITEM_006,view,1,2026-04-25
C00690,ITEM_011,play,3,2026-01-30
C00000,ITEM_015,view,1,2026-02-10
C00372,ITEM_018,play,3,2026-02-26
C00943,ITEM_023,view,1,2026-01-10
C00396,ITEM_000,view,1,2026-01-26
C00199,ITEM_054,play,3,2026-05-20
C00108,ITEM_048,view,1,2026-03-19
C01109,ITEM_053,view,1,2026-06-01
C00975,ITEM_062,play,3,2026-01-12
C00052,ITEM_010,view,1,2026-01-17
C01110,ITEM_026,view,1,2026-05-05
C00984,ITEM_035,view,1,2026-02-16
C00431,ITEM_021,view,1,2026-02-10
C00787,ITEM_033,purchase,5,2026-04-26
C00309,ITEM_037,view,1,2026-06-14
C00299,ITEM_055,view,1,2026-03-17
C00857,ITEM_017,view,1,2026-05-18
C00242,ITEM_020,view,1,2026-03-03
C00426,ITEM_022,view,1,2026-06-01
C00429,ITEM_019,view,1,2026-03-18
C00180,ITEM_066,view,1,2026-01-28
C00994,ITEM_047,play,3,2026-04-01
C00808,ITEM_064,view,1,2026-02-22
C01034,ITEM_006,view,1,2026-02-03
C00628,ITEM_056,view,1,2026-02-03
C00210,ITEM_053,view,1,2026-03-11
C00335,ITEM_062,play,3,2026-01-02
C00424,ITEM_035,view,1,2026-01-13
C01130,ITEM_059,view,1,2026-04-17
C00284,ITEM_042,view,1,2026-01-02
C00831,ITEM_064,view,1,2026-05-19
C00147,ITEM_064,view,1,2026-06-25
C01147,ITEM_067,view,1,2026-02-03
C00775,ITEM_014,play,3,2026-01-10
C00516,ITEM_057,play,3,2026-02-07
C00415,ITEM_016,view,1,2026-01-08
C00425,ITEM_038,view,1,2026-02-18
C00270,ITEM_072,view,1,2026-06-10
C00719,ITEM_010,play,3,2026-05-28
C01039,ITEM_059,view,1,2026-06-25
C00289,ITEM_024,view,1,2026-05-27
C00897,ITEM_021,view,1,2026-06-02
C00679,ITEM_004,view,1,2026-04-17
C00928,ITEM_057,play,3,2026-01-26
C00923,ITEM_066,view,1,2026-05-19
C00047,ITEM_036,view,1,2026-04-26
C00025,ITEM_015,view,1,2026-06-23
C01098,ITEM_049,play,3,2026-05-06
C00186,ITEM_078,purchase,5,2026-04-09
C00689,ITEM_062,view,1,2026-05-19
C00903,ITEM_060,view,1,2026-04-29
C00604,ITEM_003,view,1,2026-01-21
C00007,ITEM_071,purchase,5,2026-04-21
C00012,ITEM_048,play,3,2026-03-12
C00803,ITEM_051,view,1,2026-01-30
C01077,ITEM_027,view,1,2026-02-19
C00412,ITEM_070,view,1,2026-05-31
C00652,ITEM_041,view,1,2026-04-28
C01120,ITEM_019,play,3,2026-01-11
C00990,ITEM_029,play,3,2026-03-03
C00648,ITEM_017,view,1,2026-05-04
C00786,ITEM_075,purchase,5,2026-04-02
C01153,ITEM_064,purchase,5,2026-05-20
C00956,ITEM_047,view,1,2026-04-23
C00499,ITEM_061,view,1,2026-01-07
C00831,ITEM_067,play,3,2026-06-05
C00394,ITEM_027,view,1,2026-04-13
C01105,ITEM_020,purchase,5,2026-06-15
C00112,ITEM_073,view,1,2026-02-09
C00270,ITEM_029,play,3,2026-05-05
C00415,ITEM_003,view,1,2026-01-06
C00242,ITEM_062,view,1,2026-01-29
C00714,ITEM_017,play,3,2026-06-08
C00855,ITEM_018,view,1,2026-06-10
C01068,ITEM_056,view,1,2026-06-21
C00601,ITEM_079,view,1,2026-02-06
C00745,ITEM_007,view,1,2026-06-10
C00718,ITEM_052,view,1,2026-01-10
C00004,ITEM_026,view,1,2026-03-14
C00850,ITEM_071,view,1,2026-03-20
C00027,ITEM_071,view,1,2026-05-23
C00656,ITEM_008,view,1,2026-05-04
C01199,ITEM_003,play,3,2026-03-06
C00945,ITEM_033,view,1,2026-01-27
C00607,ITEM_005,play,3,2026-03-07
C00382,ITEM_026,view,1,2026-02-23
C01004,ITEM_013,view,1,2026-05-01
C01030,ITEM_077,view,1,2026-01-15
C00441,ITEM_056,view,1,2026-03-16
C00129,ITEM_011,view,1,2026-04-22
C00698,ITEM_049,play,3,2026-04-27
C00760,ITEM_059,view,1,2026-05-08
C01120,ITEM_064,view,1,2026-02-21
C01068,ITEM_050,play,3,2026-04-04
C00274,ITEM_046,view,1,2026-01-18
C00303,ITEM_068,play,3,2026-03-21
C01196,ITEM_020,view,1,2026-06-26
C00392,ITEM_078,view,1,2026-06-02
C00550,ITEM_017,view,1,2026-04-23
C00366,ITEM_064,view,1,2026-03-17
C00472,ITEM_077,view,1,2026-06-12
C00677,ITEM_020,purchase,5,2026-03-21
C00350,ITEM_052,view,1,2026-05-18
C00495,ITEM_066,purchase,5,2026-04-14
C00423,ITEM_023,view,1,2026-01-04
C00129,ITEM_042,view,1,2026-05-07
C00944,ITEM_064,view,1,2026-06-10
C01069,ITEM_052,purchase,5,2026-05-20
C00590,ITEM_064,view,1,2026-04-21
C00245,ITEM_022,play,3,2026-01-08
C00771,ITEM_040,view,1,2026-01-05
C00640,ITEM_065,play,3,2026-06-03
C00661,ITEM_018,play,3,2026-03-27
C00713,ITEM_035,play,3,2026-03-23
C00861,ITEM_042,view,1,2026-04-26
C00048,ITEM_064,view,1,2026-06-13
C00119,ITEM_060,purchase,5,2026-03-20
C00114,ITEM_034,view,1,2026-04-07
C00185,ITEM_076,view,1,2026-04-11
C01166,ITEM_049,play,3,2026-03-27
C00876,ITEM_049,play,3,2026-04-29
C00797,ITEM_008,view,1,2026-02-05
C00838,ITEM_018,play,3,2026-03-09
C00040,ITEM_007,view,1,2026-03-26
C00255,ITEM_001,view,1,2026-04-04
C00953,ITEM_076,view,1,2026-03-30
C00555,ITEM_022,play,3,2026-03-17
C00610,ITEM_058,play,3,2026-06-11
C00900,ITEM_041,play,3,2026-05-25
C00090,ITEM_013,view,1,2026-06-09
C00958,ITEM_065,purchase,5,2026-04-18
C00816,ITEM_047,view,1,2026-03-29
C00484,ITEM_060,view,1,2026-03-19
C00599,ITEM_062,purchase,5,2026-06-06
C00089,ITEM_065,play,3,2026-04-30
C00245,ITEM_047,purchase,5,2026-06-03
C00295,ITEM_012,play,3,2026-06-02
C01053,ITEM_035,view,1,2026-06-20
C00135,ITEM_058,view,1,2026-04-09
C00349,ITEM_066,play,3,2026-03-07
C00158,ITEM_041,view,1,2026-06-13
C00341,ITEM_004,play,3,2026-02-08
C00012,ITEM_079,view,1,2026-02-28
C00327,ITEM_050,view,1,2026-06-19
C00868,ITEM_044,play,3,2026-05-09
C00920,ITEM_037,purchase,5,2026-04-16
C00455,ITEM_034,view,1,2026-04-06
C00847,ITEM_051,view,1,2026-03-25
C00742,ITEM_050,view,1,2026-06-11
C01083,ITEM_023,view,1,2026-03-16
C00965,ITEM_031,play,3,2026-03-28
C00275,ITEM_012,view,1,2026-01-16
C00706,ITEM_025,view,1,2026-01-21
C00943,ITEM_077,play,3,2026-02-06
C00366,ITEM_020,play,3,2026-02-23
C00687,ITEM_069,view,1,2026-02-22
C00480,ITEM_035,purchase,5,2026-05-01
C00370,ITEM_072,view,1,2026-04-10
C00239,ITEM_045,view,1,2026-01-01
C00042,ITEM_061,play,3,2026-04-04
C00899,ITEM_031,view,1,2026-01-15
C00982,ITEM_005,purchase,5,2026-04-08
C00782,ITEM_028,view,1,2026-01-10
C00289,ITEM_050,purchase,5,2026-01-14
C00022,ITEM_018,view,1,2026-05-29
C00758,ITEM_030,view,1,2026-01-02
C00239,ITEM_003,play,3,2026-06-25
C00658,ITEM_026,play,3,2026-03-25
C01164,ITEM_007,play,3,2026-05-29
C00005,ITEM_019,view,1,2026-02-04
C00692,ITEM_030,view,1,2026-03-26
C01193,ITEM_014,view,1,2026-06-10
C00401,ITEM_006,view,1,2026-01-14
C00977,ITEM_011,view,1,2026-03-19
C00993,ITEM_052,play,3,2026-01-23
C00583,ITEM_009,view,1,2026-03-05
C00368,ITEM_002,view,1,2026-06-24
C00816,ITEM_056,play,3,2026-04-08
C00743,ITEM_037,purchase,5,2026-03-02
C00571,ITEM_074,view,1,2026-04-24
C00231,ITEM_030,play,3,2026-02-20
C00893,ITEM_030,play,3,2026-01-15
C00253,ITEM_003,view,1,2026-04-12
C00161,ITEM_008,play,3,2026-05-14
C00080,ITEM_067,purchase,5,2026-02-02
C00535,ITEM_017,play,3,2026-01-25
C00144,ITEM_005,view,1,2026-04-18
C00402,ITEM_059,view,1,2026-03-11
C00290,ITEM_079,play,3,2026-06-18
C00551,ITEM_027,view,1,2026-03-06
C00933,ITEM_030,view,1,2026-03-12
C00540,ITEM_053,view,1,2026-04-13
C00668,ITEM_008,play,3,2026-06-26
C00171,ITEM_016,view,1,2026-05-05
C00135,ITEM_069,purchase,5,2026-04-30
C01171,ITEM_060,view,1,2026-05-25
C00743,ITEM_011,play,3,2026-05-27
C00018,ITEM_052,view,1,2026-04-05
C00678,ITEM_076,play,3,2026-02-21
C00012,ITEM_017,play,3,2026-01-28
C00092,ITEM_017,view,1,2026-04-13
C00448,ITEM_074,view,1,2026-05-06
C00787,ITEM_076,purchase,5,2026-03-07
C00744,ITEM_041,play,3,2026-03-28
C00949,ITEM_038,view,1,2026-03-22
C00215,ITEM_017,view,1,2026-04-17
C00230,ITEM_004,purchase,5,2026-05-28
C00639,ITEM_045,play,3,2026-03-21
C01042,ITEM_012,view,1,2026-04-04
C00867,ITEM_033,view,1,2026-03-16
C00803,ITEM_075,view,1,2026-02-24
C00112,ITEM_073,play,3,2026-05-07
C01053,ITEM_036,play,3,2026-04-22
C01181,ITEM_024,view,1,2026-04-05
C00698,ITEM_078,view,1,2026-02-23
C00404,ITEM_070,view,1,2026-06-06
C00795,ITEM_048,view,1,2026-05-25
C00770,ITEM_059,purchase,5,2026-05-14
C01114,ITEM_035,play,3,2026-05-27
C00132,ITEM_054,view,1,2026-03-27
C00618,ITEM_044,view,1,2026-04-24
C00851,ITEM_014,view,1,2026-02-08
C00418,ITEM_005,play,3,2026-05-21
C01008,ITEM_006,view,1,2026-01-04
C00077,ITEM_063,view,1,2026-04-02
C00126,ITEM_069,purchase,5,2026-02-06
C00949,ITEM_041,view,1,2026-04-18
C00151,ITEM_045,play,3,2026-02-20
C00502,ITEM_073,view,1,2026-06-23
C00337,ITEM_077,view,1,2026-01-22
C00825,ITEM_057,play,3,2026-05-29
C00014,ITEM_041,play,3,2026-05-01
C00428,ITEM_035,play,3,2026-06-29
C01183,ITEM_047,view,1,2026-02-28
C00442,ITEM_059,view,1,2026-05-07
C00718,ITEM_079,view,1,2026-01-06
C01185,ITEM_053,view,1,2026-05-02
C00729,ITEM_057,view,1,2026-03-20
C00905,ITEM_002,view,1,2026-05-11
C01150,ITEM_028,view,1,2026-05-22
C00740,ITEM_022,view,1,2026-03-29
C00998,ITEM_066,view,1,2026-03-03
C00609,ITEM_020,view,1,2026-05-09
C00977,ITEM_023,play,3,2026-06-12
C00770,ITEM_052,purchase,5,2026-03-06
C00407,ITEM_042,view,1,2026-06-03
C00669,ITEM_032,view,1,2026-03-21
C00401,ITEM_019,play,3,2026-06-10
C00476,ITEM_071,view,1,2026-04-27
C00350,ITEM_079,play,3,2026-05-01
C00589,ITEM_005,view,1,2026-05-04
C00416,ITEM_074,play,3,2026-05-26
C00751,ITEM_065,view,1,2026-06-05
C00443,ITEM_069,play,3,2026-03-12
C00589,ITEM_035,view,1,2026-05-15
C00168,ITEM_032,view,1,2026-05-05
C00463,ITEM_049,view,1,2026-04-17
C00427,ITEM_058,view,1,2026-02-10
C01153,ITEM_074,purchase,5,2026-03-25
C00536,ITEM_020,view,1,2026-02-06
C00025,ITEM_077,view,1,2026-01-25
C00371,ITEM_031,view,1,2026-06-19
C00875,ITEM_053,view,1,2026-05-11
C00198,ITEM_064,play,3,2026-04-09
C00195,ITEM_052,play,3,2026-03-21
C00448,ITEM_004,view,1,2026-01-13
C00428,ITEM_070,view,1,2026-03-05
C00577,ITEM_003,play,3,2026-02-05
C00040,ITEM_043,view,1,2026-04-07
C00864,ITEM_052,play,3,2026-03-25
C00256,ITEM_020,view,1,2026-06-23
C00853,ITEM_061,view,1,2026-06-02
C00677,ITEM_047,view,1,2026-04-19
C00243,ITEM_030,view,1,2026-06-11
C00563,ITEM_012,play,3,2026-03-01
C00043,ITEM_053,view,1,2026-01-21
C00842,ITEM_008,play,3,2026-04-11
C00364,ITEM_072,view,1,2026-01-12
C00460,ITEM_009,play,3,2026-06-19
C00188,ITEM_007,view,1,2026-01-22
C00437,ITEM_016,view,1,2026-06-04
C00474,ITEM_066,view,1,2026-05-01
C00269,ITEM_067,view,1,2026-02-14
C01175,ITEM_046,view,1,2026-04-06
C00335,ITEM_063,view,1,2026-04-08
C00217,ITEM_033,view,1,2026-05-13
C00657,ITEM_079,view,1,2026-03-18
C00382,ITEM_004,view,1,2026-04-17
C00544,ITEM_049,play,3,2026-03-16
C00870,ITEM_030,purchase,5,2026-01-18
C00093,ITEM_028,play,3,2026-05-08
C00611,ITEM_063,purchase,5,2026-02-16
C00026,ITEM_061,purchase,5,2026-02-20
C00052,ITEM_043,view,1,2026-03-01
C00111,ITEM_069,view,1,2026-04-12
C00194,ITEM_014,view,1,2026-05-08
C00419,ITEM_006,view,1,2026-05-27
C01122,ITEM_018,play,3,2026-04-18
C01087,ITEM_007,play,3,2026-03-13
C00123,ITEM_067,view,1,2026-06-20
C01189,ITEM_041,play,3,2026-03-27
C00762,ITEM_034,play,3,2026-01-27
C00664,ITEM_039,view,1,2026-05-25
C00950,ITEM_007,view,1,2026-06-18
C00581,ITEM_051,purchase,5,2026-02-22
C00318,ITEM_077,play,3,2026-02-09
C00635,ITEM_011,view,1,2026-03-05
C00870,ITEM_020,view,1,2026-03-03
C00819,ITEM_062,play,3,2026-02-04
C00203,ITEM_063,play,3,2026-01-07
C01125,ITEM_022,view,1,2026-02-03
C00341,ITEM_001,purchase,5,2026-02-23
C00983,ITEM_057,view,1,2026-02-03
C00374,ITEM_020,purchase,5,2026-02-05
C00076,ITEM_064,play,3,2026-06-19
C01195,ITEM_026,play,3,2026-02-09
C00706,ITEM_078,purchase,5,2026-05-28
C00257,ITEM_068,play,3,2026-04-13
C00000,ITEM_005,view,1,2026-03-20
C00155,ITEM_059,play,3,2026-05-21
C00203,ITEM_057,view,1,2026-01-04
C01110,ITEM_024,view,1,2026-05-15
C00212,ITEM_073,play,3,2026-03-16
C00194,ITEM_062,view,1,2026-05-30
C01005,ITEM_021,view,1,2026-06-23
C01055,ITEM_064,view,1,2026-05-12
C00250,ITEM_056,view,1,2026-01-21
C00780,ITEM_040,view,1,2026-06-25
C00641,ITEM_071,play,3,2026-05-17
C00692,ITEM_040,view,1,2026-01-04
C00373,ITEM_021,play,3,2026-02-04
C00901,ITEM_040,view,1,2026-06-27
C01057,ITEM_038,view,1,2026-05-31
C00871,ITEM_013,view,1,2026-03-15
C01083,ITEM_045,view,1,2026-06-22
C00132,ITEM_065,play,3,2026-03-28
C00788,ITEM_070,purchase,5,2026-06-06
C01199,ITEM_057,view,1,2026-04-14
C00642,ITEM_039,view,1,2026-04-29
C01130,ITEM_067,view,1,2026-01-02
C00418,ITEM_074,view,1,2026-06-24
C01075,ITEM_065,view,1,2026-02-02
C01126,ITEM_063,view,1,2026-02-08
C00746,ITEM_062,play,3,2026-03-22
C00845,ITEM_039,view,1,2026-05-16
C00627,ITEM_062,play,3,2026-05-19
C00380,ITEM_030,view,1,2026-04-23
C00643,ITEM_075,view,1,2026-06-06
C01154,ITEM_070,purchase,5,2026-05-05
C00017,ITEM_048,view,1,2026-01-27
C00246,ITEM_057,view,1,2026-05-22
C00599,ITEM_066,view,1,2026-02-17
C00407,ITEM_046,play,3,2026-04-04
C00748,ITEM_064,view,1,2026-04-20
C00432,ITEM_059,view,1,2026-03-12
C00790,ITEM_021,view,1,2026-03-06
C00127,ITEM_012,view,1,2026-02-18
C00398,ITEM_045,view,1,2026-02-23
C00831,ITEM_000,view,1,2026-06-27
C00565,ITEM_058,view,1,2026-03-10
C00856,ITEM_054,view,1,2026-03-27
C00763,ITEM_008,play,3,2026-05-07
C00394,ITEM_024,play,3,2026-02-14
C00513,ITEM_042,view,1,2026-02-05
C01157,ITEM_058,view,1,2026-02-07
C01154,ITEM_000,view,1,2026-01-12
C00042,ITEM_044,view,1,2026-03-23
C00846,ITEM_019,view,1,2026-01-01
C00589,ITEM_031,play,3,2026-03-10
C00001,ITEM_038,view,1,2026-04-05
C00760,ITEM_015,view,1,2026-02-16
C00027,ITEM_024,play,3,2026-02-15
C00382,ITEM_032,view,1,2026-04-19
C00828,ITEM_061,view,1,2026-04-12
C00975,ITEM_022,play,3,2026-05-22
C00495,ITEM_050,view,1,2026-06-08
C00970,ITEM_028,view,1,2026-02-14
C01007,ITEM_021,view,1,2026-02-22
C00537,ITEM_008,view,1,2026-04-05
C00207,ITEM_001,view,1,2026-02-03
C00791,ITEM_027,play,3,2026-05-12
C00016,ITEM_020,play,3,2026-01-01
C01071,ITEM_060,view,1,2026-03-08
C00465,ITEM_041,play,3,2026-06-26
C00912,ITEM_004,play,3,2026-05-13
C00883,ITEM_060,view,1,2026-04-04
C00567,ITEM_031,view,1,2026-01-01
C01166,ITEM_048,view,1,2026-05-25
C00955,ITEM_010,view,1,2026-03-22
C01060,ITEM_004,play,3,2026-06-04
C00112,ITEM_008,play,3,2026-05-22
C00580,ITEM_037,play,3,2026-06-29
C01142,ITEM_070,view,1,2026-01-22
C00975,ITEM_076,view,1,2026-06-04
C00544,ITEM_064,view,1,2026-05-09
C00084,ITEM_072,view,1,2026-02-22
C00338,ITEM_061,view,1,2026-06-02
C00686,ITEM_059,view,1,2026-04-12
C00770,ITEM_033,play,3,2026-04-29
C01109,ITEM_022,view,1,2026-06-23
C00111,ITEM_050,view,1,2026-04-14
C00475,ITEM_001,view,1,2026-04-25
C00326,ITEM_014,play,3,2026-06-05
C01152,ITEM_036,view,1,2026-05-19
C00199,ITEM_050,view,1,2026-04-26
C00264,ITEM_029,view,1,2026-06-13
C00357,ITEM_061,view,1,2026-06-13
C00126,ITEM_054,view,1,2026-04-21
C00772,ITEM_020,play,3,2026-01-18
C00629,ITEM_005,view,1,2026-05-05
C00669,ITEM_021,view,1,2026-03-01
C01088,ITEM_073,view,1,2026-04-16
C00519,ITEM_018,view,1,2026-03-09
C00373,ITEM_058,purchase,5,2026-03-02
C00450,ITEM_054,play,3,2026-06-25
C00960,ITEM_077,view,1,2026-02-14
C00634,ITEM_073,view,1,2026-01-29
C00203,ITEM_069,view,1,2026-04-25
C00827,ITEM_024,view,1,2026-04-26
C00894,ITEM_034,view,1,2026-06-26
C00299,ITEM_039,play,3,2026-01-11
C00668,ITEM_052,play,3,2026-06-14
C00676,ITEM_011,view,1,2026-06-01
C00210,ITEM_067,play,3,2026-02-07
C00010,ITEM_051,view,1,2026-05-28
C00861,ITEM_016,view,1,2026-06-01
C00738,ITEM_003,view,1,2026-01-21
C00856,ITEM_000,view,1,2026-01-04
C00452,ITEM_028,view,1,2026-04-29
C00618,ITEM_024,purchase,5,2026-04-17
C01177,ITEM_012,view,1,2026-06-05
C00270,ITEM_034,view,1,2026-06-17
C00783,ITEM_001,view,1,2026-01-19
C00158,ITEM_049,view,1,2026-06-22
C00078,ITEM_035,view,1,2026-06-03
C01148,ITEM_021,view,1,2026-04-19
C00155,ITEM_036,view,1,2026-03-06
C00786,ITEM_035,view,1,2026-04-24
C00617,ITEM_067,view,1,2026-04-12
C00971,ITEM_051,play,3,2026-03-12
C00655,ITEM_018,purchase,5,2026-01-15
C00836,ITEM_065,view,1,2026-05-11
C01072,ITEM_026,play,3,2026-02-25
C00995,ITEM_018,play,3,2026-02-14
C00866,ITEM_058,view,1,2026-03-09
C00194,ITEM_063,play,3,2026-01-07
C00203,ITEM_000,view,1,2026-03-12
C00596,ITEM_075,purchase,5,2026-05-31
C00790,ITEM_050,view,1,2026-05-12
C00800,ITEM_032,view,1,2026-01-11
C00944,ITEM_060,play,3,2026-03-01
C00124,ITEM_044,purchase,5,2026-04-30
C00208,ITEM_076,view,1,2026-06-17
C00179,ITEM_000,purchase,5,2026-03-20
C00649,ITEM_042,play,3,2026-06-27
C00760,ITEM_056,play,3,2026-01-08
C00138,ITEM_002,play,3,2026-06-13
C01042,ITEM_069,play,3,2026-01-29
C00364,ITEM_027,view,1,2026-05-12
C00792,ITEM_001,play,3,2026-01-19
C00901,ITEM_030,view,1,2026-06-28
C00043,ITEM_067,purchase,5,2026-02-08
C01037,ITEM_076,play,3,2026-03-08
C01164,ITEM_011,play,3,2026-04-25
C01150,ITEM_031,view,1,2026-01-10
C00167,ITEM_067,view,1,2026-04-13
C00471,ITEM_001,view,1,2026-02-22
C00279,ITEM_043,view,1,2026-03-19
C00540,ITEM_043,play,3,2026-03-01
C01169,ITEM_029,play,3,2026-06-01
C00915,ITEM_025,play,3,2026-03-24
C00925,ITEM_075,view,1,2026-05-16
C00506,ITEM_028,purchase,5,2026-01-08
C01123,ITEM_048,play,3,2026-05-03
C01104,ITEM_060,play,3,2026-03-11
C00967,ITEM_003,view,1,2026-04-18
C00977,ITEM_066,play,3,2026-06-02
C00782,ITEM_061,view,1,2026-05-06
C00114,ITEM_015,view,1,2026-03-05
C00341,ITEM_014,view,1,2026-02-10
C00922,ITEM_045,play,3,2026-06-09
C00392,ITEM_073,view,1,2026-02-16
C00206,ITEM_071,purchase,5,2026-01-07
C01136,ITEM_013,play,3,2026-02-23
C00586,ITEM_048,view,1,2026-01-02
C01032,ITEM_039,view,1,2026-05-14
C00340,ITEM_055,view,1,2026-06-10
C00431,ITEM_041,play,3,2026-03-19
C00411,ITEM_045,play,3,2026-04-21
C00447,ITEM_045,view,1,2026-06-22
C00525,ITEM_001,view,1,2026-06-16
C00357,ITEM_042,view,1,2026-01-08
C00977,ITEM_011,view,1,2026-01-13
C00391,ITEM_035,play,3,2026-03-10
C00529,ITEM_043,view,1,2026-02-20
C01032,ITEM_057,view,1,2026-01-28
C00524,ITEM_067,view,1,2026-01-28
C00012,ITEM_012,play,3,2026-05-27
C00000,ITEM_046,view,1,2026-02-04
C00523,ITEM_062,view,1,2026-03-28
C00778,ITEM_026,view,1,2026-01-09
C01131,ITEM_002,purchase,5,2026-04-22
C00156,ITEM_074,view,1,2026-05-14
C00651,ITEM_067,view,1,2026-04-18
C00346,ITEM_056,view,1,2026-02-21
C00540,ITEM_059,view,1,2026-01-15
C00531,ITEM_024,play,3,2026-03-14
C00374,ITEM_063,play,3,2026-05-22
C00021,ITEM_079,view,1,2026-01-22
C00088,ITEM_023,play,3,2026-05-28
C00626,ITEM_037,play,3,2026-06-14
C00269,ITEM_067,view,1,2026-04-20
C00392,ITEM_017,view,1,2026-06-01
C00108,ITEM_055,play,3,2026-02-20
C00059,ITEM_002,play,3,2026-04-22
C00152,ITEM_077,view,1,2026-05-11
C00452,ITEM_005,view,1,2026-05-09
C00196,ITEM_001,purchase,5,2026-05-07
C00277,ITEM_033,view,1,2026-02-04
C00362,ITEM_063,view,1,2026-06-14
C00349,ITEM_016,view,1,2026-05-03
C00013,ITEM_049,play,3,2026-01-22
C00140,ITEM_027,play,3,2026-04-26
C01140,ITEM_079,view,1,2026-06-13
C00801,ITEM_037,view,1,2026-01-05
C00148,ITEM_035,view,1,2026-06-09
C00340,ITEM_001,play,3,2026-03-01
C00459,ITEM_022,view,1,2026-02-23
C01086,ITEM_001,view,1,2026-03-29
C01055,ITEM_070,view,1,2026-05-09
C00924,ITEM_038,view,1,2026-01-19
C00127,ITEM_026,view,1,2026-02-17
C00588,ITEM_019,purchase,5,2026-05-26
C00580,ITEM_056,play,3,2026-02-12
C00765,ITEM_051,view,1,2026-03-04
C01013,ITEM_026,play,3,2026-04-26
C00385,ITEM_022,play,3,2026-02-15
C00668,ITEM_075,purchase,5,2026-01-10
C00316,ITEM_004,purchase,5,2026-04-05
C00252,ITEM_042,view,1,2026-01-18
C00375,ITEM_077,view,1,2026-03-11
C00882,ITEM_025,view,1,2026-04-29
C00525,ITEM_004,view,1,2026-05-14
C00817,ITEM_065,view,1,2026-06-21
C00829,ITEM_072,play,3,2026-06-06
C00434,ITEM_004,view,1,2026-01-07
C01146,ITEM_030,play,3,2026-03-29
C00055,ITEM_007,purchase,5,2026-01-05
C01076,ITEM_071,view,1,2026-05-25
C00009,ITEM_066,play,3,2026-01-14
C00458,ITEM_065,play,3,2026-05-20
C00990,ITEM_025,view,1,2026-01-01
C00821,ITEM_057,purchase,5,2026-01-20
C00385,ITEM_014,view,1,2026-06-17
C01062,ITEM_011,view,1,2026-02-03
C00165,ITEM_046,view,1,2026-03-27
C00804,ITEM_077,view,1,2026-04-04
C00622,ITEM_020,view,1,2026-05-05
C00248,ITEM_037,play,3,2026-06-18
C01104,ITEM_078,view,1,2026-03-16
C00918,ITEM_034,view,1,2026-04-19
C00010,ITEM_065,view,1,2026-06-29
C00104,ITEM_054,view,1,2026-01-20
C00067,ITEM_071,view,1,2026-03-28
C00498,ITEM_026,view,1,2026-02-24
C00500,ITEM_066,view,1,2026-06-19
C00868,ITEM_065,play,3,2026-04-21
C00811,ITEM_070,purchase,5,2026-04-27
C00018,ITEM_072,view,1,2026-02-03
C00571,ITEM_027,play,3,2026-06-20
C00941,ITEM_066,purchase,5,2026-01-13
C01077,ITEM_053,view,1,2026-03-31
C00350,ITEM_007,view,1,2026-05-06
C00052,ITEM_072,view,1,2026-06-08
C00183,ITEM_057,view,1,2026-02-19
C00408,ITEM_054,view,1,2026-03-02
C00531,ITEM_005,view,1,2026-01-07
C00421,ITEM_079,view,1,2026-04-30
C00108,ITEM_077,view,1,2026-02-05
C00408,ITEM_069,view,1,2026-04-22
C00347,ITEM_026,view,1,2026-01-16
C00585,ITEM_005,view,1,2026-03-29
C00094,ITEM_059,view,1,2026-03-28
C00948,ITEM_040,view,1,2026-04-01
C00500,ITEM_020,view,1,2026-02-25
C00381,ITEM_022,play,3,2026-01-31
C01087,ITEM_053,view,1,2026-05-20
C00893,ITEM_070,play,3,2026-06-13
C00164,ITEM_046,play,3,2026-02-19
C00175,ITEM_074,view,1,2026-03-23
C00002,ITEM_045,view,1,2026-01-20
C00672,ITEM_045,view,1,2026-01-28
C00425,ITEM_028,view,1,2026-03-05
C00450,ITEM_004,play,3,2026-05-07
C00611,ITEM_020,play,3,2026-05-02
C00647,ITEM_027,view,1,2026-05-11
C00001,ITEM_049,view,1,2026-01-17
C00129,ITEM_015,play,3,2026-01-09
C00946,ITEM_040,view,1,2026-02-19
C01144,ITEM_042,view,1,2026-03-01
C01004,ITEM_040,play,3,2026-04-03
C01087,ITEM_078,view,1,2026-04-16
C00556,ITEM_015,play,3,2026-02-03
C00991,ITEM_027,play,3,2026-05-28
C01058,ITEM_029,view,1,2026-05-15
C01071,ITEM_058,view,1,2026-02-25
C00179,ITEM_052,view,1,2026-04-27
C00176,ITEM_066,play,3,2026-02-23
C00483,ITEM_042,view,1,2026-01-11
C00604,ITEM_066,view,1,2026-05-13
C01149,ITEM_002,play,3,2026-01-16
C00381,ITEM_011,view,1,2026-02-09
C00997,ITEM_048,view,1,2026-02-24
C01064,ITEM_018,play,3,2026-06-11
C01158,ITEM_023,view,1,2026-04-16
C00227,ITEM_017,view,1,2026-05-23
C00290,ITEM_011,view,1,2026-06-13
C00263,ITEM_023,view,1,2026-06-10
C00882,ITEM_073,view,1,2026-04-20
C00824,ITEM_003,view,1,2026-03-05
C00488,ITEM_079,purchase,5,2026-03-14
C00106,ITEM_043,view,1,2026-01-30
C00624,ITEM_061,view,1,2026-04-16
C00878,ITEM_059,play,3,2026-04-16
C00569,ITEM_004,view,1,2026-06-25
C00321,ITEM_020,purchase,5,2026-02-04
C00710,ITEM_069,view,1,2026-05-17
C00793,ITEM_051,view,1,2026-02-17
C00709,ITEM_029,view,1,2026-01-15
C01047,ITEM_043,view,1,2026-03-14
C00376,ITEM_034,purchase,5,2026-06-23
C00731,ITEM_007,purchase,5,2026-03-25
C01026,ITEM_074,view,1,2026-02-03
C00255,ITEM_019,view,1,2026-02-28
C00337,ITEM_069,view,1,2026-05-06
C00058,ITEM_019,view,1,2026-02-21
C00449,ITEM_048,view,1,2026-02-11
C00053,ITEM_039,view,1,2026-02-14
C00895,ITEM_070,view,1,2026-01-15
C00106,ITEM_050,view,1,2026-05-05
C00830,ITEM_047,play,3,2026-02-27
C00695,ITEM_024,view,1,2026-02-25
C01185,ITEM_069,view,1,2026-03-01
C00417,ITEM_010,view,1,2026-05-05
C00413,ITEM_040,play,3,2026-06-07
C00291,ITEM_021,play,3,2026-05-14
C00644,ITEM_036,view,1,2026-04-13
C00263,ITEM_003,play,3,2026-05-09
C00136,ITEM_055,play,3,2026-02-10
C01138,ITEM_059,view,1,2026-06-14
C00814,ITEM_055,view,1,2026-04-21
C00142,ITEM_055,purchase,5,2026-06-21
C00741,ITEM_002,view,1,2026-02-18
C00365,ITEM_053,view,1,2026-01-27
C00216,ITEM_026,view,1,2026-05-09
C00565,ITEM_049,view,1,2026-02-27
C00945,ITEM_051,play,3,2026-02-07
C00000,ITEM_023,play,3,2026-05-22
C00426,ITEM_010,play,3,2026-04-06
C01105,ITEM_009,view,1,2026-05-21
C00473,ITEM_035,play,3,2026-02-13
C00118,ITEM_047,view,1,2026-01-13
C00514,ITEM_000,play,3,2026-03-15
C00818,ITEM_058,view,1,2026-06-23
C01195,ITEM_019,view,1,2026-04-16
C00754,ITEM_064,purchase,5,2026-06-04
C00060,ITEM_055,purchase,5,2026-06-01
C00970,ITEM_058,view,1,2026-06-11
